{"type": "FeatureCollection", "features": [{"type": "Feature", "properties": {"cod": "05040", "archivo": "ANORI - LPR.kmz", "metros": 3024, "tramos": 17}, "geometry": {"type": "MultiLineString", "coordinates": [[[-75.147628, 7.07346], [-75.14754, 7.07356], [-75.147484, 7.073526]], [[-75.147431, 7.073629], [-75.147502, 7.073537]], [[-75.146654, 7.072803], [-75.146621, 7.072814], [-75.146609, 7.07282], [-75.146606, 7.072825], [-75.146603, 7.072827], [-75.1466, 7.072832], [-75.146597, 7.072837], [-75.146594, 7.07284], [-75.146593, 7.072842], [-75.146589, 7.072846], [-75.146588, 7.072848], [-75.146584, 7.072854], [-75.146582, 7.072857], [-75.146581, 7.07286], [-75.146577, 7.072865], [-75.146573, 7.072872], [-75.146571, 7.072875], [-75.146569, 7.072878], [-75.146566, 7.072881], [-75.146563, 7.072883], [-75.146561, 7.072885], [-75.146558, 7.072887], [-75.146551, 7.072892], [-75.146546, 7.072894], [-75.146541, 7.072896], [-75.146536, 7.072899], [-75.146533, 7.072902], [-75.14653, 7.072905], [-75.146528, 7.072908], [-75.146527, 7.072911], [-75.146526, 7.072913], [-75.146523, 7.072919], [-75.146522, 7.07292], [-75.146518, 7.072925], [-75.146517, 7.07293], [-75.146512, 7.072938], [-75.146508, 7.072944], [-75.146505, 7.07295], [-75.146503, 7.072953], [-75.146499, 7.072959], [-75.146496, 7.072966], [-75.146493, 7.072969], [-75.146491, 7.072972], [-75.14649, 7.072975], [-75.146488, 7.072981], [-75.146485, 7.072984], [-75.146483, 7.072986], [-75.14648, 7.07299], [-75.146477, 7.072993], [-75.146477, 7.072994], [-75.146471, 7.072998], [-75.146468, 7.073001], [-75.146465, 7.073003], [-75.146459, 7.073008], [-75.146456, 7.07301], [-75.146455, 7.073012], [-75.146452, 7.073016], [-75.14645, 7.07302], [-75.146446, 7.073024], [-75.146443, 7.073026], [-75.146439, 7.073028], [-75.146437, 7.073031], [-75.146433, 7.073034], [-75.14643, 7.073038], [-75.146417, 7.073037], [-75.146413, 7.07304], [-75.14641, 7.073043], [-75.146408, 7.073044], [-75.146404, 7.073047], [-75.146401, 7.073052], [-75.1464, 7.073056], [-75.146399, 7.073059], [-75.146398, 7.073061], [-75.146397, 7.073065], [-75.146397, 7.073069], [-75.146397, 7.073072], [-75.146396, 7.073075], [-75.146395, 7.073078], [-75.146394, 7.073082], [-75.146392, 7.073086], [-75.146389, 7.073089], [-75.146387, 7.073093], [-75.146385, 7.073095], [-75.146382, 7.073098], [-75.146379, 7.073102], [-75.146377, 7.073105], [-75.146376, 7.073107], [-75.146373, 7.073111], [-75.14637, 7.073115], [-75.146367, 7.073118], [-75.146366, 7.073121], [-75.146364, 7.073124], [-75.146361, 7.073129], [-75.14636, 7.073134], [-75.146357, 7.073138], [-75.146356, 7.073141], [-75.146356, 7.073146], [-75.146353, 7.07315], [-75.146352, 7.073152], [-75.14635, 7.073155]], [[-75.15341, 7.07327], [-75.15331, 7.07147]], [[-75.146657, 7.072815], [-75.14763, 7.07346]], [[-75.15342, 7.0733], [-75.147472, 7.073558]], [[-75.148568, 7.073721], [-75.147474, 7.073558]], [[-75.148012, 7.073732], [-75.147477, 7.073557]], [[-75.148418, 7.075002], [-75.147474, 7.073558]], [[-75.146986, 7.073627], [-75.147452, 7.073558]], [[-75.14996, 7.07442], [-75.15002, 7.07438], [-75.15003, 7.07444], [-75.14995, 7.07447], [-75.1498, 7.0745], [-75.14954, 7.07454], [-75.14933, 7.07472], [-75.14918, 7.07482], [-75.14909, 7.07488], [-75.1489, 7.07487], [-75.1488, 7.07477], [-75.14865, 7.0747], [-75.14859, 7.07478], [-75.14845, 7.07489], [-75.14829, 7.07493], [-75.1481, 7.07486], [-75.14789, 7.07473], [-75.14789, 7.07472], [-75.14768, 7.07457], [-75.14751, 7.07441], [-75.14744, 7.07422], [-75.14738, 7.07414], [-75.14731, 7.0741], [-75.14724, 7.07406], [-75.14722, 7.07396]], [[-75.147202, 7.073948], [-75.147238, 7.074052], [-75.147143, 7.074101], [-75.147085, 7.074191], [-75.146966, 7.074325], [-75.146844, 7.074422], [-75.146448, 7.074716], [-75.14637, 7.074687], [-75.145912, 7.074432]], [[-75.145902, 7.074454], [-75.146177, 7.074011], [-75.146414, 7.07364]], [[-75.147208, 7.073969], [-75.147214, 7.07396], [-75.147219, 7.073955], [-75.147229, 7.073938], [-75.147249, 7.073908], [-75.147261, 7.073892], [-75.147265, 7.073883], [-75.147266, 7.073882], [-75.147273, 7.073864], [-75.14728, 7.073854], [-75.14729, 7.073838], [-75.147297, 7.073828], [-75.147305, 7.07381], [-75.147306, 7.073807], [-75.147311, 7.073799], [-75.147316, 7.073789], [-75.147319, 7.073784], [-75.147325, 7.073777], [-75.147362, 7.073798], [-75.147539, 7.073559], [-75.147469, 7.073513]], [[-75.146527, 7.071875], [-75.146607, 7.072394], [-75.146653, 7.07279]], [[-75.153419, 7.073299], [-75.153517, 7.073285], [-75.153467, 7.073419], [-75.153414, 7.073552], [-75.153375, 7.073651], [-75.153316, 7.073784], [-75.153204, 7.073921], [-75.153114, 7.073975], [-75.152978, 7.073983], [-75.152708, 7.07395], [-75.152533, 7.07387], [-75.152266, 7.073702], [-75.152056, 7.073545], [-75.152, 7.073413], [-75.151913, 7.073272], [-75.151801, 7.073158], [-75.151738, 7.073088], [-75.151649, 7.073067], [-75.151535, 7.073151], [-75.151471, 7.073201], [-75.151445, 7.073392], [-75.151438, 7.073465], [-75.151431, 7.073538], [-75.151397, 7.073736], [-75.151144, 7.073929], [-75.150692, 7.074122], [-75.150375, 7.074245], [-75.149817, 7.074476], [-75.149672, 7.074394], [-75.149638, 7.074542]], [[-75.153518, 7.07328], [-75.153417, 7.073295], [-75.153437, 7.073204]]]}}, {"type": "Feature", "properties": {"cod": "05031", "archivo": "Amalfí FO CCTV EDS FINAL.kmz", "metros": 5732, "tramos": 17}, "geometry": {"type": "MultiLineString", "coordinates": [[[-75.07337, 6.907595], [-75.07336, 6.907709], [-75.070035, 6.907485]], [[-75.073092, 6.90519], [-75.07225, 6.905117], [-75.07215, 6.90594], [-75.07152, 6.90589], [-75.07121, 6.90601], [-75.07105, 6.90753]], [[-75.073462, 6.908575], [-75.073563, 6.907754], [-75.073567, 6.907717], [-75.07336, 6.907709]], [[-75.070009, 6.907479], [-75.069411, 6.907443]], [[-75.072491, 6.909408], [-75.072622, 6.908512], [-75.073473, 6.908565]], [[-75.073568, 6.907717], [-75.074506, 6.9078], [-75.074511, 6.907727]], [[-75.073471, 6.90857], [-75.076042, 6.908798], [-75.07612, 6.90802], [-75.07619, 6.90715], [-75.075435, 6.907095]], [[-75.076042, 6.908797], [-75.07583, 6.910467], [-75.079177, 6.910758], [-75.08452, 6.91118], [-75.08425, 6.91404], [-75.083651, 6.914005]], [[-75.083647, 6.914002], [-75.083615, 6.914202], [-75.083603, 6.914351], [-75.08358, 6.914496], [-75.083532, 6.914613], [-75.083681, 6.914642], [-75.083788, 6.91467], [-75.083843, 6.914681], [-75.083884, 6.914695], [-75.083926, 6.914706], [-75.083867, 6.915076]], [[-75.084469, 6.911185], [-75.084616, 6.9112]], [[-75.073054, 6.905239], [-75.073129, 6.905191], [-75.073259, 6.905204], [-75.073381, 6.905214], [-75.073524, 6.905222], [-75.073715, 6.905245], [-75.0739, 6.905275], [-75.073928, 6.905192], [-75.073928, 6.904959], [-75.073953, 6.904815], [-75.073973, 6.904676], [-75.073985, 6.904638], [-75.074002, 6.904499], [-75.074088, 6.904427]], [[-75.09207, 6.912336], [-75.091695, 6.912603], [-75.09137, 6.912493], [-75.091194, 6.912403], [-75.090975, 6.912235], [-75.090735, 6.912357], [-75.090484, 6.9123], [-75.090226, 6.912275], [-75.090017, 6.91206], [-75.08981, 6.911986], [-75.089542, 6.911952], [-75.089247, 6.911898], [-75.089017, 6.911856], [-75.088769, 6.911692], [-75.088576, 6.911702], [-75.088268, 6.911613], [-75.087987, 6.911597], [-75.087711, 6.911567], [-75.08749, 6.911528], [-75.086956, 6.911476], [-75.08658, 6.911337], [-75.086519, 6.911194], [-75.085652, 6.911175], [-75.084907, 6.911125], [-75.08458, 6.911073], [-75.084585, 6.911243]], [[-75.075459, 6.907137], [-75.075429, 6.906949], [-75.075459, 6.906745], [-75.075518, 6.906589], [-75.075562, 6.906278], [-75.075614, 6.906088], [-75.075668, 6.905865], [-75.075715, 6.905641], [-75.075654, 6.905449], [-75.075275, 6.905376], [-75.075023, 6.905404], [-75.074677, 6.90536], [-75.074511, 6.905342], [-75.074236, 6.905326], [-75.073793, 6.905236], [-75.07348, 6.905216], [-75.073126, 6.90519], [-75.073053, 6.905232]], [[-75.076119, 6.908006], [-75.075764, 6.907985], [-75.075227, 6.907938], [-75.074915, 6.907877], [-75.074916, 6.907951]], [[-75.076117, 6.908], [-75.076948, 6.90806], [-75.07681, 6.909746]], [[-75.076846, 6.909738], [-75.076873, 6.909735], [-75.077412, 6.909771], [-75.077428, 6.909584]], [[-75.076791, 6.909735], [-75.076697, 6.910156]]]}}, {"type": "Feature", "properties": {"cod": "05190", "archivo": "Cisneros_v3 FO CCTV EDS  FINAL.kmz", "metros": 5044, "tramos": 10}, "geometry": {"type": "MultiLineString", "coordinates": [[[-75.091871, 6.538985], [-75.092279, 6.538932], [-75.092686, 6.538816], [-75.092944, 6.538784], [-75.093357, 6.538719], [-75.093414, 6.538621], [-75.093417, 6.538611], [-75.093382, 6.538483], [-75.093254, 6.538489], [-75.093286, 6.538439], [-75.093234, 6.538033], [-75.093554, 6.537962], [-75.093882, 6.53791]], [[-75.089154, 6.538945], [-75.088159, 6.538539], [-75.088046, 6.538397]], [[-75.089271, 6.538555], [-75.089183, 6.538759], [-75.089153, 6.538939], [-75.089514, 6.539069], [-75.089443, 6.539274], [-75.089426, 6.539346], [-75.089268, 6.539279], [-75.089426, 6.53935], [-75.08937, 6.539558], [-75.089207, 6.539544], [-75.089089, 6.539461], [-75.088921, 6.539478]], [[-75.089432, 6.539351], [-75.089378, 6.539557], [-75.089519, 6.539737], [-75.089728, 6.539818], [-75.090097, 6.539804], [-75.090483, 6.539798], [-75.090659, 6.539953], [-75.091355, 6.539808], [-75.091484, 6.539727], [-75.091497, 6.539753], [-75.091573, 6.539624], [-75.091644, 6.539692], [-75.091902, 6.539762], [-75.092159, 6.539613], [-75.092068, 6.539386], [-75.091875, 6.538986], [-75.091696, 6.539011], [-75.091357, 6.539049], [-75.091108, 6.53906], [-75.09105, 6.539085], [-75.091046, 6.539037], [-75.091062, 6.538962], [-75.090541, 6.538779], [-75.090121, 6.538628], [-75.089541, 6.538356], [-75.08905, 6.538124], [-75.088969, 6.538103], [-75.088626, 6.537983], [-75.088629, 6.537964], [-75.08868, 6.537701], [-75.088749, 6.537424], [-75.088473, 6.53741], [-75.088137, 6.537455], [-75.087968, 6.537467], [-75.087896, 6.537471], [-75.087477, 6.537514], [-75.087359, 6.537519], [-75.087395, 6.537744], [-75.087416, 6.538279], [-75.087395, 6.537743], [-75.087361, 6.537526], [-75.087337, 6.537196], [-75.087321, 6.536788], [-75.087395, 6.536768], [-75.087033, 6.536392], [-75.08684, 6.536591], [-75.086267, 6.537022], [-75.086044, 6.537166], [-75.085617, 6.537291], [-75.085421, 6.537175], [-75.085292, 6.537185], [-75.085262, 6.537355], [-75.085239, 6.537772], [-75.085249, 6.538124], [-75.085014, 6.538099], [-75.084923, 6.538342], [-75.08525, 6.538485], [-75.085234, 6.538626], [-75.084982, 6.538702], [-75.085, 6.538629], [-75.084732, 6.538609], [-75.084424, 6.538674], [-75.084424, 6.538667], [-75.084455, 6.539218], [-75.084429, 6.539413], [-75.084479, 6.539407], [-75.084927, 6.539397], [-75.085423, 6.539325], [-75.085419, 6.539251], [-75.085468, 6.539159], [-75.085875, 6.539098], [-75.085872, 6.539047], [-75.086282, 6.539021], [-75.086967, 6.538902], [-75.08714, 6.538859], [-75.087528, 6.538849], [-75.087543, 6.538799], [-75.087695, 6.538742], [-75.087707, 6.538646], [-75.088008, 6.538609], [-75.08805, 6.538447]], [[-75.084435, 6.538671], [-75.0841, 6.538738], [-75.08351, 6.538814], [-75.083198, 6.538778], [-75.083077, 6.538807], [-75.082836, 6.53868], [-75.082803, 6.538672], [-75.082552, 6.538558], [-75.082385, 6.538478], [-75.082228, 6.538595], [-75.081905, 6.538726], [-75.081496, 6.538915], [-75.081242, 6.538994], [-75.081008, 6.539045], [-75.080704, 6.538965], [-75.080392, 6.538885], [-75.080191, 6.538828], [-75.079823, 6.538716], [-75.080196, 6.538827], [-75.080191, 6.538928], [-75.080121, 6.539145], [-75.080098, 6.539432], [-75.080057, 6.5397], [-75.080168, 6.539706]], [[-75.080165, 6.539707], [-75.080325, 6.539747], [-75.080333, 6.539698], [-75.080471, 6.539713]], [[-75.085264, 6.537156], [-75.085058, 6.536941], [-75.084885, 6.536817], [-75.084485, 6.536694], [-75.083969, 6.536551], [-75.083621, 6.536592], [-75.083365, 6.536584], [-75.083095, 6.536641], [-75.08275, 6.536629], [-75.082483, 6.536584], [-75.082288, 6.536495], [-75.081535, 6.536554], [-75.081256, 6.536554], [-75.080949, 6.536498], [-75.080553, 6.536464], [-75.079794, 6.536404], [-75.079428, 6.536353], [-75.079083, 6.536351], [-75.078639, 6.536263], [-75.078144, 6.53626]], [[-75.086279, 6.537012], [-75.086029, 6.537186], [-75.085335, 6.536206]], [[-75.087131, 6.538855], [-75.086672, 6.538966], [-75.086697, 6.53891], [-75.086624, 6.538665]], [[-75.084871, 6.538645], [-75.084722, 6.538612], [-75.084386, 6.538674], [-75.08438, 6.538838], [-75.084404, 6.538835]]]}}, {"type": "Feature", "properties": {"cod": "05604", "archivo": "Remedios_FO - LPR FINAL.kmz", "metros": 7388, "tramos": 14}, "geometry": {"type": "MultiLineString", "coordinates": [[[-74.699068, 7.02569], [-74.699051, 7.025755], [-74.699065, 7.02582], [-74.699103, 7.02588], [-74.699155, 7.025949], [-74.699268, 7.026089], [-74.699417, 7.026301], [-74.699461, 7.026458], [-74.699399, 7.026699], [-74.699346, 7.026781], [-74.699282, 7.02689], [-74.699137, 7.026894], [-74.698999, 7.026857], [-74.698697, 7.026811], [-74.698463, 7.026777], [-74.698286, 7.026917], [-74.698051, 7.027117], [-74.697803, 7.027371], [-74.697627, 7.027527], [-74.697508, 7.027579], [-74.697404, 7.02759], [-74.697324, 7.027578], [-74.697231, 7.027566], [-74.697136, 7.027534], [-74.697037, 7.027493], [-74.696982, 7.02753], [-74.696952, 7.027577], [-74.696909, 7.027638], [-74.696845, 7.027625], [-74.696708, 7.027595], [-74.69658, 7.027615], [-74.696432, 7.02762], [-74.696329, 7.02762], [-74.696229, 7.027667], [-74.696027, 7.027776], [-74.695902, 7.027837], [-74.695716, 7.027958], [-74.695557, 7.028068], [-74.695407, 7.028181], [-74.695291, 7.028208], [-74.695169, 7.028214], [-74.695028, 7.028132], [-74.694907, 7.028064], [-74.694751, 7.028011], [-74.694571, 7.028001], [-74.694349, 7.027934], [-74.694128, 7.027852], [-74.693972, 7.027795], [-74.693828, 7.027773], [-74.693739, 7.027735], [-74.693685, 7.027699], [-74.693651, 7.027625], [-74.693647, 7.027473], [-74.69364, 7.02739], [-74.693609, 7.027232], [-74.693517, 7.027223]], [[-74.691087, 7.029516], [-74.691341, 7.029177], [-74.691473, 7.028984], [-74.692011, 7.028651], [-74.692367, 7.028568], [-74.692841, 7.028451]], [[-74.692835, 7.028457], [-74.693217, 7.028329], [-74.693636, 7.028399], [-74.694207, 7.028552], [-74.694589, 7.028652], [-74.695019, 7.028702], [-74.695147, 7.028664], [-74.695156, 7.028557], [-74.695203, 7.02841], [-74.69547, 7.028151]], [[-74.693625, 7.027226], [-74.693665, 7.027636], [-74.693725, 7.027739], [-74.693976, 7.027793], [-74.694306, 7.027914], [-74.694595, 7.027995], [-74.694789, 7.027999], [-74.695003, 7.028095], [-74.695196, 7.028221], [-74.695477, 7.028142]], [[-74.695485, 7.028128], [-74.69588, 7.027842], [-74.696305, 7.027621], [-74.6966, 7.027587], [-74.696884, 7.027613], [-74.696973, 7.027487], [-74.697003, 7.027617], [-74.697198, 7.027809], [-74.697434, 7.028079], [-74.697594, 7.028312], [-74.697932, 7.028829]], [[-74.696989, 7.027488], [-74.697214, 7.027567], [-74.697458, 7.02762], [-74.697664, 7.027533], [-74.697839, 7.027376], [-74.698018, 7.027144], [-74.698403, 7.026851], [-74.698781, 7.026875], [-74.699205, 7.02699], [-74.699407, 7.026739], [-74.699422, 7.026361], [-74.699243, 7.026109], [-74.699115, 7.025932], [-74.699063, 7.025762], [-74.699083, 7.02568]], [[-74.697251, 7.027919], [-74.69694, 7.027666], [-74.6974, 7.028029], [-74.697621, 7.02828], [-74.697765, 7.028543], [-74.697751, 7.028654], [-74.697953, 7.028867], [-74.698081, 7.028969], [-74.698269, 7.028992], [-74.698429, 7.029013], [-74.698707, 7.029063], [-74.698866, 7.02908], [-74.699161, 7.029206], [-74.699255, 7.02923], [-74.699417, 7.029314], [-74.699504, 7.029447], [-74.699535, 7.029595], [-74.69954, 7.029605], [-74.699683, 7.029874], [-74.699946, 7.029794], [-74.700501, 7.029637], [-74.700712, 7.029573], [-74.700852, 7.029765], [-74.701068, 7.03012], [-74.701059, 7.030199], [-74.701365, 7.030235], [-74.701563, 7.030344], [-74.701577, 7.030342], [-74.701911, 7.030623], [-74.701973, 7.030695], [-74.70221, 7.030949], [-74.702218, 7.030949], [-74.70243, 7.030866], [-74.702716, 7.030806], [-74.70272, 7.03081], [-74.702898, 7.03088], [-74.703016, 7.031099], [-74.703018, 7.031109], [-74.703139, 7.0314], [-74.703327, 7.031615], [-74.703335, 7.031623], [-74.703342, 7.031628], [-74.703492, 7.031926], [-74.703494, 7.031937], [-74.703512, 7.032178], [-74.70357, 7.032511], [-74.703576, 7.032513], [-74.703635, 7.03272], [-74.703702, 7.032973], [-74.703803, 7.033251], [-74.703816, 7.033262], [-74.703874, 7.033282], [-74.704016, 7.03365], [-74.704078, 7.033841], [-74.704081, 7.033848], [-74.704094, 7.03386], [-74.70414, 7.034039], [-74.704144, 7.034049], [-74.704153, 7.034066], [-74.704157, 7.034079], [-74.704262, 7.034358], [-74.704363, 7.034566], [-74.704404, 7.034719], [-74.704414, 7.034722], [-74.704424, 7.034725], [-74.704501, 7.03487], [-74.704619, 7.035035], [-74.704718, 7.035211], [-74.704857, 7.035393], [-74.704996, 7.035606], [-74.705008, 7.035678], [-74.705004, 7.035678], [-74.704958, 7.0357]], [[-74.696941, 7.02767], [-74.696867, 7.027652], [-74.696758, 7.027624], [-74.696448, 7.027644], [-74.696191, 7.027695], [-74.696061, 7.027763], [-74.695866, 7.027901], [-74.695623, 7.028079], [-74.695492, 7.028167], [-74.695358, 7.028255], [-74.695349, 7.028274], [-74.695282, 7.028391], [-74.695242, 7.028442], [-74.695242, 7.028448], [-74.695236, 7.028471], [-74.695132, 7.028604], [-74.695155, 7.028711], [-74.695004, 7.028702], [-74.694747, 7.028649], [-74.694731, 7.028649], [-74.694523, 7.028615], [-74.694519, 7.028615], [-74.694306, 7.028596], [-74.694172, 7.028559], [-74.693977, 7.028481], [-74.693763, 7.028394], [-74.693568, 7.028338], [-74.693554, 7.028337], [-74.693481, 7.028355], [-74.69338, 7.028323], [-74.693086, 7.028399], [-74.692742, 7.02851]], [[-74.692742, 7.028507], [-74.692696, 7.028169], [-74.692898, 7.028077], [-74.693124, 7.027853], [-74.693452, 7.027506], [-74.693463, 7.027463], [-74.693467, 7.027463], [-74.693577, 7.027444], [-74.693648, 7.02734], [-74.693662, 7.027322], [-74.693676, 7.027089], [-74.693678, 7.027084], [-74.693721, 7.027046], [-74.693725, 7.026785], [-74.693366, 7.026778]], [[-74.693505, 7.028297], [-74.693503, 7.028239], [-74.693588, 7.028234], [-74.693577, 7.028342]], [[-74.693524, 7.02728], [-74.693633, 7.027284], [-74.693679, 7.027093], [-74.693667, 7.026804], [-74.693728, 7.026511], [-74.693778, 7.026255], [-74.693816, 7.025962], [-74.693851, 7.025677], [-74.693851, 7.025511]], [[-74.705859, 7.038581], [-74.705901, 7.037893], [-74.705812, 7.037075], [-74.7057, 7.036659], [-74.705568, 7.036416], [-74.704967, 7.035682], [-74.704936, 7.035698], [-74.704818, 7.03582], [-74.704684, 7.035902], [-74.704527, 7.035962], [-74.704392, 7.03604], [-74.704075, 7.036089], [-74.704218, 7.036272], [-74.704059, 7.036506], [-74.703787, 7.03674], [-74.703832, 7.036915], [-74.703798, 7.03693], [-74.703577, 7.036947], [-74.703222, 7.036967], [-74.702769, 7.037093], [-74.702662, 7.036964], [-74.702619, 7.036793], [-74.702565, 7.036743], [-74.702304, 7.036257], [-74.702007, 7.036117], [-74.70199, 7.036253], [-74.701431, 7.035566], [-74.701582, 7.035266], [-74.701744, 7.034957], [-74.701943, 7.034755], [-74.702172, 7.034421], [-74.702234, 7.034142], [-74.702169, 7.033961], [-74.702144, 7.033768], [-74.702094, 7.033514], [-74.702072, 7.033189], [-74.70219, 7.032878], [-74.702322, 7.032765], [-74.702359, 7.032652], [-74.702291, 7.03261], [-74.702174, 7.032146], [-74.702187, 7.0319], [-74.702024, 7.031821], [-74.701897, 7.031579], [-74.701668, 7.031397], [-74.701502, 7.031135], [-74.701406, 7.030895], [-74.701255, 7.03068], [-74.701123, 7.030481], [-74.701046, 7.030292], [-74.70089, 7.029982], [-74.700867, 7.029829], [-74.700746, 7.029658], [-74.700709, 7.029563]], [[-74.692707, 7.028485], [-74.692475, 7.028539], [-74.692162, 7.028607], [-74.692044, 7.028658], [-74.691747, 7.028847], [-74.691429, 7.029089], [-74.691055, 7.029607]], [[-74.6935, 7.028347], [-74.69324, 7.028317], [-74.692702, 7.0285], [-74.692848, 7.02904], [-74.69305, 7.029527], [-74.693177, 7.029842], [-74.693207, 7.030054], [-74.69294, 7.030316]]]}}, {"type": "Feature", "properties": {"cod": "05690", "archivo": "SANTO DOMINGO PTZ - LPR  EDS.kmz", "metros": 5053, "tramos": 7}, "geometry": {"type": "MultiLineString", "coordinates": [[[-75.205914, 6.548726], [-75.205858, 6.548622]], [[-75.205921, 6.548723], [-75.205864, 6.548621]], [[-75.203745, 6.547375], [-75.203705, 6.547612], [-75.20378, 6.547664], [-75.204659, 6.54767], [-75.204684, 6.547681], [-75.205422, 6.547863], [-75.20563, 6.548062], [-75.205646, 6.548215], [-75.206054, 6.548864], [-75.206065, 6.54908], [-75.205412, 6.551157], [-75.205168, 6.551461], [-75.204734, 6.552116], [-75.20392, 6.554326], [-75.204083, 6.555222], [-75.205513, 6.555431], [-75.206131, 6.555466], [-75.206826, 6.556416], [-75.206991, 6.557516], [-75.206343, 6.558187], [-75.205808, 6.558953], [-75.205649, 6.559281], [-75.20559, 6.55932], [-75.205721, 6.559477]], [[-75.170613, 6.484189], [-75.170573, 6.484208], [-75.170451, 6.484233], [-75.170259, 6.484268], [-75.170073, 6.484301], [-75.169965, 6.484323], [-75.169829, 6.48438], [-75.169713, 6.484432], [-75.169587, 6.484476], [-75.169472, 6.4845], [-75.169496, 6.484559], [-75.1694, 6.484607]], [[-75.169496, 6.484561], [-75.169499, 6.484567], [-75.169407, 6.484606], [-75.169406, 6.484597]], [[-75.175769, 6.484685], [-75.175367, 6.484262], [-75.175219, 6.484289], [-75.174889, 6.484044], [-75.174531, 6.483772], [-75.174092, 6.483938], [-75.173607, 6.484176], [-75.173284, 6.484149], [-75.17273, 6.483962], [-75.172216, 6.484585], [-75.17192, 6.484839], [-75.171653, 6.485044], [-75.171469, 6.484932], [-75.171252, 6.484709], [-75.171034, 6.484376], [-75.17074, 6.484247], [-75.170577, 6.484233], [-75.169807, 6.483626], [-75.169689, 6.483403], [-75.169442, 6.483098], [-75.169292, 6.482936], [-75.16908, 6.48261], [-75.169037, 6.482085], [-75.169093, 6.481664], [-75.169168, 6.481201], [-75.169076, 6.480772], [-75.168817, 6.480428], [-75.168423, 6.480112], [-75.167897, 6.479662], [-75.167481, 6.479296], [-75.167108, 6.478767], [-75.167217, 6.478384], [-75.167004, 6.477907], [-75.166837, 6.477335], [-75.166584, 6.476631], [-75.166177, 6.475633], [-75.165613, 6.474661], [-75.165208, 6.474013], [-75.164697, 6.473718], [-75.165519, 6.4717], [-75.165087, 6.471337], [-75.164923, 6.471329], [-75.16482, 6.471215], [-75.164569, 6.471041], [-75.164283, 6.471352], [-75.164362, 6.471449], [-75.164315, 6.47152]], [[-75.205934, 6.548769], [-75.206094, 6.549049], [-75.205451, 6.551057], [-75.204149, 6.550819]]]}}, {"type": "Feature", "properties": {"cod": "05670", "archivo": "San Roque LPR EDS  FINAL.kmz", "metros": 5113, "tramos": 14}, "geometry": {"type": "MultiLineString", "coordinates": [[[-75.018281, 6.486246], [-75.018227, 6.486535], [-75.018171, 6.486571], [-75.018084, 6.486919], [-75.017999, 6.487259], [-75.017958, 6.487334], [-75.017981, 6.4873], [-75.018014, 6.487181], [-75.018129, 6.48673], [-75.018167, 6.486582], [-75.01811, 6.486554], [-75.017939, 6.486529], [-75.017826, 6.486584]], [[-75.018282, 6.486259], [-75.018388, 6.485774], [-75.017714, 6.485612], [-75.017088, 6.485469], [-75.016505, 6.485313], [-75.015854, 6.485193], [-75.016597, 6.485341], [-75.017377, 6.485534], [-75.017865, 6.485663], [-75.018345, 6.485756], [-75.018657, 6.485824], [-75.019009, 6.485889], [-75.018968, 6.485984], [-75.018998, 6.48591], [-75.01901, 6.485899], [-75.019093, 6.485897], [-75.019544, 6.485956], [-75.01946, 6.486309], [-75.01948, 6.486235], [-75.020125, 6.486349], [-75.020345, 6.486397], [-75.020705, 6.48649], [-75.020968, 6.486614]], [[-75.020025, 6.486309], [-75.02005, 6.486179], [-75.020064, 6.486099], [-75.02035, 6.486166], [-75.020838, 6.48631], [-75.020976, 6.48572], [-75.020377, 6.485532], [-75.019724, 6.485394], [-75.020168, 6.485485], [-75.020877, 6.485693], [-75.020951, 6.48571], [-75.021011, 6.485726], [-75.021129, 6.485197], [-75.021305, 6.484482], [-75.021175, 6.485005], [-75.02114, 6.485158], [-75.021132, 6.485185], [-75.021497, 6.485268], [-75.021727, 6.485338], [-75.022085, 6.485441], [-75.022153, 6.485466], [-75.022165, 6.485428], [-75.022399, 6.48551], [-75.022379, 6.485549]], [[-75.021319, 6.484477], [-75.021043, 6.484455], [-75.020652, 6.484345], [-75.020039, 6.484186], [-75.019986, 6.484216], [-75.020031, 6.484192], [-75.019543, 6.484106], [-75.01889, 6.483912]], [[-75.017722, 6.485581], [-75.01807, 6.484427], [-75.01835, 6.48446], [-75.018669, 6.484556], [-75.018596, 6.484853], [-75.018526, 6.485119], [-75.018652, 6.484637], [-75.018777, 6.484163], [-75.018857, 6.483857], [-75.018951, 6.483495], [-75.019051, 6.483134], [-75.019161, 6.482718], [-75.019208, 6.482585], [-75.019062, 6.483098], [-75.018901, 6.483694], [-75.01885, 6.483898], [-75.018897, 6.483909]], [[-75.0213, 6.484485], [-75.021928, 6.484631], [-75.022055, 6.484082], [-75.022132, 6.484082]], [[-75.01659, 6.489566], [-75.016866, 6.488512], [-75.017003, 6.488026], [-75.017496, 6.487818], [-75.01771, 6.487649], [-75.017856, 6.487564], [-75.017953, 6.487368], [-75.017958, 6.487336], [-75.017957, 6.487335], [-75.017958, 6.487334], [-75.017958, 6.487335], [-75.017956, 6.487334]], [[-75.01705, 6.484044], [-75.017099, 6.484141], [-75.017382, 6.484225], [-75.018052, 6.484418], [-75.018074, 6.48439], [-75.018075, 6.48439], [-75.018074, 6.48439], [-75.018074, 6.484389], [-75.018074, 6.484389], [-75.018075, 6.48439]], [[-75.015593, 6.486154], [-75.015654, 6.485788], [-75.015867, 6.485161], [-75.015879, 6.485169], [-75.016857, 6.485387], [-75.017737, 6.485584], [-75.016509, 6.4853]], [[-75.024964, 6.485113], [-75.024363, 6.485346], [-75.023713, 6.485818], [-75.022613, 6.485542], [-75.022399, 6.485504], [-75.022166, 6.485434]], [[-75.021656, 6.48672], [-75.020967, 6.486622]], [[-75.015542, 6.486163], [-75.015436, 6.486426], [-75.015293, 6.486722], [-75.015426, 6.487187], [-75.015432, 6.48802], [-75.015399, 6.488301], [-75.015073, 6.488582], [-75.014825, 6.488834], [-75.014375, 6.48928]], [[-75.017832, 6.486572], [-75.017829, 6.486573], [-75.017668, 6.486614], [-75.017664, 6.486614]], [[-75.015846, 6.485146], [-75.015762, 6.48546], [-75.015663, 6.4859], [-75.015591, 6.486224]]]}}, {"type": "Feature", "properties": {"cod": "05736", "archivo": "Segovia FO CCTV  EDS  FINAL.kmz", "metros": 17170, "tramos": 16}, "geometry": {"type": "MultiLineString", "coordinates": [[[-74.701082, 7.082446], [-74.7011, 7.082241], [-74.700807, 7.082265], [-74.70083, 7.081909], [-74.700551, 7.08186], [-74.700629, 7.08125], [-74.701185, 7.081542], [-74.701339, 7.081596], [-74.701455, 7.081558], [-74.701797, 7.081485], [-74.701978, 7.081457], [-74.702214, 7.081359], [-74.70225, 7.081351], [-74.702281, 7.081347], [-74.70259, 7.081259], [-74.702777, 7.081202], [-74.702875, 7.081172], [-74.702928, 7.081139], [-74.70327, 7.080806], [-74.70335, 7.080677], [-74.703336, 7.080645], [-74.703198, 7.080782], [-74.702897, 7.081074], [-74.702795, 7.081151], [-74.702259, 7.081306], [-74.702233, 7.081131], [-74.70233, 7.080663], [-74.70238, 7.080393], [-74.702432, 7.080165], [-74.702518, 7.080075], [-74.702628, 7.080023], [-74.702739, 7.080008], [-74.702871, 7.079944], [-74.702925, 7.079739], [-74.702904, 7.079596], [-74.702923, 7.079498], [-74.702943, 7.079393], [-74.703017, 7.079332], [-74.703109, 7.079252], [-74.703187, 7.079257], [-74.70359, 7.079206], [-74.703925, 7.079145], [-74.704016, 7.079125], [-74.704084, 7.079148], [-74.704231, 7.079167], [-74.704424, 7.079146], [-74.704535, 7.079094], [-74.704583, 7.07902], [-74.704672, 7.078812], [-74.704746, 7.078663], [-74.704786, 7.078562], [-74.704815, 7.078506], [-74.704895, 7.078492], [-74.705049, 7.078468], [-74.705113, 7.078454], [-74.705346, 7.078439], [-74.705503, 7.078424], [-74.705648, 7.078354], [-74.705704, 7.078279], [-74.705809, 7.078252], [-74.705909, 7.078235], [-74.706001, 7.078216], [-74.7061, 7.078199], [-74.706203, 7.078214], [-74.706351, 7.078215], [-74.706413, 7.078211], [-74.706407, 7.078161], [-74.705992, 7.078164], [-74.705713, 7.078237], [-74.705473, 7.078386], [-74.704919, 7.078441], [-74.704775, 7.078484], [-74.704719, 7.078498], [-74.704085, 7.078391], [-74.703848, 7.078313], [-74.703651, 7.078232], [-74.703594, 7.078126], [-74.703481, 7.078207], [-74.702625, 7.077894], [-74.702564, 7.077806], [-74.702138, 7.077597], [-74.701751, 7.077538], [-74.700793, 7.077146], [-74.700822, 7.076944], [-74.700972, 7.076737], [-74.701129, 7.076296], [-74.701186, 7.076183], [-74.701405, 7.075793], [-74.70175, 7.075384], [-74.701891, 7.075286], [-74.702053, 7.075124], [-74.702077, 7.075081], [-74.702482, 7.074912], [-74.702868, 7.074794], [-74.703398, 7.074554], [-74.70352, 7.074285], [-74.703504, 7.073372], [-74.703461, 7.072808], [-74.703434, 7.072433], [-74.703292, 7.072466], [-74.703444, 7.073173], [-74.703368, 7.073353], [-74.703392, 7.073788], [-74.703454, 7.074224], [-74.703339, 7.074486], [-74.702035, 7.075031], [-74.701638, 7.075384], [-74.701235, 7.075929], [-74.701078, 7.076214], [-74.70103, 7.076477], [-74.70095, 7.076655], [-74.700816, 7.076861], [-74.700748, 7.076961], [-74.700717, 7.077112], [-74.700125, 7.076826], [-74.699662, 7.076418], [-74.699532, 7.076158], [-74.699556, 7.075974], [-74.699728, 7.075689], [-74.699915, 7.075334], [-74.699814, 7.075025], [-74.699331, 7.074617], [-74.699231, 7.074554], [-74.699156, 7.074304], [-74.69909, 7.074326], [-74.699157, 7.074573], [-74.699331, 7.074734], [-74.699627, 7.074963], [-74.699752, 7.075079], [-74.699829, 7.075322], [-74.699631, 7.075687], [-74.699485, 7.07598], [-74.699445, 7.076181], [-74.69955, 7.076371], [-74.699665, 7.076574], [-74.699809, 7.07672], [-74.699958, 7.076847], [-74.700152, 7.076963], [-74.700622, 7.077184], [-74.700847, 7.077293], [-74.701175, 7.077379], [-74.701706, 7.077594], [-74.701978, 7.077643], [-74.702201, 7.077681], [-74.702451, 7.077822], [-74.702568, 7.077936], [-74.702959, 7.078058], [-74.703406, 7.078264], [-74.703533, 7.078316], [-74.703669, 7.078313], [-74.703891, 7.078402], [-74.704317, 7.078484], [-74.704703, 7.07854], [-74.704481, 7.079039], [-74.704275, 7.079099], [-74.704008, 7.07906], [-74.70366, 7.07912], [-74.703152, 7.079153], [-74.702988, 7.079254], [-74.702831, 7.07952], [-74.702837, 7.079709], [-74.702788, 7.079893], [-74.702609, 7.079967], [-74.702397, 7.080097], [-74.702255, 7.080542], [-74.702164, 7.081068], [-74.702186, 7.081276], [-74.701331, 7.081545], [-74.70117, 7.081476], [-74.700622, 7.081181], [-74.700527, 7.081194], [-74.700449, 7.081884], [-74.700748, 7.081987], [-74.700709, 7.08235], [-74.701008, 7.082369], [-74.701008, 7.082433]], [[-74.701085, 7.082144], [-74.700999, 7.082175], [-74.700893, 7.082192], [-74.70087, 7.081784], [-74.700717, 7.081461], [-74.701347, 7.081828], [-74.701693, 7.081703], [-74.702448, 7.081457], [-74.703576, 7.080768], [-74.703329, 7.080521], [-74.702872, 7.081009], [-74.702451, 7.081119], [-74.702518, 7.080341], [-74.702722, 7.080103], [-74.702935, 7.079981], [-74.7032, 7.079275], [-74.703452, 7.079329], [-74.703836, 7.07927], [-74.70429, 7.079261], [-74.704639, 7.079095], [-74.704824, 7.078776], [-74.705511, 7.078544], [-74.706738, 7.078258], [-74.706556, 7.077817], [-74.704617, 7.07838], [-74.703949, 7.078078], [-74.70103, 7.077115], [-74.700498, 7.076908], [-74.699651, 7.076203], [-74.699257, 7.074434], [-74.698558, 7.073869], [-74.697716, 7.073789], [-74.697498, 7.07463], [-74.696818, 7.075804], [-74.696251, 7.07652], [-74.695944, 7.077439], [-74.696071, 7.077851], [-74.696292, 7.078478], [-74.696684, 7.078789], [-74.697247, 7.07938], [-74.698165, 7.079549], [-74.697739, 7.080599], [-74.699085, 7.080641], [-74.70009, 7.080485], [-74.700396, 7.080442], [-74.700381, 7.081216], [-74.70036, 7.081797], [-74.700392, 7.081966], [-74.700646, 7.082021], [-74.7006, 7.082382], [-74.701067, 7.082451]], [[-74.699685, 7.080435], [-74.700495, 7.080332]], [[-74.701081, 7.082338], [-74.701085, 7.082255]], [[-74.700493, 7.080335], [-74.700586, 7.081235]], [[-74.703392, 7.072459], [-74.7034, 7.072613], [-74.703435, 7.072887], [-74.703458, 7.073142], [-74.703426, 7.073423], [-74.703459, 7.073607], [-74.703476, 7.073881], [-74.703475, 7.074114], [-74.70349, 7.074253], [-74.703372, 7.074525], [-74.703076, 7.074667], [-74.702754, 7.074796], [-74.702412, 7.074914], [-74.702069, 7.075075], [-74.701851, 7.075286], [-74.70168, 7.075425], [-74.701535, 7.075572], [-74.701406, 7.075746], [-74.701209, 7.076082], [-74.701124, 7.076267], [-74.701071, 7.076498], [-74.700979, 7.076715], [-74.700798, 7.076946], [-74.700751, 7.077158], [-74.701145, 7.077313], [-74.701387, 7.077405], [-74.701739, 7.077553], [-74.702114, 7.077611], [-74.702232, 7.077676], [-74.702538, 7.077819], [-74.702611, 7.0779], [-74.702819, 7.077965], [-74.7032, 7.078108], [-74.70333, 7.078164], [-74.703489, 7.078233], [-74.703587, 7.078173], [-74.703626, 7.07825], [-74.703681, 7.07827], [-74.703829, 7.078333], [-74.703922, 7.078354], [-74.703977, 7.078374], [-74.704065, 7.078396], [-74.704316, 7.078434], [-74.704728, 7.078506], [-74.70513, 7.07842]], [[-74.704801, 7.078489], [-74.704688, 7.078723], [-74.704613, 7.078891], [-74.70453, 7.079054], [-74.704439, 7.079118], [-74.704338, 7.07914], [-74.704164, 7.079147], [-74.704019, 7.079104], [-74.703857, 7.07913], [-74.703604, 7.079186], [-74.703431, 7.079199], [-74.703234, 7.079234], [-74.703104, 7.079244], [-74.702993, 7.079318], [-74.702929, 7.079399], [-74.70288, 7.079533], [-74.70289, 7.079735], [-74.702853, 7.079939], [-74.702813, 7.079965], [-74.702631, 7.080005], [-74.702503, 7.080068], [-74.702425, 7.080153], [-74.702358, 7.080394], [-74.702255, 7.080938], [-74.70222, 7.081131], [-74.70224, 7.081328], [-74.702348, 7.081319], [-74.702469, 7.081287], [-74.7027, 7.0812], [-74.702868, 7.08115], [-74.702949, 7.081087], [-74.703128, 7.080919], [-74.703271, 7.080762], [-74.703312, 7.080701], [-74.703338, 7.08068]], [[-74.702247, 7.081333], [-74.702028, 7.081432], [-74.701884, 7.081462], [-74.701692, 7.081493], [-74.701506, 7.081536], [-74.701345, 7.081581], [-74.701238, 7.081556], [-74.70112, 7.081494], [-74.700618, 7.081231], [-74.70058, 7.081238], [-74.700542, 7.081608], [-74.700508, 7.081771], [-74.700511, 7.081906], [-74.700777, 7.081956], [-74.700742, 7.082317], [-74.701083, 7.082339]], [[-74.700515, 7.081906], [-74.700323, 7.081905], [-74.700137, 7.082082], [-74.699861, 7.082366], [-74.699673, 7.082716], [-74.699514, 7.083109], [-74.69961, 7.083351], [-74.699596, 7.08345], [-74.699386, 7.083837], [-74.699393, 7.083974], [-74.69953, 7.084346], [-74.699719, 7.084411], [-74.70065, 7.084388], [-74.701156, 7.084463], [-74.701316, 7.084538], [-74.701505, 7.084702], [-74.701488, 7.084992], [-74.701475, 7.085465], [-74.701571, 7.086283], [-74.701485, 7.086568], [-74.701112, 7.087353], [-74.70061, 7.088272], [-74.700481, 7.088503], [-74.700244, 7.088643], [-74.699921, 7.088841], [-74.699318, 7.08925], [-74.698412, 7.089877], [-74.69816, 7.090161], [-74.698169, 7.089985], [-74.69721, 7.089056], [-74.697294, 7.088854], [-74.697548, 7.088797], [-74.697602, 7.088675], [-74.697551, 7.088496], [-74.697503, 7.088348], [-74.697507, 7.088293], [-74.697357, 7.088316], [-74.697181, 7.088359], [-74.696989, 7.088294], [-74.696846, 7.087776]], [[-74.694462, 7.078804], [-74.694611, 7.078696], [-74.694731, 7.078606], [-74.694822, 7.078296], [-74.694902, 7.078098], [-74.695069, 7.077906], [-74.695315, 7.077832], [-74.695738, 7.077891], [-74.696104, 7.077932], [-74.696259, 7.07795], [-74.69641, 7.07792], [-74.696671, 7.078306], [-74.696763, 7.078439], [-74.696845, 7.078774], [-74.697006, 7.079031], [-74.69714, 7.079118], [-74.697563, 7.07931], [-74.697798, 7.079383], [-74.698334, 7.07938], [-74.697927, 7.080529], [-74.699572, 7.080389], [-74.699701, 7.080433], [-74.699722, 7.080712], [-74.699735, 7.081085], [-74.699571, 7.081082], [-74.699528, 7.081072]], [[-74.706388, 7.078192], [-74.706002, 7.078193], [-74.705713, 7.078253], [-74.705495, 7.078406], [-74.705136, 7.078446]], [[-74.699124, 7.074328], [-74.699234, 7.074608], [-74.699349, 7.074676], [-74.699794, 7.075048], [-74.699891, 7.075324], [-74.699677, 7.075724], [-74.699492, 7.076042], [-74.699524, 7.076248], [-74.699751, 7.076573], [-74.700126, 7.076879], [-74.700784, 7.077217]], [[-74.696301, 7.07809], [-74.69639, 7.077945], [-74.696265, 7.077438], [-74.696258, 7.07711], [-74.696354, 7.076811], [-74.696598, 7.076505], [-74.696881, 7.07636], [-74.697046, 7.076239], [-74.697047, 7.076002], [-74.697172, 7.075587], [-74.697441, 7.075368], [-74.697683, 7.075206], [-74.6978, 7.074902], [-74.697913, 7.074718], [-74.697875, 7.074288], [-74.697992, 7.073776], [-74.698396, 7.073778], [-74.698709, 7.074065], [-74.698861, 7.074183], [-74.698998, 7.074175], [-74.699127, 7.074271]], [[-74.710009, 7.080308], [-74.709807, 7.080237], [-74.709741, 7.080175], [-74.709796, 7.07999], [-74.709915, 7.079954], [-74.710342, 7.080205], [-74.710703, 7.080177], [-74.710828, 7.080104], [-74.710975, 7.079952], [-74.710998, 7.079823], [-74.710985, 7.079655], [-74.710873, 7.079452], [-74.710765, 7.079355], [-74.71066, 7.079287], [-74.710337, 7.079243], [-74.70994, 7.07917], [-74.709406, 7.078966], [-74.709193, 7.078892], [-74.708929, 7.0788], [-74.708512, 7.078778], [-74.708279, 7.07873], [-74.708204, 7.078668], [-74.707978, 7.078687], [-74.707599, 7.078621], [-74.707286, 7.078543], [-74.707029, 7.078421], [-74.706805, 7.078423], [-74.706671, 7.078485], [-74.706451, 7.078427], [-74.706093, 7.078498], [-74.705221, 7.078505], [-74.705125, 7.078431], [-74.704889, 7.078455], [-74.704756, 7.078423], [-74.704692, 7.078565]], [[-74.709911, 7.080271], [-74.709893, 7.080275], [-74.709892, 7.080272], [-74.709893, 7.080275], [-74.709911, 7.080271]], [[-74.702549, 7.077824], [-74.702409, 7.077714], [-74.702344, 7.077675]]]}}, {"type": "Feature", "properties": {"cod": "05736", "archivo": "Segovia FO CCTV EDS.kmz", "metros": 17170, "tramos": 16}, "geometry": {"type": "MultiLineString", "coordinates": [[[-74.701082, 7.082446], [-74.7011, 7.082241], [-74.700807, 7.082265], [-74.70083, 7.081909], [-74.700551, 7.08186], [-74.700629, 7.08125], [-74.701185, 7.081542], [-74.701339, 7.081596], [-74.701455, 7.081558], [-74.701797, 7.081485], [-74.701978, 7.081457], [-74.702214, 7.081359], [-74.70225, 7.081351], [-74.702281, 7.081347], [-74.70259, 7.081259], [-74.702777, 7.081202], [-74.702875, 7.081172], [-74.702928, 7.081139], [-74.70327, 7.080806], [-74.70335, 7.080677], [-74.703336, 7.080645], [-74.703198, 7.080782], [-74.702897, 7.081074], [-74.702795, 7.081151], [-74.702259, 7.081306], [-74.702233, 7.081131], [-74.70233, 7.080663], [-74.70238, 7.080393], [-74.702432, 7.080165], [-74.702518, 7.080075], [-74.702628, 7.080023], [-74.702739, 7.080008], [-74.702871, 7.079944], [-74.702925, 7.079739], [-74.702904, 7.079596], [-74.702923, 7.079498], [-74.702943, 7.079393], [-74.703017, 7.079332], [-74.703109, 7.079252], [-74.703187, 7.079257], [-74.70359, 7.079206], [-74.703925, 7.079145], [-74.704016, 7.079125], [-74.704084, 7.079148], [-74.704231, 7.079167], [-74.704424, 7.079146], [-74.704535, 7.079094], [-74.704583, 7.07902], [-74.704672, 7.078812], [-74.704746, 7.078663], [-74.704786, 7.078562], [-74.704815, 7.078506], [-74.704895, 7.078492], [-74.705049, 7.078468], [-74.705113, 7.078454], [-74.705346, 7.078439], [-74.705503, 7.078424], [-74.705648, 7.078354], [-74.705704, 7.078279], [-74.705809, 7.078252], [-74.705909, 7.078235], [-74.706001, 7.078216], [-74.7061, 7.078199], [-74.706203, 7.078214], [-74.706351, 7.078215], [-74.706413, 7.078211], [-74.706407, 7.078161], [-74.705992, 7.078164], [-74.705713, 7.078237], [-74.705473, 7.078386], [-74.704919, 7.078441], [-74.704775, 7.078484], [-74.704719, 7.078498], [-74.704085, 7.078391], [-74.703848, 7.078313], [-74.703651, 7.078232], [-74.703594, 7.078126], [-74.703481, 7.078207], [-74.702625, 7.077894], [-74.702564, 7.077806], [-74.702138, 7.077597], [-74.701751, 7.077538], [-74.700793, 7.077146], [-74.700822, 7.076944], [-74.700972, 7.076737], [-74.701129, 7.076296], [-74.701186, 7.076183], [-74.701405, 7.075793], [-74.70175, 7.075384], [-74.701891, 7.075286], [-74.702053, 7.075124], [-74.702077, 7.075081], [-74.702482, 7.074912], [-74.702868, 7.074794], [-74.703398, 7.074554], [-74.70352, 7.074285], [-74.703504, 7.073372], [-74.703461, 7.072808], [-74.703434, 7.072433], [-74.703292, 7.072466], [-74.703444, 7.073173], [-74.703368, 7.073353], [-74.703392, 7.073788], [-74.703454, 7.074224], [-74.703339, 7.074486], [-74.702035, 7.075031], [-74.701638, 7.075384], [-74.701235, 7.075929], [-74.701078, 7.076214], [-74.70103, 7.076477], [-74.70095, 7.076655], [-74.700816, 7.076861], [-74.700748, 7.076961], [-74.700717, 7.077112], [-74.700125, 7.076826], [-74.699662, 7.076418], [-74.699532, 7.076158], [-74.699556, 7.075974], [-74.699728, 7.075689], [-74.699915, 7.075334], [-74.699814, 7.075025], [-74.699331, 7.074617], [-74.699231, 7.074554], [-74.699156, 7.074304], [-74.69909, 7.074326], [-74.699157, 7.074573], [-74.699331, 7.074734], [-74.699627, 7.074963], [-74.699752, 7.075079], [-74.699829, 7.075322], [-74.699631, 7.075687], [-74.699485, 7.07598], [-74.699445, 7.076181], [-74.69955, 7.076371], [-74.699665, 7.076574], [-74.699809, 7.07672], [-74.699958, 7.076847], [-74.700152, 7.076963], [-74.700622, 7.077184], [-74.700847, 7.077293], [-74.701175, 7.077379], [-74.701706, 7.077594], [-74.701978, 7.077643], [-74.702201, 7.077681], [-74.702451, 7.077822], [-74.702568, 7.077936], [-74.702959, 7.078058], [-74.703406, 7.078264], [-74.703533, 7.078316], [-74.703669, 7.078313], [-74.703891, 7.078402], [-74.704317, 7.078484], [-74.704703, 7.07854], [-74.704481, 7.079039], [-74.704275, 7.079099], [-74.704008, 7.07906], [-74.70366, 7.07912], [-74.703152, 7.079153], [-74.702988, 7.079254], [-74.702831, 7.07952], [-74.702837, 7.079709], [-74.702788, 7.079893], [-74.702609, 7.079967], [-74.702397, 7.080097], [-74.702255, 7.080542], [-74.702164, 7.081068], [-74.702186, 7.081276], [-74.701331, 7.081545], [-74.70117, 7.081476], [-74.700622, 7.081181], [-74.700527, 7.081194], [-74.700449, 7.081884], [-74.700748, 7.081987], [-74.700709, 7.08235], [-74.701008, 7.082369], [-74.701008, 7.082433]], [[-74.701085, 7.082144], [-74.700999, 7.082175], [-74.700893, 7.082192], [-74.70087, 7.081784], [-74.700717, 7.081461], [-74.701347, 7.081828], [-74.701693, 7.081703], [-74.702448, 7.081457], [-74.703576, 7.080768], [-74.703329, 7.080521], [-74.702872, 7.081009], [-74.702451, 7.081119], [-74.702518, 7.080341], [-74.702722, 7.080103], [-74.702935, 7.079981], [-74.7032, 7.079275], [-74.703452, 7.079329], [-74.703836, 7.07927], [-74.70429, 7.079261], [-74.704639, 7.079095], [-74.704824, 7.078776], [-74.705511, 7.078544], [-74.706738, 7.078258], [-74.706556, 7.077817], [-74.704617, 7.07838], [-74.703949, 7.078078], [-74.70103, 7.077115], [-74.700498, 7.076908], [-74.699651, 7.076203], [-74.699257, 7.074434], [-74.698558, 7.073869], [-74.697716, 7.073789], [-74.697498, 7.07463], [-74.696818, 7.075804], [-74.696251, 7.07652], [-74.695944, 7.077439], [-74.696071, 7.077851], [-74.696292, 7.078478], [-74.696684, 7.078789], [-74.697247, 7.07938], [-74.698165, 7.079549], [-74.697739, 7.080599], [-74.699085, 7.080641], [-74.70009, 7.080485], [-74.700396, 7.080442], [-74.700381, 7.081216], [-74.70036, 7.081797], [-74.700392, 7.081966], [-74.700646, 7.082021], [-74.7006, 7.082382], [-74.701067, 7.082451]], [[-74.699685, 7.080435], [-74.700495, 7.080332]], [[-74.701081, 7.082338], [-74.701085, 7.082255]], [[-74.700493, 7.080335], [-74.700586, 7.081235]], [[-74.703392, 7.072459], [-74.7034, 7.072613], [-74.703435, 7.072887], [-74.703458, 7.073142], [-74.703426, 7.073423], [-74.703459, 7.073607], [-74.703476, 7.073881], [-74.703475, 7.074114], [-74.70349, 7.074253], [-74.703372, 7.074525], [-74.703076, 7.074667], [-74.702754, 7.074796], [-74.702412, 7.074914], [-74.702069, 7.075075], [-74.701851, 7.075286], [-74.70168, 7.075425], [-74.701535, 7.075572], [-74.701406, 7.075746], [-74.701209, 7.076082], [-74.701124, 7.076267], [-74.701071, 7.076498], [-74.700979, 7.076715], [-74.700798, 7.076946], [-74.700751, 7.077158], [-74.701145, 7.077313], [-74.701387, 7.077405], [-74.701739, 7.077553], [-74.702114, 7.077611], [-74.702232, 7.077676], [-74.702538, 7.077819], [-74.702611, 7.0779], [-74.702819, 7.077965], [-74.7032, 7.078108], [-74.70333, 7.078164], [-74.703489, 7.078233], [-74.703587, 7.078173], [-74.703626, 7.07825], [-74.703681, 7.07827], [-74.703829, 7.078333], [-74.703922, 7.078354], [-74.703977, 7.078374], [-74.704065, 7.078396], [-74.704316, 7.078434], [-74.704728, 7.078506], [-74.70513, 7.07842]], [[-74.704801, 7.078489], [-74.704688, 7.078723], [-74.704613, 7.078891], [-74.70453, 7.079054], [-74.704439, 7.079118], [-74.704338, 7.07914], [-74.704164, 7.079147], [-74.704019, 7.079104], [-74.703857, 7.07913], [-74.703604, 7.079186], [-74.703431, 7.079199], [-74.703234, 7.079234], [-74.703104, 7.079244], [-74.702993, 7.079318], [-74.702929, 7.079399], [-74.70288, 7.079533], [-74.70289, 7.079735], [-74.702853, 7.079939], [-74.702813, 7.079965], [-74.702631, 7.080005], [-74.702503, 7.080068], [-74.702425, 7.080153], [-74.702358, 7.080394], [-74.702255, 7.080938], [-74.70222, 7.081131], [-74.70224, 7.081328], [-74.702348, 7.081319], [-74.702469, 7.081287], [-74.7027, 7.0812], [-74.702868, 7.08115], [-74.702949, 7.081087], [-74.703128, 7.080919], [-74.703271, 7.080762], [-74.703312, 7.080701], [-74.703338, 7.08068]], [[-74.702247, 7.081333], [-74.702028, 7.081432], [-74.701884, 7.081462], [-74.701692, 7.081493], [-74.701506, 7.081536], [-74.701345, 7.081581], [-74.701238, 7.081556], [-74.70112, 7.081494], [-74.700618, 7.081231], [-74.70058, 7.081238], [-74.700542, 7.081608], [-74.700508, 7.081771], [-74.700511, 7.081906], [-74.700777, 7.081956], [-74.700742, 7.082317], [-74.701083, 7.082339]], [[-74.700515, 7.081906], [-74.700323, 7.081905], [-74.700137, 7.082082], [-74.699861, 7.082366], [-74.699673, 7.082716], [-74.699514, 7.083109], [-74.69961, 7.083351], [-74.699596, 7.08345], [-74.699386, 7.083837], [-74.699393, 7.083974], [-74.69953, 7.084346], [-74.699719, 7.084411], [-74.70065, 7.084388], [-74.701156, 7.084463], [-74.701316, 7.084538], [-74.701505, 7.084702], [-74.701488, 7.084992], [-74.701475, 7.085465], [-74.701571, 7.086283], [-74.701485, 7.086568], [-74.701112, 7.087353], [-74.70061, 7.088272], [-74.700481, 7.088503], [-74.700244, 7.088643], [-74.699921, 7.088841], [-74.699318, 7.08925], [-74.698412, 7.089877], [-74.69816, 7.090161], [-74.698169, 7.089985], [-74.69721, 7.089056], [-74.697294, 7.088854], [-74.697548, 7.088797], [-74.697602, 7.088675], [-74.697551, 7.088496], [-74.697503, 7.088348], [-74.697507, 7.088293], [-74.697357, 7.088316], [-74.697181, 7.088359], [-74.696989, 7.088294], [-74.696846, 7.087776]], [[-74.694462, 7.078804], [-74.694611, 7.078696], [-74.694731, 7.078606], [-74.694822, 7.078296], [-74.694902, 7.078098], [-74.695069, 7.077906], [-74.695315, 7.077832], [-74.695738, 7.077891], [-74.696104, 7.077932], [-74.696259, 7.07795], [-74.69641, 7.07792], [-74.696671, 7.078306], [-74.696763, 7.078439], [-74.696845, 7.078774], [-74.697006, 7.079031], [-74.69714, 7.079118], [-74.697563, 7.07931], [-74.697798, 7.079383], [-74.698334, 7.07938], [-74.697927, 7.080529], [-74.699572, 7.080389], [-74.699701, 7.080433], [-74.699722, 7.080712], [-74.699735, 7.081085], [-74.699571, 7.081082], [-74.699528, 7.081072]], [[-74.706388, 7.078192], [-74.706002, 7.078193], [-74.705713, 7.078253], [-74.705495, 7.078406], [-74.705136, 7.078446]], [[-74.699124, 7.074328], [-74.699234, 7.074608], [-74.699349, 7.074676], [-74.699794, 7.075048], [-74.699891, 7.075324], [-74.699677, 7.075724], [-74.699492, 7.076042], [-74.699524, 7.076248], [-74.699751, 7.076573], [-74.700126, 7.076879], [-74.700784, 7.077217]], [[-74.696301, 7.07809], [-74.69639, 7.077945], [-74.696265, 7.077438], [-74.696258, 7.07711], [-74.696354, 7.076811], [-74.696598, 7.076505], [-74.696881, 7.07636], [-74.697046, 7.076239], [-74.697047, 7.076002], [-74.697172, 7.075587], [-74.697441, 7.075368], [-74.697683, 7.075206], [-74.6978, 7.074902], [-74.697913, 7.074718], [-74.697875, 7.074288], [-74.697992, 7.073776], [-74.698396, 7.073778], [-74.698709, 7.074065], [-74.698861, 7.074183], [-74.698998, 7.074175], [-74.699127, 7.074271]], [[-74.710009, 7.080308], [-74.709807, 7.080237], [-74.709741, 7.080175], [-74.709796, 7.07999], [-74.709915, 7.079954], [-74.710342, 7.080205], [-74.710703, 7.080177], [-74.710828, 7.080104], [-74.710975, 7.079952], [-74.710998, 7.079823], [-74.710985, 7.079655], [-74.710873, 7.079452], [-74.710765, 7.079355], [-74.71066, 7.079287], [-74.710337, 7.079243], [-74.70994, 7.07917], [-74.709406, 7.078966], [-74.709193, 7.078892], [-74.708929, 7.0788], [-74.708512, 7.078778], [-74.708279, 7.07873], [-74.708204, 7.078668], [-74.707978, 7.078687], [-74.707599, 7.078621], [-74.707286, 7.078543], [-74.707029, 7.078421], [-74.706805, 7.078423], [-74.706671, 7.078485], [-74.706451, 7.078427], [-74.706093, 7.078498], [-74.705221, 7.078505], [-74.705125, 7.078431], [-74.704889, 7.078455], [-74.704756, 7.078423], [-74.704692, 7.078565]], [[-74.709911, 7.080271], [-74.709893, 7.080275], [-74.709892, 7.080272], [-74.709893, 7.080275], [-74.709911, 7.080271]], [[-74.702549, 7.077824], [-74.702409, 7.077714], [-74.702344, 7.077675]]]}}, {"type": "Feature", "properties": {"cod": "05858", "archivo": "Vegachi_v3 FO CCTTV EDS  FINAL.kmz", "metros": 7143, "tramos": 15}, "geometry": {"type": "MultiLineString", "coordinates": [[[-74.797897, 6.776823], [-74.797968, 6.776735], [-74.798193, 6.775076], [-74.798342, 6.774495], [-74.798233, 6.774485]], [[-74.798243, 6.774424], [-74.798346, 6.774419], [-74.798372, 6.774172], [-74.798364, 6.774077], [-74.798579, 6.772579], [-74.798596, 6.772286], [-74.798649, 6.77207], [-74.798716, 6.771968], [-74.79875, 6.771776], [-74.798783, 6.771586], [-74.798819, 6.771435], [-74.798676, 6.771414]], [[-74.802059, 6.778197], [-74.801994, 6.778137], [-74.80004, 6.77803], [-74.798816, 6.778027], [-74.798751, 6.778327], [-74.798603, 6.778567], [-74.797834, 6.778474], [-74.798032, 6.776858], [-74.797861, 6.776828]], [[-74.797779, 6.778531], [-74.797806, 6.778358], [-74.797827, 6.777993], [-74.797898, 6.777638], [-74.797943, 6.777237], [-74.798014, 6.776798], [-74.797925, 6.776861], [-74.797914, 6.776875]], [[-74.798567, 6.772977], [-74.798614, 6.772829], [-74.79865, 6.772443], [-74.798683, 6.772376], [-74.79868, 6.772093]], [[-74.797771, 6.778527], [-74.797888, 6.778537], [-74.798136, 6.77858], [-74.798409, 6.778591], [-74.798413, 6.778592], [-74.79865, 6.778609], [-74.798729, 6.778445], [-74.798743, 6.778436], [-74.79877, 6.778376], [-74.798824, 6.778079], [-74.799176, 6.778125], [-74.799572, 6.778072], [-74.799589, 6.77807], [-74.799866, 6.778088], [-74.80028, 6.77808], [-74.800632, 6.778096], [-74.800917, 6.778114], [-74.800927, 6.778115], [-74.801238, 6.778123], [-74.801265, 6.778126], [-74.801285, 6.778129], [-74.801466, 6.778155], [-74.801718, 6.778147], [-74.801734, 6.778149], [-74.801975, 6.778179], [-74.802061, 6.778265], [-74.802112, 6.778246]], [[-74.797913, 6.776871], [-74.798013, 6.776779], [-74.798051, 6.776453], [-74.798114, 6.776142], [-74.79813, 6.775919], [-74.798159, 6.775701], [-74.798203, 6.775307], [-74.798241, 6.774944], [-74.798359, 6.774556], [-74.798438, 6.774167], [-74.798394, 6.77413], [-74.798493, 6.773666], [-74.79852, 6.773326], [-74.798565, 6.772978]], [[-74.798684, 6.772096], [-74.798767, 6.772004], [-74.798788, 6.771732], [-74.798842, 6.771482], [-74.798882, 6.771304], [-74.798986, 6.771199], [-74.798918, 6.771093], [-74.798842, 6.771122], [-74.798608, 6.770829], [-74.798426, 6.770684], [-74.798661, 6.77045], [-74.798912, 6.770188], [-74.799084, 6.770081], [-74.799184, 6.770151], [-74.799344, 6.770377], [-74.799606, 6.770586], [-74.799684, 6.770472], [-74.799826, 6.770264], [-74.799865, 6.770245], [-74.79994, 6.770268], [-74.799945, 6.770197], [-74.800019, 6.769935], [-74.799998, 6.769724]], [[-74.798788, 6.77144], [-74.798855, 6.771305], [-74.798973, 6.771179], [-74.799433, 6.771615], [-74.799452, 6.77164], [-74.799764, 6.771855], [-74.799784, 6.771847], [-74.800013, 6.771811], [-74.800183, 6.771749], [-74.800294, 6.771727], [-74.800764, 6.771616], [-74.800783, 6.771592], [-74.80096, 6.772676], [-74.801743, 6.773118], [-74.801076, 6.773644], [-74.800644, 6.77374], [-74.80029, 6.773795], [-74.800112, 6.773788], [-74.799797, 6.773734], [-74.799647, 6.773743], [-74.799454, 6.773728], [-74.799397, 6.77392], [-74.799427, 6.774549], [-74.799897, 6.7746], [-74.799953, 6.774966], [-74.79989, 6.775269], [-74.799897, 6.775985], [-74.79988, 6.776748], [-74.801415, 6.776687], [-74.801619, 6.776978], [-74.801946, 6.777716], [-74.802067, 6.778238]], [[-74.79945, 6.774067], [-74.799466, 6.774086], [-74.799454, 6.774128]], [[-74.80008, 6.7699], [-74.800306, 6.769459], [-74.800465, 6.768914], [-74.800551, 6.768068], [-74.800648, 6.766939], [-74.800769, 6.766437], [-74.800964, 6.76554], [-74.801136, 6.765257], [-74.801467, 6.764905], [-74.801723, 6.764536], [-74.801764, 6.764084], [-74.801932, 6.763786], [-74.802124, 6.763561], [-74.80224, 6.763494], [-74.802217, 6.763189]], [[-74.798135, 6.769093], [-74.796987, 6.77026]], [[-74.800125, 6.76985], [-74.799949, 6.770198], [-74.799631, 6.770552], [-74.798961, 6.769981], [-74.798378, 6.769361], [-74.798079, 6.769055], [-74.797434, 6.767996], [-74.796608, 6.766624], [-74.79633, 6.766393], [-74.794755, 6.766238], [-74.794165, 6.766106], [-74.793492, 6.765734], [-74.792596, 6.765738]], [[-74.796989, 6.770269], [-74.797129, 6.770123], [-74.797156, 6.770144], [-74.797155, 6.770161]], [[-74.797917, 6.77784], [-74.797623, 6.779785], [-74.797821, 6.779818], [-74.798067, 6.779768], [-74.798351, 6.779721], [-74.798475, 6.779653], [-74.798532, 6.78]]]}}, {"type": "Feature", "properties": {"cod": "05885", "archivo": "YALI PTZ - LPR  EDS.kmz", "metros": 8211, "tramos": 17}, "geometry": {"type": "MultiLineString", "coordinates": [[[-74.842494, 6.674477], [-74.834181, 6.673761]], [[-74.842487, 6.674478], [-74.841164, 6.673863]], [[-74.842525, 6.674479], [-74.842173, 6.675649]], [[-74.842515, 6.674486], [-74.842243, 6.674968]], [[-74.842506, 6.674479], [-74.840896, 6.676255]], [[-74.842496, 6.674481], [-74.839536, 6.676474]], [[-74.838957, 6.676506], [-74.842047, 6.678224], [-74.842466, 6.67464], [-74.838957, 6.676506]], [[-74.842669, 6.674421], [-74.842533, 6.674109], [-74.842355, 6.673823], [-74.84221, 6.673704], [-74.841983, 6.673754], [-74.841726, 6.673901], [-74.841722, 6.67391], [-74.841705, 6.673923], [-74.841688, 6.673932], [-74.84145, 6.674123], [-74.841437, 6.674127], [-74.841432, 6.674137], [-74.84119, 6.674291], [-74.841078, 6.674174], [-74.841101, 6.673862]], [[-74.842666, 6.674488], [-74.842678, 6.674549], [-74.842665, 6.674543], [-74.842662, 6.674543], [-74.84232, 6.674765], [-74.842214, 6.67504], [-74.842211, 6.675047], [-74.842164, 6.675431], [-74.842163, 6.675438], [-74.842166, 6.67578], [-74.841667, 6.67577], [-74.841261, 6.675903], [-74.841057, 6.676076], [-74.84105, 6.676078], [-74.840811, 6.676292], [-74.84059, 6.676459], [-74.840182, 6.676511], [-74.840129, 6.676496], [-74.840111, 6.676491], [-74.840076, 6.67648], [-74.839648, 6.676395], [-74.839079, 6.676319], [-74.839068, 6.676317], [-74.838651, 6.676164], [-74.837969, 6.676015], [-74.837696, 6.67615], [-74.837341, 6.676253], [-74.837312, 6.67625], [-74.837301, 6.676263], [-74.837282, 6.676275], [-74.837005, 6.676384], [-74.836979, 6.676388], [-74.836967, 6.676394], [-74.836935, 6.67639], [-74.836914, 6.67641], [-74.836891, 6.676423], [-74.836884, 6.676422], [-74.836752, 6.676501], [-74.836748, 6.6765], [-74.836209, 6.676471], [-74.835951, 6.676379], [-74.835715, 6.67608], [-74.835409, 6.675894], [-74.835404, 6.675894], [-74.835183, 6.675572], [-74.835173, 6.675571], [-74.834818, 6.675364], [-74.834797, 6.675364], [-74.834595, 6.67502], [-74.834592, 6.675013], [-74.834581, 6.674505], [-74.834463, 6.674075], [-74.83442, 6.67408], [-74.834394, 6.674072], [-74.834171, 6.673885], [-74.834042, 6.673753], [-74.834027, 6.673756], [-74.834006, 6.673761], [-74.833827, 6.673811], [-74.833949, 6.673522]], [[-74.845877, 6.676575], [-74.845925, 6.67656], [-74.845926, 6.676504]], [[-74.845923, 6.67651], [-74.845923, 6.676558], [-74.845875, 6.676572], [-74.845695, 6.676419], [-74.845458, 6.676205], [-74.845229, 6.675911], [-74.845101, 6.675692], [-74.844943, 6.675426], [-74.84494, 6.67519], [-74.844938, 6.674924], [-74.844938, 6.674735], [-74.845019, 6.67468]], [[-74.842702, 6.67445], [-74.84274, 6.674541], [-74.84301, 6.674354], [-74.843568, 6.674367], [-74.843793, 6.674288], [-74.844036, 6.674074], [-74.8442, 6.673947], [-74.844431, 6.673947], [-74.844637, 6.674033], [-74.844822, 6.674203], [-74.844959, 6.674382], [-74.845004, 6.674767]], [[-74.842644, 6.674397], [-74.858328, 6.661902]], [[-74.842194, 6.672865], [-74.842105, 6.672891], [-74.84203, 6.672924], [-74.841961, 6.673012], [-74.841897, 6.673152], [-74.841823, 6.673285], [-74.841787, 6.673366], [-74.841759, 6.673446], [-74.841709, 6.673503], [-74.841666, 6.673545], [-74.841614, 6.673545], [-74.841563, 6.67352], [-74.841499, 6.673525], [-74.841371, 6.673527], [-74.841302, 6.67354], [-74.841267, 6.673543], [-74.841262, 6.673576], [-74.841254, 6.673641], [-74.841216, 6.673653], [-74.841173, 6.673691], [-74.841167, 6.67375], [-74.841135, 6.673795], [-74.841096, 6.673817], [-74.841071, 6.673835]], [[-74.843042, 6.673007], [-74.843072, 6.673023]], [[-74.840558, 6.674894], [-74.84048, 6.674763], [-74.84038, 6.674599], [-74.840204, 6.674541], [-74.840059, 6.674343]], [[-74.841046, 6.673863], [-74.841039, 6.67387], [-74.841034, 6.673876], [-74.840943, 6.674012], [-74.840936, 6.674019], [-74.84089, 6.674185], [-74.840953, 6.674391], [-74.840959, 6.674403], [-74.841061, 6.67447], [-74.84118, 6.674539], [-74.841195, 6.674543], [-74.841401, 6.674621], [-74.841466, 6.674775], [-74.841431, 6.674949], [-74.841388, 6.675058], [-74.841351, 6.67512], [-74.841238, 6.675187], [-74.841097, 6.675241], [-74.840899, 6.67529], [-74.840782, 6.675275], [-74.840709, 6.675158], [-74.840661, 6.675034], [-74.840563, 6.674895]]]}}, {"type": "Feature", "properties": {"cod": "05890", "archivo": "Yolombó_v2 FO CCTV EDS FINAL.kmz", "metros": 24963, "tramos": 17}, "geometry": {"type": "MultiLineString", "coordinates": [[[-75.007965, 6.600903], [-75.007891, 6.600837], [-75.007942, 6.600737], [-75.008219, 6.600398], [-75.008728, 6.599927], [-75.009259, 6.599489], [-75.010411, 6.59924], [-75.010939, 6.599231], [-75.011411, 6.599304], [-75.011639, 6.599355], [-75.011734, 6.599235]], [[-75.011735, 6.599238], [-75.011532, 6.599001]], [[-75.011544, 6.598984], [-75.011743, 6.599215], [-75.011827, 6.599151], [-75.012133, 6.59899], [-75.012466, 6.598961], [-75.012687, 6.599026], [-75.012966, 6.598983], [-75.013176, 6.598934], [-75.013409, 6.598742], [-75.013583, 6.598525], [-75.013856, 6.598227], [-75.013921, 6.598125], [-75.013915, 6.597726], [-75.014013, 6.597566], [-75.014176, 6.597386], [-75.014474, 6.597312], [-75.014649, 6.597244], [-75.014898, 6.597191], [-75.015183, 6.597222], [-75.015371, 6.597172], [-75.015483, 6.597162], [-75.015613, 6.59699], [-75.015662, 6.5969], [-75.015747, 6.596846], [-75.01591, 6.596755], [-75.01606, 6.596566], [-75.016266, 6.596517], [-75.016365, 6.596441], [-75.016472, 6.596376], [-75.016643, 6.596203], [-75.016825, 6.595989], [-75.017073, 6.595803], [-75.017637, 6.595316], [-75.017851, 6.59495], [-75.017927, 6.594756], [-75.017989, 6.594559], [-75.017991, 6.594359], [-75.018034, 6.594146], [-75.018066, 6.593969], [-75.018053, 6.593622], [-75.0181, 6.593459], [-75.018224, 6.593073], [-75.018384, 6.592651], [-75.018501, 6.592456], [-75.018553, 6.592067], [-75.018561, 6.59195], [-75.018585, 6.591761], [-75.018638, 6.591568], [-75.018822, 6.591234], [-75.018954, 6.591107], [-75.019143, 6.590934], [-75.019293, 6.590883], [-75.019362, 6.590808], [-75.019514, 6.590586], [-75.019654, 6.590259], [-75.019697, 6.5901], [-75.019588, 6.589799], [-75.019596, 6.589432], [-75.019816, 6.589087], [-75.020059, 6.5888], [-75.020138, 6.588706], [-75.020325, 6.588269], [-75.020536, 6.587955], [-75.020694, 6.587823], [-75.020983, 6.587601], [-75.021208, 6.58754], [-75.021596, 6.587545], [-75.021741, 6.587521], [-75.021928, 6.587478], [-75.022049, 6.587371], [-75.022036, 6.587269], [-75.022041, 6.587054], [-75.022043, 6.586983], [-75.022152, 6.586958], [-75.022331, 6.586924], [-75.022345, 6.586984]], [[-75.022408, 6.587033], [-75.022391, 6.586882], [-75.021975, 6.586946], [-75.021978, 6.587363], [-75.021824, 6.587428], [-75.02104, 6.587478], [-75.020518, 6.587882], [-75.020211, 6.58834], [-75.02005, 6.588704], [-75.019549, 6.589394], [-75.019601, 6.590073], [-75.019451, 6.590592], [-75.019218, 6.590858], [-75.018894, 6.591056], [-75.018552, 6.591616], [-75.018492, 6.591967], [-75.018396, 6.592296], [-75.018191, 6.592919], [-75.018031, 6.593207], [-75.01799, 6.593594], [-75.017983, 6.593795], [-75.018003, 6.593962], [-75.017988, 6.594094], [-75.017932, 6.594243], [-75.017902, 6.594506], [-75.015762, 6.594755], [-75.014543, 6.59488], [-75.01421, 6.59483], [-75.014097, 6.594186], [-75.013892, 6.593487], [-75.014104, 6.593014], [-75.014137, 6.592572], [-75.013949, 6.592366], [-75.013538, 6.592701], [-75.013208, 6.593205], [-75.012303, 6.594012], [-75.011097, 6.594817], [-75.010591, 6.595279], [-75.010029, 6.595467], [-75.009695, 6.595192], [-75.009875, 6.594724], [-75.010205, 6.594406], [-75.010583, 6.594148], [-75.010521, 6.593361], [-75.010234, 6.593117], [-75.009923, 6.592739], [-75.009716, 6.592483], [-75.00941, 6.592422], [-75.008945, 6.592375], [-75.008452, 6.591975]], [[-75.00839, 6.592104], [-75.008554, 6.592343], [-75.008284, 6.592788], [-75.008234, 6.593367], [-75.008159, 6.593781], [-75.007161, 6.59431], [-75.006716, 6.595043], [-75.006471, 6.595825], [-75.006164, 6.596351], [-75.00591, 6.59642], [-75.005277, 6.596785], [-75.005228, 6.597268], [-75.00525, 6.597585], [-75.005183, 6.598525], [-75.004934, 6.599651], [-75.004784, 6.600352], [-75.004654, 6.601255], [-75.004632, 6.601881], [-75.005126, 6.601838], [-75.005252, 6.602068], [-75.005268, 6.602201], [-75.004805, 6.60313], [-75.004594, 6.603482], [-75.004204, 6.603765], [-75.00408, 6.604859], [-75.004071, 6.605191], [-75.004421, 6.605443], [-75.005458, 6.604402], [-75.00566, 6.604149], [-75.005742, 6.603975], [-75.006349, 6.603373], [-75.006485, 6.603227], [-75.006789, 6.602944], [-75.006858, 6.602611], [-75.007041, 6.602352], [-75.00726, 6.601871], [-75.007107, 6.601685]], [[-75.00721, 6.601624], [-75.007331, 6.601741], [-75.007579, 6.601538], [-75.00768, 6.601315], [-75.007823, 6.600965], [-75.007884, 6.60085], [-75.007966, 6.600917]], [[-75.007908, 6.600851], [-75.007856, 6.600796], [-75.007905, 6.600698], [-75.007982, 6.600553], [-75.008544, 6.599989], [-75.00897, 6.59971], [-75.009592, 6.599326], [-75.010174, 6.599194], [-75.010687, 6.599121], [-75.01069, 6.598529], [-75.010769, 6.598375], [-75.010879, 6.598109], [-75.010955, 6.597874], [-75.011032, 6.597736], [-75.011194, 6.597565], [-75.011464, 6.597427], [-75.01161, 6.597301], [-75.011679, 6.597213], [-75.011803, 6.597055], [-75.011897, 6.596763], [-75.011898, 6.596591], [-75.011854, 6.596448], [-75.011837, 6.596178], [-75.011878, 6.595759], [-75.012064, 6.595561], [-75.011973, 6.595449], [-75.012066, 6.595355], [-75.012292, 6.595395], [-75.012506, 6.595443], [-75.012594, 6.595311], [-75.012624, 6.5951], [-75.012544, 6.595013], [-75.012343, 6.595043], [-75.012106, 6.595088], [-75.011621, 6.595196], [-75.011452, 6.595109], [-75.011412, 6.594931], [-75.011362, 6.594864]], [[-75.011358, 6.594866], [-75.011319, 6.594839], [-75.01098, 6.595001], [-75.010748, 6.595132], [-75.010612, 6.59562], [-75.010307, 6.595675], [-75.010047, 6.595635], [-75.009494, 6.595363], [-75.009612, 6.594895], [-75.009716, 6.594639], [-75.010157, 6.594304], [-75.0103, 6.594013], [-75.010244, 6.593695], [-75.01003, 6.593345], [-75.009756, 6.5927], [-75.009417, 6.592649], [-75.008606, 6.592406], [-75.008552, 6.59287], [-75.008471, 6.593529], [-75.008476, 6.593694], [-75.008067, 6.59408], [-75.007759, 6.594463], [-75.007487, 6.594639], [-75.007177, 6.594822], [-75.006964, 6.595504], [-75.006638, 6.596128], [-75.006381, 6.596582], [-75.005789, 6.596757], [-75.005423, 6.596678], [-75.005121, 6.597032], [-75.005372, 6.597349], [-75.005584, 6.597621], [-75.005862, 6.598574], [-75.005127, 6.599438], [-75.005418, 6.600218], [-75.004788, 6.601022], [-75.004957, 6.601514], [-75.005786, 6.602137], [-75.005269, 6.602916], [-75.004369, 6.603714], [-75.004342, 6.605244], [-75.00468, 6.605385], [-75.005154, 6.604107], [-75.006012, 6.603525], [-75.006221, 6.603344], [-75.006519, 6.602752], [-75.00684, 6.602191], [-75.006946, 6.602067]], [[-75.006943, 6.602054], [-75.007188, 6.60175], [-75.007509, 6.601481], [-75.007626, 6.601175], [-75.007757, 6.600944], [-75.007792, 6.60086], [-75.008049, 6.601001]], [[-75.010725, 6.599133], [-75.010743, 6.598787], [-75.01072, 6.598498], [-75.010802, 6.598412], [-75.010886, 6.59819], [-75.010977, 6.597878], [-75.010974, 6.597845], [-75.010778, 6.597691], [-75.01071, 6.597437], [-75.0106, 6.59734], [-75.010322, 6.597011], [-75.010168, 6.596854], [-75.009899, 6.59655], [-75.009701, 6.596487], [-75.009695, 6.596485], [-75.009693, 6.596485], [-75.009489, 6.596434], [-75.009197, 6.596323], [-75.009194, 6.596323], [-75.008927, 6.596174], [-75.008926, 6.596171], [-75.008888, 6.596102], [-75.008831, 6.595978], [-75.008822, 6.595976], [-75.008819, 6.595973], [-75.008683, 6.595823], [-75.008663, 6.59582], [-75.008644, 6.595817], [-75.008517, 6.595634], [-75.008517, 6.595633], [-75.008443, 6.595406], [-75.008393, 6.595179], [-75.008295, 6.594744], [-75.008289, 6.594738], [-75.00824, 6.594668], [-75.008336, 6.594565], [-75.008338, 6.594565], [-75.008638, 6.594459], [-75.008746, 6.594026], [-75.008734, 6.593683], [-75.008699, 6.593629], [-75.008383, 6.593438], [-75.008431, 6.593103], [-75.008433, 6.593098], [-75.008494, 6.592772], [-75.00857, 6.592348], [-75.008574, 6.592339]], [[-75.019576, 6.588453], [-75.020044, 6.588334], [-75.020274, 6.588298], [-75.020213, 6.588478], [-75.020093, 6.588715], [-75.019826, 6.589064], [-75.019581, 6.589419], [-75.019565, 6.589789], [-75.019664, 6.590083], [-75.019498, 6.590584], [-75.019283, 6.590858], [-75.019096, 6.590957], [-75.018899, 6.59112], [-75.018752, 6.591334], [-75.018606, 6.591595], [-75.018512, 6.591982], [-75.01852, 6.592129], [-75.018478, 6.592362], [-75.018403, 6.592577], [-75.018289, 6.592812], [-75.018069, 6.593342], [-75.018018, 6.593647], [-75.018044, 6.594012], [-75.01796, 6.594315], [-75.017948, 6.594583], [-75.017782, 6.595097], [-75.017555, 6.595369], [-75.016979, 6.595845], [-75.016753, 6.596039], [-75.016449, 6.596372], [-75.016248, 6.596488], [-75.016046, 6.596545], [-75.015863, 6.596756], [-75.015655, 6.596879], [-75.015479, 6.597125], [-75.015315, 6.597177], [-75.014755, 6.597173], [-75.014204, 6.597363], [-75.014167, 6.597356], [-75.013875, 6.597702], [-75.013908, 6.598129], [-75.013266, 6.598875], [-75.012991, 6.598971], [-75.012695, 6.599], [-75.012473, 6.598936], [-75.012045, 6.599022], [-75.011736, 6.599183]], [[-75.011521, 6.598945], [-75.011729, 6.599177], [-75.011626, 6.599332], [-75.011393, 6.599259], [-75.011112, 6.599207], [-75.010876, 6.599188], [-75.010712, 6.599136], [-75.010541, 6.599198], [-75.010414, 6.599202], [-75.010012, 6.59925], [-75.009704, 6.599353], [-75.009625, 6.599303], [-75.009638, 6.599357], [-75.00928, 6.599434], [-75.009108, 6.599624], [-75.008511, 6.600099], [-75.008158, 6.600451], [-75.00791, 6.600757], [-75.007704, 6.601272], [-75.00744, 6.601647], [-75.007118, 6.601982], [-75.007003, 6.602128]], [[-75.022296, 6.587017], [-75.022085, 6.587009], [-75.022026, 6.587215], [-75.021902, 6.587368], [-75.021779, 6.587503], [-75.021528, 6.587519], [-75.021247, 6.587483], [-75.021237, 6.587482], [-75.021048, 6.587519], [-75.021023, 6.587519], [-75.021003, 6.587518], [-75.020803, 6.587687], [-75.020788, 6.587689], [-75.020543, 6.587919], [-75.020419, 6.588046], [-75.020414, 6.588054], [-75.020317, 6.58821], [-75.020273, 6.588298]], [[-75.01956, 6.588447], [-75.019521, 6.588369], [-75.019467, 6.588264], [-75.019111, 6.588164], [-75.019088, 6.588212]], [[-75.012088, 6.599041], [-75.012036, 6.600238], [-75.012498, 6.60035], [-75.0115, 6.600936], [-75.011219, 6.601855], [-75.010788, 6.602453], [-75.010482, 6.603212], [-75.010992, 6.604765], [-75.010875, 6.605959], [-75.011671, 6.606155], [-75.011021, 6.607048], [-75.010601, 6.607787], [-75.010531, 6.608854], [-75.01011, 6.609179], [-75.009385, 6.609899], [-75.009019, 6.612083], [-75.009318, 6.612916], [-75.009365, 6.613592], [-75.009321, 6.614598], [-75.008474, 6.614277], [-75.008831, 6.616228], [-75.009015, 6.61677], [-75.008439, 6.617582], [-75.005675, 6.620233], [-75.0053, 6.621943], [-75.005185, 6.6245], [-75.004505, 6.624351], [-75.001676, 6.629067], [-75.002475, 6.631855], [-75.003262, 6.634402], [-75.002438, 6.637807], [-75.000949, 6.639329], [-75.000798, 6.641547], [-74.999229, 6.641996], [-74.9986, 6.644045], [-74.99673, 6.645309]], [[-75.017899, 6.594601], [-75.017803, 6.594819], [-75.01743, 6.5948], [-75.017239, 6.594961], [-75.017062, 6.595036], [-75.016667, 6.595248], [-75.016608, 6.595023], [-75.016582, 6.594704], [-75.01639, 6.594738], [-75.016214, 6.594748], [-75.016126, 6.594623], [-75.015951, 6.594591], [-75.015996, 6.594887], [-75.016059, 6.595121], [-75.015521, 6.594961], [-75.015234, 6.594894], [-75.014703, 6.59497], [-75.014506, 6.594996], [-75.014367, 6.59502], [-75.014236, 6.59506], [-75.014093, 6.594884], [-75.013953, 6.594651], [-75.013923, 6.594121], [-75.013864, 6.593807], [-75.01377, 6.593468], [-75.013695, 6.593287], [-75.013768, 6.593022], [-75.013985, 6.59272], [-75.01385, 6.592487], [-75.013657, 6.592569], [-75.013564, 6.592857], [-75.013386, 6.593267], [-75.013374, 6.593289], [-75.013369, 6.593298], [-75.013366, 6.593299], [-75.013361, 6.593303], [-75.013358, 6.593305], [-75.013189, 6.593258], [-75.012539, 6.593315], [-75.012471, 6.593427], [-75.012408, 6.59407], [-75.012079, 6.59413], [-75.011553, 6.594463], [-75.011402, 6.594625], [-75.011381, 6.594806], [-75.011297, 6.594873], [-75.010761, 6.595131], [-75.010627, 6.595595], [-75.010405, 6.595637], [-75.010173, 6.595572], [-75.009756, 6.595603], [-75.009574, 6.595458], [-75.009645, 6.595145], [-75.009642, 6.594856], [-75.009782, 6.594734], [-75.010205, 6.594363], [-75.010418, 6.594], [-75.010369, 6.593736], [-75.010272, 6.593537], [-75.010101, 6.593342], [-75.010004, 6.593109], [-75.009905, 6.592856], [-75.009801, 6.592682], [-75.009322, 6.592554], [-75.008889, 6.592412], [-75.008582, 6.592348], [-75.008545, 6.592283], [-75.008555, 6.592333], [-75.008506, 6.592699], [-75.008406, 6.593184], [-75.008427, 6.593405]], [[-75.017931, 6.594543], [-75.017805, 6.595266], [-75.017511, 6.595497], [-75.017241, 6.595752], [-75.017077, 6.595879]]]}}, {"type": "Feature", "properties": {"cod": "05150", "archivo": "DIAGNOSTICO CAROLINA V3.0.kmz", "metros": 4836, "tramos": 20}, "geometry": {"type": "MultiLineString", "coordinates": [[[-75.282444, 6.723793], [-75.281806, 6.723748], [-75.281817, 6.72365], [-75.281849, 6.723656]], [[-75.281807, 6.723778], [-75.281816, 6.72365], [-75.281847, 6.723654]], [[-75.281278, 6.723103], [-75.281269, 6.723126], [-75.281839, 6.723139], [-75.281886, 6.723133], [-75.281885, 6.723155]], [[-75.28093, 6.723089], [-75.280927, 6.72312], [-75.281887, 6.723134], [-75.281885, 6.723158]], [[-75.281126, 6.723707], [-75.281808, 6.723776], [-75.281817, 6.723655], [-75.281846, 6.723658]], [[-75.283658, 6.726402], [-75.283709, 6.726573]], [[-75.281953, 6.723215], [-75.281887, 6.723221], [-75.281875, 6.723222]], [[-75.281956, 6.723129], [-75.281897, 6.723149], [-75.281885, 6.723159], [-75.281875, 6.723216]], [[-75.281929, 6.723621], [-75.281845, 6.723616], [-75.281845, 6.723655]], [[-75.281869, 6.723224], [-75.281853, 6.723221], [-75.281845, 6.723656]], [[-75.282134, 6.721689], [-75.281882, 6.723157]], [[-75.283731, 6.723177], [-75.281882, 6.723158]], [[-75.28196, 6.729763], [-75.281923, 6.723626]], [[-75.281239, 6.725307], [-75.281926, 6.723621]], [[-75.283686, 6.726587], [-75.281921, 6.723626]], [[-75.286039, 6.726896], [-75.281927, 6.723625]], [[-75.28524, 6.728025], [-75.281929, 6.723633]], [[-75.281818, 6.728409], [-75.28192, 6.723637]], [[-75.281507, 6.722352], [-75.28152, 6.722352], [-75.282034, 6.722364], [-75.281875, 6.723225]], [[-75.288193, 6.727785], [-75.281925, 6.723628]]]}}, {"type": "Feature", "properties": {"cod": "05237", "archivo": "DIAGNOSTICO DON MATIAS PROYECCION V2.0.kmz", "metros": 10581, "tramos": 20}, "geometry": {"type": "MultiLineString", "coordinates": [[[-75.396846, 6.489706], [-75.397034, 6.489935], [-75.397084, 6.490008], [-75.397183, 6.490143], [-75.397291, 6.490262], [-75.397396, 6.490318], [-75.397518, 6.490362], [-75.397661, 6.490391], [-75.397745, 6.490415], [-75.397863, 6.49043], [-75.397974, 6.490466]], [[-75.395715, 6.489019], [-75.395843, 6.489263], [-75.395885, 6.48941], [-75.39601, 6.489547], [-75.396144, 6.489577], [-75.396356, 6.489633], [-75.39653, 6.489654], [-75.396685, 6.489674], [-75.396846, 6.489695]], [[-75.397971, 6.490459], [-75.398374, 6.489826], [-75.39838, 6.489742], [-75.398392, 6.489611], [-75.398417, 6.48958], [-75.398421, 6.489372], [-75.398415, 6.48935]], [[-75.397333, 6.486797], [-75.397158, 6.486882], [-75.396955, 6.48696], [-75.396744, 6.487034], [-75.396484, 6.487118], [-75.396278, 6.486589]], [[-75.396006, 6.486673], [-75.396263, 6.486572]], [[-75.396611, 6.485378], [-75.39668, 6.485529], [-75.395934, 6.485864], [-75.395795, 6.485971], [-75.395584, 6.485613]], [[-75.395119, 6.484883], [-75.395134, 6.485018], [-75.395157, 6.485108], [-75.395358, 6.485056], [-75.395536, 6.484987], [-75.395723, 6.485284], [-75.395588, 6.485619]], [[-75.399527, 6.490617], [-75.399024, 6.490806], [-75.398918, 6.490772], [-75.398801, 6.490891], [-75.398669, 6.490949], [-75.398548, 6.490987], [-75.398439, 6.490987], [-75.398315, 6.490865], [-75.398108, 6.490557], [-75.397975, 6.490484], [-75.397991, 6.490496]], [[-75.393862, 6.485497], [-75.393779, 6.485655], [-75.393337, 6.485751], [-75.393085, 6.48576], [-75.392867, 6.485714], [-75.392189, 6.485604], [-75.392041, 6.485617], [-75.39193, 6.485678], [-75.391858, 6.485682], [-75.391533, 6.485901], [-75.391098, 6.486027], [-75.390773, 6.485961], [-75.390507, 6.486212], [-75.3902, 6.48638], [-75.390037, 6.486438], [-75.38985, 6.486478], [-75.389659, 6.486682], [-75.389485, 6.486829], [-75.38927, 6.486791], [-75.389041, 6.486607], [-75.38865, 6.486189], [-75.388387, 6.48555], [-75.388436, 6.48548], [-75.388103, 6.485018], [-75.387859, 6.484787], [-75.387331, 6.484352], [-75.387267, 6.48441], [-75.387301, 6.484533]], [[-75.389551, 6.492422], [-75.389604, 6.492842], [-75.389615, 6.49286], [-75.389813, 6.49323], [-75.389834, 6.493243], [-75.39017, 6.493452], [-75.39018, 6.493458], [-75.390577, 6.493638], [-75.390582, 6.493647], [-75.390769, 6.493778], [-75.39128, 6.494021], [-75.391465, 6.494223], [-75.391848, 6.494642], [-75.392391, 6.495334], [-75.392477, 6.495423], [-75.39269, 6.495741], [-75.393012, 6.495721], [-75.392947, 6.495747]], [[-75.393747, 6.485414], [-75.393745, 6.485412], [-75.393783, 6.485448], [-75.393872, 6.485494], [-75.393874, 6.485486], [-75.393877, 6.485484], [-75.394177, 6.485194], [-75.394197, 6.485181], [-75.394584, 6.485086], [-75.394579, 6.48509], [-75.39494, 6.485121], [-75.394959, 6.485116], [-75.395242, 6.485117], [-75.395538, 6.485005], [-75.39572, 6.485309], [-75.395719, 6.485317], [-75.395681, 6.485392], [-75.395577, 6.485608], [-75.395582, 6.48562], [-75.39559, 6.485638], [-75.39575, 6.485978], [-75.395764, 6.485969], [-75.395909, 6.486041], [-75.395925, 6.486053], [-75.396128, 6.486356], [-75.396196, 6.486702], [-75.395982, 6.487285], [-75.39607, 6.487866], [-75.396684, 6.488206], [-75.397064, 6.488462], [-75.397263, 6.48865], [-75.397423, 6.488766], [-75.397989, 6.489003], [-75.39811, 6.489075], [-75.39842, 6.4892], [-75.398834, 6.489485], [-75.399163, 6.489617], [-75.399351, 6.489639], [-75.39956, 6.489641], [-75.399932, 6.489369], [-75.400315, 6.48933], [-75.400711, 6.489307], [-75.400957, 6.489343], [-75.401296, 6.489384], [-75.401438, 6.489532], [-75.401915, 6.489636], [-75.402315, 6.489639], [-75.402767, 6.489578], [-75.4032, 6.489562], [-75.403599, 6.489751], [-75.404106, 6.490205], [-75.404397, 6.490511], [-75.405119, 6.490554], [-75.405335, 6.491405], [-75.406039, 6.491682], [-75.406615, 6.491288], [-75.40727, 6.491241], [-75.407903, 6.491411], [-75.408074, 6.492078], [-75.408477, 6.492377], [-75.408899, 6.49204], [-75.40886, 6.491635], [-75.408698, 6.491291], [-75.408669, 6.491163], [-75.408599, 6.490958], [-75.408548, 6.490695], [-75.408397, 6.490546], [-75.408351, 6.490454]], [[-75.389549, 6.492422], [-75.389556, 6.492511], [-75.389712, 6.492373], [-75.389694, 6.491711], [-75.389353, 6.491169], [-75.388976, 6.491011], [-75.388095, 6.491153], [-75.387353, 6.489805], [-75.388008, 6.488926], [-75.388398, 6.488139], [-75.388531, 6.487073], [-75.388344, 6.486269], [-75.387972, 6.485519], [-75.387594, 6.48485], [-75.387266, 6.484415]], [[-75.394692, 6.486037], [-75.394717, 6.486002], [-75.394782, 6.486016], [-75.394957, 6.486315], [-75.39522, 6.486168], [-75.395744, 6.485967]], [[-75.391533, 6.482444], [-75.391614, 6.482409], [-75.391599, 6.482084], [-75.391532, 6.481834], [-75.391473, 6.481836], [-75.391478, 6.481652]], [[-75.398351, 6.491044], [-75.398337, 6.4911]], [[-75.397748, 6.48986], [-75.397896, 6.489924], [-75.398043, 6.489987], [-75.398243, 6.49007], [-75.398104, 6.490282], [-75.397975, 6.490481], [-75.398119, 6.490551], [-75.398234, 6.490724], [-75.398241, 6.491143], [-75.398344, 6.491051]], [[-75.387268, 6.484526], [-75.387243, 6.484295], [-75.387376, 6.484254], [-75.387498, 6.484292], [-75.387642, 6.484284], [-75.38782, 6.4842], [-75.387953, 6.484107], [-75.388142, 6.483899], [-75.388301, 6.483759], [-75.388108, 6.483528], [-75.387891, 6.483242], [-75.387651, 6.482991], [-75.387504, 6.482791], [-75.3874, 6.482662], [-75.387677, 6.482407], [-75.387729, 6.482238], [-75.3879, 6.481836], [-75.388019, 6.481675], [-75.38815, 6.481483], [-75.388288, 6.481327], [-75.388402, 6.481228], [-75.388573, 6.481146], [-75.388689, 6.481126], [-75.388988, 6.481095], [-75.389407, 6.481052], [-75.389671, 6.480948], [-75.389975, 6.480845], [-75.390241, 6.480754], [-75.390511, 6.480703], [-75.39076, 6.48079], [-75.39083, 6.480889], [-75.390879, 6.480944], [-75.391098, 6.480943], [-75.391293, 6.480977], [-75.39142, 6.481419], [-75.391479, 6.481796], [-75.391715, 6.481748], [-75.391955, 6.481714], [-75.39213, 6.48167], [-75.39215, 6.481964], [-75.392212, 6.48219], [-75.392218, 6.482235], [-75.39248, 6.482127], [-75.392809, 6.482002], [-75.393086, 6.481914], [-75.393349, 6.481872], [-75.393481, 6.481837], [-75.393542, 6.482065], [-75.393592, 6.48227], [-75.393599, 6.482345], [-75.393528, 6.482427], [-75.393321, 6.482472], [-75.393031, 6.482592], [-75.392759, 6.482721], [-75.392561, 6.482886], [-75.392499, 6.48297], [-75.392602, 6.483279], [-75.392659, 6.48349], [-75.392699, 6.483723], [-75.392767, 6.48387], [-75.392953, 6.483963], [-75.393073, 6.484086], [-75.39331, 6.484178], [-75.393494, 6.4843], [-75.39365, 6.484267], [-75.393737, 6.484234], [-75.393757, 6.484318], [-75.39358, 6.484431], [-75.393352, 6.484564], [-75.393551, 6.484941], [-75.393675, 6.485168], [-75.393728, 6.485393]], [[-75.396622, 6.485379], [-75.396718, 6.485538], [-75.396794, 6.485699], [-75.396883, 6.485869], [-75.396958, 6.486048], [-75.397031, 6.48622], [-75.397109, 6.486372], [-75.397197, 6.486564], [-75.397271, 6.486662], [-75.397341, 6.486786], [-75.397382, 6.486843], [-75.397466, 6.486972], [-75.397574, 6.487182], [-75.397685, 6.487318], [-75.397915, 6.487515], [-75.398014, 6.487568], [-75.398107, 6.487674], [-75.398217, 6.487775], [-75.398293, 6.487874], [-75.398395, 6.48793], [-75.398453, 6.48805], [-75.398569, 6.488149], [-75.398691, 6.488242], [-75.398772, 6.488261], [-75.398895, 6.488294], [-75.398998, 6.488381], [-75.39909, 6.488489], [-75.399064, 6.488595], [-75.398954, 6.488687], [-75.398823, 6.488761], [-75.398702, 6.488887], [-75.398595, 6.489026], [-75.398501, 6.489151], [-75.398429, 6.489269]], [[-75.395715, 6.489008], [-75.395748, 6.488931], [-75.395719, 6.488829], [-75.395637, 6.488725], [-75.395524, 6.488644], [-75.395375, 6.488547], [-75.395253, 6.488449], [-75.395148, 6.488362], [-75.395059, 6.488175], [-75.394982, 6.487996], [-75.395011, 6.487798], [-75.394944, 6.48757], [-75.394893, 6.487454], [-75.39481, 6.487307], [-75.394764, 6.487195], [-75.394881, 6.487125], [-75.394994, 6.487074], [-75.395133, 6.486999], [-75.395253, 6.486936], [-75.39519, 6.486787], [-75.395133, 6.486677], [-75.395055, 6.486542], [-75.394995, 6.486413], [-75.394959, 6.486339], [-75.394843, 6.486192], [-75.394741, 6.486048], [-75.394681, 6.486038]], [[-75.389377, 6.486843], [-75.389616, 6.486827], [-75.389861, 6.486725], [-75.390068, 6.486606], [-75.390373, 6.486456], [-75.390615, 6.486297], [-75.390801, 6.486215], [-75.390982, 6.48617], [-75.391162, 6.48622], [-75.391338, 6.486231], [-75.391468, 6.486225], [-75.391579, 6.486138], [-75.391716, 6.486038], [-75.391956, 6.486023], [-75.392162, 6.486202], [-75.392274, 6.486352], [-75.392428, 6.486419], [-75.3926, 6.486468], [-75.392784, 6.486504], [-75.39295, 6.486557], [-75.393134, 6.48662], [-75.393298, 6.486645], [-75.39348, 6.486784], [-75.393619, 6.487], [-75.393748, 6.487214], [-75.39386, 6.487414], [-75.393913, 6.487602], [-75.394065, 6.487527], [-75.39419, 6.487444], [-75.394067, 6.487263], [-75.393955, 6.487032], [-75.393826, 6.486758], [-75.393685, 6.486547], [-75.393627, 6.486416], [-75.393742, 6.486358], [-75.393994, 6.486214], [-75.394153, 6.486129], [-75.394196, 6.486081], [-75.394083, 6.485882], [-75.393981, 6.485692], [-75.393891, 6.485549], [-75.393732, 6.485407]]]}}, {"type": "Feature", "properties": {"cod": "05686", "archivo": "DIAGNOSTICO SANTA ROSA DE OSOS PROYECCION.kmz", "metros": 9913, "tramos": 18}, "geometry": {"type": "MultiLineString", "coordinates": [[[-75.466581, 6.647294], [-75.466637, 6.647206], [-75.466457, 6.647036], [-75.465877, 6.646799], [-75.465472, 6.646319], [-75.464921, 6.64604], [-75.464661, 6.645988], [-75.463861, 6.645619], [-75.463632, 6.645639], [-75.463558, 6.64559], [-75.462766, 6.645459], [-75.4622, 6.645171], [-75.462207, 6.644987], [-75.462311, 6.644822], [-75.462402, 6.644639], [-75.462512, 6.644454], [-75.462587, 6.644328], [-75.462509, 6.64433]], [[-75.460448, 6.64422], [-75.460391, 6.644536], [-75.460264, 6.644877], [-75.460135, 6.645213], [-75.460044, 6.645542], [-75.459964, 6.64576], [-75.459858, 6.646081], [-75.459743, 6.646428], [-75.45963, 6.646733], [-75.45959, 6.646917], [-75.459448, 6.647077], [-75.459252, 6.647324], [-75.45896, 6.647621], [-75.458718, 6.647878], [-75.458303, 6.648293], [-75.458029, 6.648602], [-75.457784, 6.648824], [-75.45787, 6.649053], [-75.458028, 6.649395], [-75.458051, 6.649563], [-75.458031, 6.649686], [-75.457991, 6.64994], [-75.457872, 6.650295], [-75.457622, 6.650636], [-75.457647, 6.650911], [-75.457678, 6.651042], [-75.457872, 6.650886], [-75.458066, 6.650818], [-75.458216, 6.650763]], [[-75.457577, 6.653883], [-75.457943, 6.653818], [-75.458104, 6.653671], [-75.45819, 6.653414], [-75.45815, 6.653087], [-75.458267, 6.652699], [-75.458268, 6.652327], [-75.458542, 6.651952], [-75.45886, 6.651788], [-75.459186, 6.651643], [-75.459527, 6.651505], [-75.459695, 6.651356], [-75.4598, 6.651183], [-75.459929, 6.651093], [-75.46013, 6.650947], [-75.46032, 6.650785], [-75.460436, 6.650668], [-75.460551, 6.650547]], [[-75.44955, 6.639328], [-75.44949, 6.639082], [-75.449414, 6.638783], [-75.449393, 6.638552], [-75.449531, 6.638405], [-75.449958, 6.638292], [-75.450033, 6.638271], [-75.450579, 6.638255], [-75.450725, 6.638051], [-75.450841, 6.637884], [-75.450921, 6.63762], [-75.450928, 6.63741], [-75.450723, 6.637176], [-75.450615, 6.636939], [-75.450627, 6.63669], [-75.450817, 6.636336], [-75.451012, 6.63612], [-75.451442, 6.636339], [-75.451607, 6.636524], [-75.45185, 6.63666], [-75.452092, 6.636735], [-75.452326, 6.636845], [-75.452532, 6.63696], [-75.452754, 6.637033], [-75.453102, 6.637159], [-75.453369, 6.637109], [-75.453732, 6.636932], [-75.454091, 6.636757], [-75.454655, 6.6365], [-75.455471, 6.636247], [-75.456004, 6.636487], [-75.456388, 6.636817], [-75.456651, 6.636942], [-75.456862, 6.637216], [-75.457039, 6.637531], [-75.457111, 6.637655], [-75.457236, 6.638037], [-75.457527, 6.638364], [-75.457797, 6.63874], [-75.457917, 6.639142], [-75.457963, 6.639427], [-75.45823, 6.64], [-75.458637, 6.640549], [-75.458966, 6.640955], [-75.459272, 6.641309], [-75.459554, 6.641649], [-75.459663, 6.641799], [-75.459834, 6.642073], [-75.460031, 6.642406], [-75.460256, 6.642763], [-75.460477, 6.643042], [-75.460917, 6.643373], [-75.460773, 6.643746], [-75.460498, 6.644351], [-75.460412, 6.644295], [-75.460458, 6.644234]], [[-75.461747, 6.650068], [-75.461655, 6.649929], [-75.461673, 6.649546], [-75.461858, 6.649591], [-75.462241, 6.6498], [-75.4626, 6.649992], [-75.462684, 6.64987], [-75.462649, 6.649505], [-75.462605, 6.649212], [-75.462616, 6.648974], [-75.462668, 6.648715], [-75.462677, 6.648502]], [[-75.459748, 6.649948], [-75.459637, 6.64989], [-75.459622, 6.649923], [-75.459568, 6.649946], [-75.459501, 6.649933], [-75.459264, 6.649847], [-75.458969, 6.649765], [-75.458746, 6.649694], [-75.458659, 6.649695], [-75.45824, 6.649936], [-75.45824, 6.650235], [-75.458233, 6.650436], [-75.458216, 6.65052], [-75.458149, 6.650647], [-75.458109, 6.650724], [-75.458015, 6.650858], [-75.457514, 6.651201], [-75.457078, 6.651409], [-75.457061, 6.651577], [-75.456933, 6.651689], [-75.456973, 6.651899], [-75.457071, 6.652226], [-75.457348, 6.652759], [-75.457348, 6.652759], [-75.457547, 6.653186], [-75.457528, 6.653312], [-75.457621, 6.653751], [-75.457548, 6.653842], [-75.457417, 6.654199], [-75.457334, 6.654603], [-75.457003, 6.654892], [-75.456734, 6.655231], [-75.456679, 6.655389], [-75.456585, 6.655632], [-75.456359, 6.656058], [-75.455972, 6.656516], [-75.455677, 6.656777], [-75.455585, 6.656877]], [[-75.45815, 6.650646], [-75.458259, 6.650821]], [[-75.459614, 6.649918], [-75.459561, 6.649951], [-75.459837, 6.650031], [-75.460178, 6.650139], [-75.460577, 6.650253], [-75.460652, 6.650289], [-75.460684, 6.65013], [-75.460794, 6.649765], [-75.460864, 6.649517], [-75.46097, 6.649218], [-75.460814, 6.649131]], [[-75.460653, 6.650285], [-75.460449, 6.650664]], [[-75.460813, 6.649131], [-75.461089, 6.649278], [-75.461608, 6.649474], [-75.461669, 6.649533], [-75.461661, 6.649927], [-75.461762, 6.65007], [-75.461724, 6.650067]], [[-75.461183, 6.648578], [-75.461423, 6.648653], [-75.46181, 6.648796], [-75.461995, 6.648862], [-75.462252, 6.648948], [-75.462441, 6.649012], [-75.462517, 6.649078], [-75.46258, 6.649088], [-75.462616, 6.648903], [-75.46267, 6.648697], [-75.462777, 6.648565], [-75.462765, 6.648304], [-75.462869, 6.648128], [-75.462927, 6.647895], [-75.46293, 6.647685], [-75.463038, 6.647543], [-75.463068, 6.647213], [-75.463202, 6.646846], [-75.463318, 6.646538], [-75.463308, 6.646365], [-75.463498, 6.646433], [-75.463774, 6.646507], [-75.463969, 6.646548], [-75.46419, 6.646638], [-75.464485, 6.646719], [-75.464711, 6.646774], [-75.465054, 6.646892], [-75.465376, 6.64698], [-75.465614, 6.647023], [-75.465885, 6.647116], [-75.466162, 6.647196], [-75.466497, 6.6473], [-75.466559, 6.647294]], [[-75.464732, 6.646783], [-75.464736, 6.646783], [-75.464992, 6.64675], [-75.465088, 6.646438], [-75.465156, 6.646174], [-75.465498, 6.646261], [-75.4655, 6.646256], [-75.465494, 6.646157], [-75.465589, 6.645925], [-75.46571, 6.645621], [-75.465433, 6.645487], [-75.46533, 6.645446]], [[-75.462673, 6.648694], [-75.46278, 6.648561], [-75.462762, 6.6483], [-75.462872, 6.648127]], [[-75.460827, 6.649126], [-75.460953, 6.648983], [-75.461023, 6.64882], [-75.461028, 6.648725], [-75.461052, 6.648623], [-75.461184, 6.64858], [-75.461193, 6.648364], [-75.461316, 6.648276], [-75.461363, 6.648106], [-75.461446, 6.647949], [-75.461411, 6.647811], [-75.461252, 6.647704], [-75.460926, 6.647503], [-75.460776, 6.647366], [-75.460609, 6.647235], [-75.460455, 6.647059], [-75.460337, 6.646981], [-75.460693, 6.646641], [-75.460787, 6.646524], [-75.460941, 6.646352], [-75.461006, 6.646393], [-75.461094, 6.646296], [-75.461353, 6.645993], [-75.461464, 6.645803], [-75.461645, 6.645623], [-75.461833, 6.645414], [-75.461992, 6.645227], [-75.462125, 6.64514], [-75.462298, 6.644902], [-75.462411, 6.64472], [-75.462559, 6.644442], [-75.462501, 6.644299]], [[-75.460377, 6.647004], [-75.460064, 6.647303], [-75.459968, 6.647381], [-75.459994, 6.647432], [-75.460054, 6.647421]], [[-75.462146, 6.645108], [-75.462037, 6.645061], [-75.461845, 6.644988], [-75.461611, 6.644854], [-75.461332, 6.644671], [-75.461282, 6.644592], [-75.461098, 6.644505], [-75.460831, 6.644422], [-75.460583, 6.644312], [-75.460492, 6.644357], [-75.4606, 6.644121], [-75.460753, 6.643791], [-75.460919, 6.643376], [-75.460663, 6.64318], [-75.460482, 6.643058], [-75.460356, 6.64291], [-75.460249, 6.642781], [-75.460139, 6.642574], [-75.460258, 6.642214], [-75.460389, 6.641861], [-75.460788, 6.641916], [-75.460944, 6.641799], [-75.461128, 6.641548], [-75.461293, 6.641299], [-75.461477, 6.64105], [-75.461724, 6.640726], [-75.461871, 6.640526], [-75.462001, 6.640183], [-75.462114, 6.639904], [-75.462226, 6.639596], [-75.46237, 6.639188], [-75.462565, 6.638948], [-75.462791, 6.638666], [-75.463046, 6.638291], [-75.46342, 6.637764], [-75.463823, 6.637246], [-75.463918, 6.637086], [-75.463905, 6.636955], [-75.463845, 6.636734], [-75.46393, 6.636346], [-75.464014, 6.635907], [-75.464101, 6.63551], [-75.46412, 6.635421], [-75.464011, 6.635327]], [[-75.460488, 6.644348], [-75.460407, 6.644308], [-75.460467, 6.644189]], [[-75.462753, 6.638718], [-75.463301, 6.637931], [-75.463338, 6.637884]]]}}, {"type": "Feature", "properties": {"cod": "05887", "archivo": "DIAGNOSTICO YARUMAL PROYECCION (1).kmz", "metros": 1454, "tramos": 1}, "geometry": {"type": "MultiLineString", "coordinates": [[[-75.417685, 6.961563], [-75.417814, 6.961345], [-75.417939, 6.961208], [-75.418211, 6.961361], [-75.418479, 6.9616], [-75.418451, 6.961714], [-75.418224, 6.961951], [-75.418024, 6.962216], [-75.417796, 6.962473], [-75.417567, 6.962773], [-75.417346, 6.963023], [-75.417029, 6.963349], [-75.416766, 6.963675], [-75.416547, 6.963927], [-75.416302, 6.964232], [-75.416053, 6.964132], [-75.415754, 6.963823], [-75.415322, 6.963492], [-75.414902, 6.963303], [-75.41459, 6.963114], [-75.414205, 6.962943], [-75.413873, 6.96281], [-75.413457, 6.9625], [-75.41313, 6.962307], [-75.413354, 6.962024], [-75.413594, 6.961696], [-75.413365, 6.961525], [-75.413143, 6.961454], [-75.41291, 6.961296], [-75.412794, 6.961202], [-75.41262, 6.961346], [-75.412494, 6.961617], [-75.412485, 6.96168], [-75.412339, 6.961673], [-75.412134, 6.961705], [-75.411852, 6.96177], [-75.411523, 6.961805], [-75.411161, 6.961815], [-75.410795, 6.961856], [-75.41064, 6.961898], [-75.410149, 6.961707], [-75.410093, 6.961564]]]}}, {"type": "Feature", "properties": {"cod": "05038", "archivo": "FINAL ANGOSTURA.kmz", "metros": 1987, "tramos": 4}, "geometry": {"type": "MultiLineString", "coordinates": [[[-75.335405, 6.881065], [-75.335314, 6.881044], [-75.335124, 6.881401], [-75.334873, 6.88164], [-75.334824, 6.881519], [-75.334461, 6.881641], [-75.33414, 6.881742], [-75.333835, 6.881613], [-75.333565, 6.881744], [-75.333839, 6.881624], [-75.334136, 6.881748], [-75.334461, 6.881647], [-75.334819, 6.881525], [-75.334862, 6.881639], [-75.334934, 6.881896], [-75.335005, 6.882199], [-75.33528, 6.882856], [-75.335197, 6.883309], [-75.335708, 6.883418], [-75.336237, 6.883186], [-75.336573, 6.883156], [-75.336885, 6.883146], [-75.337143, 6.883131], [-75.337412, 6.883086], [-75.337403, 6.88285], [-75.337507, 6.882531], [-75.337549, 6.88229], [-75.337612, 6.881953]], [[-75.336575, 6.883159], [-75.336674, 6.883153], [-75.33665, 6.883345], [-75.336582, 6.883807], [-75.336532, 6.884086], [-75.336435, 6.884356], [-75.336362, 6.884696], [-75.33619, 6.884694], [-75.335835, 6.884665], [-75.335259, 6.884635], [-75.334874, 6.884529], [-75.334779, 6.884516], [-75.334123, 6.884469], [-75.334064, 6.884753], [-75.333988, 6.885092], [-75.333955, 6.885266], [-75.333924, 6.88553], [-75.333889, 6.885894], [-75.333844, 6.885936], [-75.333861, 6.886017], [-75.334041, 6.88605], [-75.334489, 6.886138], [-75.334573, 6.886059], [-75.334587, 6.88589], [-75.334905, 6.885979], [-75.335059, 6.885921], [-75.335055, 6.886033], [-75.335148, 6.886092], [-75.335187, 6.88616], [-75.335174, 6.886244], [-75.335132, 6.886439], [-75.335095, 6.886711], [-75.335074, 6.886795], [-75.335033, 6.886748]], [[-75.334905, 6.885979], [-75.335096, 6.885804], [-75.335208, 6.88573]], [[-75.334875, 6.884528], [-75.33494, 6.884215], [-75.33503, 6.883943]]]}}, {"type": "Feature", "properties": {"cod": "05647", "archivo": "FINAL SAN ANDRES DE CUERQUIA.kmz", "metros": 2307, "tramos": 6}, "geometry": {"type": "MultiLineString", "coordinates": [[[-75.676159, 6.914937], [-75.676187, 6.914799], [-75.676129, 6.914787], [-75.676133, 6.914776], [-75.676189, 6.914793], [-75.676255, 6.914562], [-75.676314, 6.914298], [-75.676359, 6.914201], [-75.676441, 6.914059], [-75.676441, 6.91377], [-75.676526, 6.913614], [-75.676342, 6.913557], [-75.676043, 6.913474], [-75.676124, 6.913277], [-75.67616, 6.912952], [-75.676286, 6.912491], [-75.676394, 6.912129], [-75.676451, 6.911863], [-75.676556, 6.911124], [-75.676395, 6.910701], [-75.676177, 6.910308], [-75.67613, 6.9101], [-75.675949, 6.909863], [-75.675876, 6.909983], [-75.675797, 6.910327], [-75.675738, 6.910915], [-75.675591, 6.911485], [-75.675584, 6.911913], [-75.675529, 6.912188], [-75.675378, 6.912554], [-75.675287, 6.912838], [-75.675725, 6.912938], [-75.675598, 6.913354], [-75.675595, 6.913598], [-75.67546, 6.913867], [-75.675458, 6.913896], [-75.675386, 6.914215], [-75.67533, 6.914571], [-75.675247, 6.914742], [-75.675112, 6.915291], [-75.67562, 6.915338], [-75.675813, 6.915414], [-75.676086, 6.915426], [-75.676108, 6.915174], [-75.676158, 6.915133], [-75.676135, 6.91504], [-75.676159, 6.914937]], [[-75.675112, 6.915291], [-75.675081, 6.915535], [-75.674978, 6.915692], [-75.674675, 6.915821], [-75.674512, 6.915602], [-75.674307, 6.915412], [-75.674041, 6.915489], [-75.674082, 6.916094], [-75.674194, 6.916171], [-75.673883, 6.9164]], [[-75.673882, 6.916399], [-75.673889, 6.916601], [-75.673926, 6.917049], [-75.673993, 6.917362], [-75.674036, 6.917625], [-75.674108, 6.917896], [-75.674144, 6.918062], [-75.674193, 6.91825], [-75.674345, 6.918586], [-75.674417, 6.918946], [-75.674243, 6.919045], [-75.674072, 6.919148]], [[-75.673425, 6.917034], [-75.673707, 6.916725], [-75.673882, 6.916395]], [[-75.675111, 6.915497], [-75.675112, 6.915292]], [[-75.676131, 6.915035], [-75.676113, 6.914992], [-75.676504, 6.915089], [-75.676765, 6.915132]]]}}, {"type": "Feature", "properties": {"cod": "05819", "archivo": "FINAL TOLEDO.kmz", "metros": 2015, "tramos": 2}, "geometry": {"type": "MultiLineString", "coordinates": [[[-75.691319, 7.011302], [-75.691297, 7.011322], [-75.691304, 7.011326], [-75.691323, 7.011306], [-75.691499, 7.011435], [-75.69159, 7.011489], [-75.691658, 7.011375], [-75.691848, 7.01108], [-75.691852, 7.011084], [-75.691664, 7.01138], [-75.691596, 7.011492], [-75.691961, 7.011727], [-75.691701, 7.012065], [-75.691484, 7.012461], [-75.691133, 7.012235], [-75.691254, 7.011957], [-75.691348, 7.011863], [-75.691306, 7.011838], [-75.691005, 7.011629], [-75.690742, 7.011998], [-75.690482, 7.011761], [-75.690373, 7.011729], [-75.690652, 7.011355], [-75.690903, 7.01099], [-75.691166, 7.010611], [-75.691364, 7.010331], [-75.691677, 7.00989], [-75.691989, 7.010166], [-75.692029, 7.010127], [-75.69174, 7.010556], [-75.691433, 7.011001], [-75.691265, 7.011272], [-75.691179, 7.011378], [-75.691252, 7.011351], [-75.691291, 7.011281], [-75.691319, 7.011302]], [[-75.697722, 7.009802], [-75.697348, 7.009283], [-75.696692, 7.009306], [-75.695982, 7.00953], [-75.695736, 7.009705], [-75.695356, 7.00974], [-75.695122, 7.009648], [-75.694624, 7.009647], [-75.694321, 7.009586], [-75.69419, 7.009149], [-75.694189, 7.008896], [-75.694038, 7.008561], [-75.693748, 7.008603], [-75.693508, 7.008791], [-75.693359, 7.008876], [-75.692916, 7.008848], [-75.692622, 7.0086], [-75.692153, 7.008475], [-75.691982, 7.008611], [-75.691765, 7.008811], [-75.691781, 7.008807], [-75.691627, 7.009053], [-75.69155, 7.009346], [-75.691914, 7.009532], [-75.69184, 7.009646], [-75.691676, 7.00989]]]}}, {"type": "Feature", "properties": {"cod": "05854", "archivo": "FINAL VALDIVIA.kmz", "metros": 1260, "tramos": 2}, "geometry": {"type": "MultiLineString", "coordinates": [[[-75.438733, 7.165718], [-75.438691, 7.165688], [-75.438716, 7.165638], [-75.438492, 7.165562], [-75.438317, 7.165695], [-75.438015, 7.165974], [-75.437876, 7.16573], [-75.437965, 7.165469], [-75.438139, 7.16507], [-75.437982, 7.164729], [-75.438305, 7.164468], [-75.438386, 7.164127], [-75.438609, 7.163946], [-75.438926, 7.164112], [-75.439082, 7.16416], [-75.439263, 7.163899], [-75.439634, 7.163462], [-75.439681, 7.163433], [-75.43984, 7.163298], [-75.439688, 7.162813], [-75.440028, 7.162183], [-75.440138, 7.161722], [-75.440263, 7.161516]], [[-75.438716, 7.165016], [-75.438724, 7.164984], [-75.439002, 7.165085], [-75.439361, 7.165169], [-75.439217, 7.165365], [-75.439071, 7.165652], [-75.438967, 7.165834], [-75.438883, 7.166033], [-75.438897, 7.166286], [-75.438617, 7.166333], [-75.438435, 7.166411], [-75.437952, 7.166565], [-75.437692, 7.166554], [-75.437438, 7.166501], [-75.437372, 7.166515], [-75.437546, 7.166297], [-75.438012, 7.165971]]]}}, {"type": "Feature", "properties": {"cod": "05044", "archivo": "ANZA 2602-2026.kmz", "metros": 1083, "tramos": 4}, "geometry": {"type": "MultiLineString", "coordinates": [[[-75.854643, 6.301968], [-75.854719, 6.301709], [-75.854497, 6.301524], [-75.854155, 6.30135], [-75.854094, 6.301325], [-75.853844, 6.301263], [-75.853804, 6.300852], [-75.854333, 6.300789], [-75.854612, 6.300783]], [[-75.853485, 6.303431], [-75.853101, 6.303397], [-75.853051, 6.303693], [-75.85218, 6.303477], [-75.852191, 6.303265], [-75.852231, 6.302972], [-75.853093, 6.303116], [-75.853919, 6.30321], [-75.854257, 6.303282]], [[-75.853451, 6.303411], [-75.853435, 6.303484], [-75.853847, 6.303539], [-75.853871, 6.303427], [-75.853733, 6.303411]], [[-75.955436, 6.302291], [-75.955309, 6.301778], [-75.955762, 6.301882], [-75.95615, 6.301979], [-75.956589, 6.302127], [-75.957027, 6.302279], [-75.957077, 6.302209]]]}}, {"type": "Feature", "properties": {"cod": "05113", "archivo": "Buritica 0403-2026.kmz", "metros": 1456, "tramos": 5}, "geometry": {"type": "MultiLineString", "coordinates": [[[-75.907249, 6.720068], [-75.907204, 6.720016], [-75.906896, 6.720275], [-75.906653, 6.719822], [-75.90682, 6.719706]], [[-75.907302, 6.720074], [-75.907217, 6.719995], [-75.907547, 6.719718], [-75.907306, 6.719327], [-75.906973, 6.719307], [-75.906836, 6.719083], [-75.907313, 6.71888], [-75.90734, 6.718767], [-75.907437, 6.71863], [-75.90763, 6.718489], [-75.907912, 6.718328], [-75.90807, 6.718085], [-75.908333, 6.71838], [-75.908383, 6.718209], [-75.908589, 6.71793], [-75.908812, 6.717596], [-75.908887, 6.717408]], [[-75.908428, 6.71821], [-75.90847, 6.718134], [-75.908392, 6.718128], [-75.90834, 6.718278], [-75.908372, 6.718422], [-75.908438, 6.718693], [-75.908394, 6.719048]], [[-75.907345, 6.719342], [-75.907342, 6.719306], [-75.907274, 6.719321], [-75.907269, 6.71937], [-75.906999, 6.719679], [-75.90691, 6.719726], [-75.906832, 6.719714], [-75.906761, 6.719722], [-75.906549, 6.719865], [-75.90623, 6.719966], [-75.906525, 6.720349], [-75.90665, 6.720508], [-75.906656, 6.720516], [-75.90666, 6.720522], [-75.906778, 6.720724], [-75.906778, 6.720726], [-75.906753, 6.720805], [-75.906689, 6.720982], [-75.906539, 6.721263], [-75.90635, 6.721428], [-75.906187, 6.72156], [-75.906187, 6.721561], [-75.906046, 6.721729], [-75.905861, 6.721882], [-75.905794, 6.721888], [-75.905712, 6.721951], [-75.905904, 6.722192], [-75.906072, 6.722384], [-75.906164, 6.722585], [-75.906107, 6.722509]], [[-75.907337, 6.719342], [-75.907743, 6.719253], [-75.908019, 6.719306], [-75.908393, 6.719049]]]}}, {"type": "Feature", "properties": {"cod": "05125", "archivo": "CAICEDO - PROYECCIÓN.kmz", "metros": 1381, "tramos": 3}, "geometry": {"type": "MultiLineString", "coordinates": [[[-75.982868, 6.405641], [-75.982802, 6.405659], [-75.982681, 6.40527], [-75.982527, 6.404717], [-75.981683, 6.404979], [-75.981815, 6.405257], [-75.981947, 6.405574], [-75.981921, 6.405752], [-75.981723, 6.406038], [-75.981548, 6.406325], [-75.981471, 6.406576], [-75.981951, 6.406385], [-75.982489, 6.40622], [-75.982914, 6.406086], [-75.982784, 6.405664]], [[-75.982785, 6.405664], [-75.982924, 6.406098], [-75.983059, 6.406638], [-75.983286, 6.407583], [-75.983552, 6.407671], [-75.983694, 6.407696], [-75.983712, 6.407555], [-75.983641, 6.407385], [-75.983761, 6.407308], [-75.983996, 6.407445], [-75.984241, 6.407646], [-75.984514, 6.407763], [-75.984727, 6.407678]], [[-75.982912, 6.406085], [-75.983033, 6.40666], [-75.982621, 6.406752], [-75.982053, 6.406882], [-75.981879, 6.406854], [-75.981713, 6.40685], [-75.98161, 6.406663], [-75.981574, 6.406547], [-75.981468, 6.4066], [-75.981556, 6.406886], [-75.981595, 6.406974]]]}}, {"type": "Feature", "properties": {"cod": "05138", "archivo": "CAÑASGORDAS-Proyección.kmz", "metros": 2574, "tramos": 5}, "geometry": {"type": "MultiLineString", "coordinates": [[[-76.023927, 6.747426], [-76.023707, 6.747151], [-76.023177, 6.746666], [-76.023202, 6.746051], [-76.023071, 6.745582], [-76.02312, 6.745113], [-76.022843, 6.745097], [-76.022387, 6.745428], [-76.021951, 6.745375], [-76.021951, 6.745442]], [[-76.02578, 6.749803], [-76.025527, 6.749547], [-76.025102, 6.748988], [-76.024632, 6.74846], [-76.024405, 6.748619], [-76.024285, 6.748529], [-76.024046, 6.748092], [-76.02393, 6.747435]], [[-76.021967, 6.745408], [-76.022379, 6.745492], [-76.022476, 6.747003], [-76.022825, 6.747841], [-76.023244, 6.748354], [-76.023607, 6.748916], [-76.024251, 6.748517]], [[-76.025609, 6.750292], [-76.026112, 6.751093], [-76.027189, 6.75225], [-76.027647, 6.752548], [-76.027679, 6.751844], [-76.027577, 6.751476], [-76.026672, 6.750677], [-76.026286, 6.750318], [-76.025789, 6.749806]], [[-76.027599, 6.752529], [-76.02784, 6.753404], [-76.028334, 6.754499], [-76.029038, 6.75489], [-76.029253, 6.755223], [-76.029494, 6.755425], [-76.029665, 6.755664], [-76.029989, 6.755891]]]}}, {"type": "Feature", "properties": {"cod": "05234", "archivo": "DABEIBA - PROYECCIÓN.kmz", "metros": 2509, "tramos": 4}, "geometry": {"type": "MultiLineString", "coordinates": [[[-76.263813, 6.99903], [-76.264465, 6.999923], [-76.265197, 7.000678], [-76.265849, 7.001453], [-76.265058, 7.00212], [-76.26574, 7.002964], [-76.266432, 7.003749], [-76.267282, 7.00319], [-76.268053, 7.003916], [-76.268785, 7.003219], [-76.268004, 7.002356], [-76.267361, 7.001581]], [[-76.267337, 7.001531], [-76.268087, 7.001043], [-76.267448, 7.00015], [-76.266664, 6.999245], [-76.266048, 6.998489], [-76.265513, 6.99784], [-76.26458, 6.998387], [-76.263822, 6.999105]], [[-76.264337, 6.999707], [-76.264447, 6.999898], [-76.263884, 7.000341], [-76.263478, 7.000573], [-76.263382, 7.000819], [-76.263355, 7.001132], [-76.262942, 7.001603], [-76.262757, 7.001923], [-76.262578, 7.001644]], [[-76.267328, 7.001543], [-76.267835, 7.001208]]]}}, {"type": "Feature", "properties": {"cod": "05284", "archivo": "Frontino-PROYECCION 02-mar-2026.kmz", "metros": 5405, "tramos": 5}, "geometry": {"type": "MultiLineString", "coordinates": [[[-76.128541, 6.780294], [-76.128347, 6.78032], [-76.128217, 6.779708], [-76.128145, 6.778942], [-76.128113, 6.778569], [-76.127633, 6.778415], [-76.127098, 6.776481], [-76.127338, 6.776253], [-76.127299, 6.775937], [-76.1273, 6.775654], [-76.127417, 6.775146], [-76.127282, 6.774689], [-76.127055, 6.774412], [-76.126715, 6.774045], [-76.126281, 6.773768], [-76.126275, 6.773498], [-76.125835, 6.773104], [-76.125375, 6.772827], [-76.125389, 6.772486], [-76.125726, 6.772493], [-76.125752, 6.772493], [-76.126438, 6.772642], [-76.126853, 6.772604], [-76.127228, 6.772926], [-76.127585, 6.772918], [-76.127715, 6.772738], [-76.12721, 6.772389], [-76.127359, 6.77209], [-76.128927, 6.772458], [-76.131362, 6.77303], [-76.132303, 6.768797], [-76.132469, 6.767964], [-76.132812, 6.766834], [-76.133914, 6.765792], [-76.134457, 6.765356]], [[-76.131352, 6.773054], [-76.131149, 6.773871], [-76.130974, 6.774782], [-76.13123, 6.775693], [-76.131492, 6.776625], [-76.131733, 6.777139], [-76.131923, 6.777956]], [[-76.129223, 6.783591], [-76.129099, 6.783735], [-76.128927, 6.783749], [-76.128924, 6.784363], [-76.128916, 6.785247], [-76.128905, 6.78589], [-76.128914, 6.786531], [-76.128885, 6.787315], [-76.128885, 6.788201], [-76.12881, 6.788931], [-76.128768, 6.790013], [-76.128694, 6.791046], [-76.128609, 6.791651], [-76.128565, 6.79205]], [[-76.128339, 6.780284], [-76.127871, 6.780342], [-76.127354, 6.780316], [-76.126963, 6.780398], [-76.126456, 6.780295], [-76.126275, 6.780299], [-76.126283, 6.780443], [-76.126389, 6.780622], [-76.126358, 6.781101], [-76.126693, 6.781189], [-76.12671, 6.781202], [-76.126865, 6.7815], [-76.126868, 6.781608], [-76.127692, 6.781409], [-76.127921, 6.781722], [-76.128535, 6.781586], [-76.128764, 6.78226], [-76.128837, 6.782959], [-76.1288, 6.783389], [-76.12889, 6.783753]], [[-76.128324, 6.780292], [-76.128431, 6.780949], [-76.129079, 6.780867], [-76.129081, 6.780969]]]}}, {"type": "Feature", "properties": {"cod": "05656", "archivo": "Proyección San Jeronimo.kmz", "metros": 2216, "tramos": 3}, "geometry": {"type": "MultiLineString", "coordinates": [[[-75.730112, 6.444965], [-75.729485, 6.444945], [-75.729371, 6.444735], [-75.729405, 6.444469], [-75.72945, 6.444327], [-75.72931, 6.444112], [-75.728955, 6.443724], [-75.728397, 6.443081], [-75.7282, 6.442851], [-75.728155, 6.442698], [-75.72835, 6.442644]], [[-75.728168, 6.442666], [-75.728007, 6.442223], [-75.727649, 6.441797], [-75.7273, 6.441397], [-75.727082, 6.441035], [-75.726811, 6.441243], [-75.726262, 6.44051], [-75.725646, 6.439746], [-75.725146, 6.439064], [-75.724751, 6.439376], [-75.724862, 6.439584], [-75.725193, 6.440116], [-75.725046, 6.440272], [-75.725249, 6.440677], [-75.725526, 6.441129], [-75.725846, 6.441675], [-75.726403, 6.442764], [-75.72623, 6.442862], [-75.726522, 6.443341], [-75.72692, 6.443774], [-75.72743, 6.444392], [-75.727891, 6.444995], [-75.728314, 6.444709], [-75.72907, 6.444485], [-75.729417, 6.444382]], [[-75.725808, 6.441702], [-75.725823, 6.441714], [-75.726378, 6.44275], [-75.726836, 6.442574], [-75.726458, 6.442028]]]}}, {"type": "Feature", "properties": {"cod": "05761", "archivo": "Proyección Sopetran.kmz", "metros": 3408, "tramos": 6}, "geometry": {"type": "MultiLineString", "coordinates": [[[-75.741991, 6.501044], [-75.740658, 6.50055], [-75.740469, 6.500915], [-75.740935, 6.50124], [-75.741462, 6.501651], [-75.742312, 6.502148], [-75.741845, 6.502767], [-75.742613, 6.503239], [-75.743966, 6.504011], [-75.744168, 6.503345], [-75.744677, 6.502045], [-75.745332, 6.502276], [-75.74684, 6.502615], [-75.746895, 6.502168], [-75.746523, 6.501619], [-75.747474, 6.50172], [-75.748365, 6.501765], [-75.748254, 6.502576], [-75.748265, 6.503067]], [[-75.743905, 6.504011], [-75.743905, 6.504038], [-75.743529, 6.504963]], [[-75.744658, 6.502029], [-75.745005, 6.501153], [-75.743935, 6.500901], [-75.744429, 6.499664], [-75.743812, 6.49967], [-75.743224, 6.499697], [-75.743066, 6.499729], [-75.742788, 6.499699], [-75.742388, 6.499382], [-75.742267, 6.499212], [-75.742259, 6.499211], [-75.742006, 6.49894], [-75.741912, 6.498817], [-75.741717, 6.498841], [-75.741709, 6.49885], [-75.74169, 6.498869], [-75.741678, 6.498879], [-75.741573, 6.499004], [-75.741493, 6.499328], [-75.741464, 6.499429], [-75.741373, 6.499725], [-75.741299, 6.499903], [-75.740807, 6.499688], [-75.740667, 6.500525]], [[-75.74065, 6.500501], [-75.73918, 6.500092]], [[-75.741985, 6.501038], [-75.742706, 6.50129], [-75.742828, 6.500811], [-75.743306, 6.500874]], [[-75.744698, 6.502026], [-75.745027, 6.501146], [-75.744632, 6.501023], [-75.744572, 6.501225]]]}}, {"type": "Feature", "properties": {"cod": "05042", "archivo": "Santa Fe - Proyección.kmz", "metros": 4409, "tramos": 7}, "geometry": {"type": "MultiLineString", "coordinates": [[[-75.827581, 6.555954], [-75.827661, 6.555849], [-75.82697, 6.55531], [-75.826292, 6.554751], [-75.825886, 6.555468], [-75.825153, 6.556543], [-75.824762, 6.557208], [-75.824661, 6.557529], [-75.824622, 6.557986], [-75.824598, 6.55852], [-75.824433, 6.558936]], [[-75.827675, 6.555912], [-75.828212, 6.556342], [-75.828976, 6.556943], [-75.829625, 6.557457], [-75.829128, 6.55815], [-75.829143, 6.558151], [-75.831197, 6.559584], [-75.829883, 6.561559]], [[-75.824768, 6.557201], [-75.82515, 6.557486], [-75.825664, 6.557956], [-75.826082, 6.558396], [-75.826494, 6.55877], [-75.826816, 6.558912], [-75.826973, 6.558953], [-75.827393, 6.559249], [-75.827399, 6.559259], [-75.82747, 6.559338], [-75.82776, 6.559926], [-75.827906, 6.560026], [-75.828171, 6.560128], [-75.828191, 6.560128], [-75.828604, 6.560292], [-75.829014, 6.56056], [-75.829208, 6.560785], [-75.829453, 6.561208], [-75.829792, 6.561476], [-75.829897, 6.561537]], [[-75.829914, 6.561522], [-75.830344, 6.561789], [-75.830799, 6.562016], [-75.831329, 6.56213], [-75.831386, 6.562162], [-75.832285, 6.562393], [-75.832769, 6.56249], [-75.833227, 6.562443], [-75.833742, 6.562354], [-75.833953, 6.562351], [-75.83439, 6.562546], [-75.834689, 6.562749], [-75.834944, 6.563023]], [[-75.826801, 6.558916], [-75.826589, 6.559612], [-75.82665, 6.559968], [-75.826651, 6.55999], [-75.826636, 6.560319], [-75.826622, 6.560349], [-75.826427, 6.560704], [-75.82661, 6.561108], [-75.826658, 6.561803], [-75.826067, 6.562494], [-75.825464, 6.562963], [-75.824667, 6.563422]], [[-75.824673, 6.563408], [-75.824061, 6.563753], [-75.823011, 6.564517], [-75.822122, 6.565027], [-75.821195, 6.564727], [-75.820428, 6.564445], [-75.819972, 6.564117]], [[-75.826829, 6.558917], [-75.827148, 6.55836], [-75.827212, 6.558248], [-75.827433, 6.557869], [-75.827068, 6.557607]]]}}, {"type": "Feature", "properties": {"cod": "05154", "archivo": "CAUCASIA VF.kmz", "metros": 12694, "tramos": 28}, "geometry": {"type": "MultiLineString", "coordinates": [[[-75.202479, 7.97845], [-75.202305, 7.978527], [-75.201967, 7.978521], [-75.201298, 7.978479], [-75.201089, 7.978475], [-75.201263, 7.979825], [-75.200386, 7.979888]], [[-75.195313, 7.994698], [-75.195487, 7.994696], [-75.195487, 7.994696], [-75.194892, 7.994693], [-75.194671, 7.994651], [-75.194472, 7.994339], [-75.193931, 7.993669], [-75.193765, 7.993042], [-75.193524, 7.992461], [-75.193334, 7.991977], [-75.193201, 7.991567], [-75.192941, 7.991212], [-75.193464, 7.990917], [-75.193758, 7.99073], [-75.193722, 7.990056], [-75.193718, 7.989912]], [[-75.19549, 7.972779], [-75.195558, 7.973101], [-75.195897, 7.973367], [-75.195478, 7.973345], [-75.195248, 7.973307], [-75.195207, 7.973542], [-75.195177, 7.973858], [-75.19513, 7.97436], [-75.195066, 7.974655], [-75.194984, 7.974883], [-75.194857, 7.975208], [-75.194737, 7.9754], [-75.194589, 7.97572], [-75.194463, 7.975986], [-75.194507, 7.976361], [-75.194644, 7.976813], [-75.194953, 7.977585], [-75.195119, 7.978185], [-75.195281, 7.978838], [-75.19479, 7.978899], [-75.194256, 7.979024], [-75.193706, 7.97914], [-75.193214, 7.979271], [-75.192691, 7.979359], [-75.192109, 7.979513], [-75.191872, 7.979641]], [[-75.202584, 7.993435], [-75.20219, 7.993417], [-75.20178, 7.993419], [-75.201404, 7.993434], [-75.200869, 7.993452], [-75.20053, 7.993451], [-75.200147, 7.993372], [-75.199648, 7.993308], [-75.19984, 7.992588], [-75.199986, 7.991986], [-75.200138, 7.991452], [-75.200293, 7.990871], [-75.200502, 7.990309], [-75.20035, 7.990197]], [[-75.195047, 7.980973], [-75.195035, 7.980654], [-75.19507, 7.980411], [-75.195096, 7.980214], [-75.194985, 7.979921], [-75.194429, 7.980026], [-75.194078, 7.980126], [-75.193569, 7.980231], [-75.193068, 7.980344], [-75.192511, 7.980495], [-75.19204, 7.980584], [-75.191945, 7.980342], [-75.191906, 7.980035], [-75.19187, 7.979891], [-75.1918, 7.97961]], [[-75.193682, 7.989885], [-75.193701, 7.989905], [-75.193694, 7.98964], [-75.19376, 7.989286], [-75.193756, 7.988902], [-75.193915, 7.988569], [-75.193972, 7.988197]], [[-75.194019, 7.988262], [-75.193677, 7.988157], [-75.193359, 7.988057], [-75.192966, 7.988019], [-75.192535, 7.988], [-75.192125, 7.987925], [-75.191705, 7.987891], [-75.191635, 7.987836]], [[-75.194131, 7.987322], [-75.19398, 7.988218]], [[-75.193048, 7.985841], [-75.193035, 7.986104], [-75.193032, 7.986605], [-75.192964, 7.987128], [-75.194109, 7.987309]], [[-75.194107, 7.987321], [-75.194637, 7.987224], [-75.194641, 7.987477]], [[-75.202596, 7.977373], [-75.202459, 7.977225], [-75.202517, 7.976687], [-75.202564, 7.976226], [-75.202589, 7.975686], [-75.20262, 7.975216], [-75.20256, 7.974958], [-75.202485, 7.974833], [-75.202347, 7.974723], [-75.20229, 7.974655], [-75.201569, 7.974654], [-75.201262, 7.974658], [-75.200931, 7.974606], [-75.200359, 7.974552], [-75.200028, 7.974528], [-75.199658, 7.97449], [-75.199326, 7.97442], [-75.199021, 7.974389], [-75.199026, 7.974199], [-75.198675, 7.974115], [-75.198193, 7.974088], [-75.197507, 7.974001], [-75.196978, 7.973854], [-75.196681, 7.973776], [-75.196524, 7.973768], [-75.19632, 7.973641], [-75.196168, 7.973545], [-75.195795, 7.973305], [-75.195545, 7.973103], [-75.195488, 7.972744], [-75.195644, 7.972579], [-75.195726, 7.972042], [-75.195773, 7.971593], [-75.195796, 7.971339], [-75.195701, 7.971235], [-75.19546, 7.971139], [-75.19523, 7.97114], [-75.194986, 7.971057]], [[-75.194965, 7.971063], [-75.194846, 7.971087], [-75.194739, 7.971154]], [[-75.202569, 7.977392], [-75.202789, 7.977394], [-75.202987, 7.977379], [-75.203175, 7.977419], [-75.203339, 7.977384], [-75.203553, 7.977408], [-75.203709, 7.977419], [-75.203863, 7.977399]], [[-75.199216, 7.995204], [-75.199321, 7.995023], [-75.199392, 7.994912], [-75.199399, 7.994751], [-75.199348, 7.994595], [-75.199316, 7.994426], [-75.199323, 7.99428], [-75.199342, 7.994065], [-75.199377, 7.993847], [-75.199445, 7.993566], [-75.199519, 7.993213], [-75.199557, 7.99299], [-75.199625, 7.992702], [-75.199723, 7.992422], [-75.199787, 7.992215], [-75.199881, 7.991895], [-75.199957, 7.991559], [-75.200044, 7.991308], [-75.200122, 7.991025], [-75.200192, 7.990727], [-75.200256, 7.990447], [-75.20033, 7.990248], [-75.20041, 7.989921], [-75.20047, 7.989647], [-75.200558, 7.989325], [-75.200698, 7.988922], [-75.200763, 7.988671], [-75.200889, 7.988301], [-75.200982, 7.987843], [-75.20101, 7.987525]], [[-75.199212, 7.995221], [-75.199647, 7.99526], [-75.200254, 7.995361], [-75.200668, 7.995385], [-75.201, 7.995416], [-75.201463, 7.995471], [-75.201948, 7.995522], [-75.202475, 7.995569], [-75.202547, 7.995579], [-75.202495, 7.995982]], [[-75.19498, 7.980909], [-75.194969, 7.98106], [-75.195284, 7.981069], [-75.195654, 7.981045], [-75.195845, 7.980934], [-75.195787, 7.981319], [-75.19566, 7.981822]], [[-75.195682, 7.981785], [-75.195596, 7.982361], [-75.195522, 7.982835], [-75.195459, 7.983139], [-75.195349, 7.983344], [-75.195217, 7.983437], [-75.195153, 7.983693], [-75.194998, 7.984253], [-75.194862, 7.984656], [-75.194802, 7.985062], [-75.194613, 7.985634], [-75.194481, 7.98613], [-75.194374, 7.986494], [-75.194288, 7.9868], [-75.194205, 7.98712], [-75.194139, 7.987331]], [[-75.194144, 7.987327], [-75.194144, 7.987327], [-75.194538, 7.987354], [-75.194965, 7.987414], [-75.195116, 7.987441], [-75.195146, 7.987524], [-75.195297, 7.987583], [-75.195453, 7.987675], [-75.196106, 7.988111], [-75.196434, 7.988278], [-75.196612, 7.988377], [-75.196438, 7.988798], [-75.196467, 7.988977], [-75.196769, 7.988855], [-75.197006, 7.988628], [-75.197284, 7.9885], [-75.197576, 7.988356], [-75.198024, 7.988185], [-75.198512, 7.988046], [-75.198795, 7.987927], [-75.199349, 7.987811], [-75.199991, 7.987672], [-75.200487, 7.987554], [-75.200992, 7.987568]], [[-75.198815, 7.98887], [-75.198966, 7.988822], [-75.198799, 7.988194], [-75.198688, 7.988152], [-75.198603, 7.987884]], [[-75.198605, 7.987887], [-75.198714, 7.988138], [-75.198815, 7.988187], [-75.198917, 7.98865], [-75.198333, 7.988924], [-75.19815, 7.989373], [-75.197408, 7.98922]], [[-75.198589, 7.987772], [-75.197962, 7.988687]], [[-75.201009, 7.987527], [-75.201195, 7.987061], [-75.201307, 7.986605], [-75.201506, 7.98608], [-75.201556, 7.985672], [-75.201624, 7.98551], [-75.201726, 7.985124], [-75.201763, 7.98463], [-75.201817, 7.984253], [-75.201847, 7.983741], [-75.20188, 7.983392], [-75.201933, 7.983071], [-75.201956, 7.982658], [-75.202101, 7.982201]], [[-75.202631, 7.977389], [-75.202425, 7.978733], [-75.202288, 7.979938], [-75.202216, 7.981206], [-75.202055, 7.982589], [-75.202055, 7.982589]], [[-75.202097, 7.982227], [-75.201753, 7.982091], [-75.201369, 7.982195], [-75.200315, 7.982325], [-75.199252, 7.982395]], [[-75.202545, 7.993436], [-75.20268, 7.99347], [-75.202732, 7.993495], [-75.20267, 7.993904], [-75.20265, 7.994147], [-75.202634, 7.994487], [-75.202648, 7.994785], [-75.202595, 7.995055], [-75.202525, 7.995472], [-75.20243, 7.995455], [-75.202531, 7.99561]], [[-75.202539, 7.995581], [-75.202523, 7.995467], [-75.202804, 7.995528], [-75.20298, 7.995552], [-75.203156, 7.995555], [-75.203314, 7.995559], [-75.203588, 7.995599], [-75.203773, 7.995628], [-75.204211, 7.995655], [-75.204346, 7.995666], [-75.204877, 7.995727], [-75.205628, 7.995834], [-75.206307, 7.99594], [-75.207003, 7.996036], [-75.207632, 7.996142], [-75.208498, 7.996192], [-75.208851, 7.99625], [-75.208862, 7.9963], [-75.208854, 7.996383]], [[-75.199191, 7.995189], [-75.199191, 7.995189], [-75.197837, 7.995083], [-75.196482, 7.994827], [-75.195489, 7.994692], [-75.195327, 7.994799]], [[-75.202568, 7.995552], [-75.202567, 7.995585], [-75.2025, 7.995568]]]}}, {"type": "Feature", "properties": {"cod": "05250", "archivo": "EL BAGRE VF.kmz", "metros": 11778, "tramos": 10}, "geometry": {"type": "MultiLineString", "coordinates": [[[-74.802035, 7.593082], [-74.802009, 7.593352], [-74.801325, 7.593835], [-74.80021, 7.594536], [-74.800317, 7.594793]], [[-74.812217, 7.599158], [-74.812537, 7.598874], [-74.812556, 7.598616], [-74.812509, 7.598426], [-74.812165, 7.598318], [-74.811974, 7.598214], [-74.811736, 7.598168], [-74.811602, 7.598416], [-74.811353, 7.598665], [-74.811192, 7.59886], [-74.811119, 7.598843], [-74.810865, 7.598984], [-74.810744, 7.599144], [-74.810811, 7.599248], [-74.810626, 7.599234], [-74.810444, 7.599113], [-74.810165, 7.598937], [-74.809997, 7.598781], [-74.809981, 7.598888], [-74.809987, 7.599173], [-74.809972, 7.599542], [-74.809923, 7.599851], [-74.809862, 7.600285], [-74.809841, 7.600534], [-74.809777, 7.601001], [-74.809702, 7.601196], [-74.809676, 7.601482], [-74.809722, 7.601716], [-74.809695, 7.602087], [-74.809665, 7.602284], [-74.809651, 7.602607], [-74.80961, 7.602965], [-74.809544, 7.603211], [-74.80927, 7.603199], [-74.809176, 7.603174], [-74.809161, 7.603493], [-74.809147, 7.603784], [-74.809153, 7.604084], [-74.809115, 7.604384], [-74.809088, 7.604708], [-74.80879, 7.604773], [-74.808986, 7.605075], [-74.80874, 7.605318]], [[-74.807108, 7.607755], [-74.806775, 7.608029], [-74.806541, 7.608296], [-74.80642, 7.608416], [-74.806058, 7.608827], [-74.805891, 7.60906], [-74.805615, 7.609434], [-74.805417, 7.609319], [-74.805298, 7.609265], [-74.805018, 7.609093], [-74.804892, 7.608965], [-74.804843, 7.608771], [-74.804719, 7.608697], [-74.804855, 7.608504], [-74.805054, 7.608299], [-74.805254, 7.608097], [-74.805343, 7.607847], [-74.805597, 7.60767], [-74.805346, 7.60746], [-74.805749, 7.607338], [-74.805608, 7.606883], [-74.805326, 7.606856], [-74.805213, 7.606721], [-74.804927, 7.606767], [-74.804728, 7.606866], [-74.804533, 7.606808], [-74.804344, 7.606303], [-74.804502, 7.606279], [-74.804741, 7.606222], [-74.804996, 7.606169], [-74.80535, 7.606133], [-74.805752, 7.606104], [-74.806228, 7.606022], [-74.806549, 7.605924], [-74.806468, 7.605658], [-74.80638, 7.605417], [-74.806185, 7.605174], [-74.805995, 7.604955], [-74.806176, 7.604742], [-74.806527, 7.604448], [-74.806663, 7.604296], [-74.806765, 7.604154], [-74.806947, 7.603921], [-74.806857, 7.603833], [-74.807054, 7.603861], [-74.807296, 7.603901], [-74.807581, 7.603969], [-74.807732, 7.604069], [-74.807711, 7.603625], [-74.807722, 7.603515], [-74.807654, 7.60348], [-74.807927, 7.603497], [-74.808007, 7.603485], [-74.807976, 7.602965], [-74.807763, 7.602665], [-74.80761, 7.602224], [-74.807439, 7.601834], [-74.80736, 7.601561], [-74.807248, 7.601462], [-74.806953, 7.601201], [-74.806625, 7.600921], [-74.806209, 7.600576], [-74.805878, 7.600305], [-74.805679, 7.600144], [-74.805535, 7.600015], [-74.805343, 7.599762], [-74.805397, 7.599567], [-74.805092, 7.599172], [-74.804645, 7.599146], [-74.804304, 7.599126], [-74.803849, 7.599093], [-74.803228, 7.599088], [-74.80304, 7.599071], [-74.802794, 7.599079], [-74.802396, 7.59913], [-74.801517, 7.599351], [-74.801305, 7.599017], [-74.801053, 7.598519], [-74.800844, 7.598136]], [[-74.8028, 7.597379], [-74.802883, 7.597335], [-74.803364, 7.597155], [-74.803744, 7.597038], [-74.804215, 7.596874], [-74.804532, 7.596782], [-74.804813, 7.596668], [-74.804899, 7.596619], [-74.804755, 7.596387], [-74.804611, 7.596096], [-74.804469, 7.595752], [-74.804282, 7.595408], [-74.804038, 7.595319], [-74.803749, 7.595235], [-74.803535, 7.59514], [-74.803328, 7.595035], [-74.803181, 7.594906], [-74.803001, 7.594611], [-74.80293, 7.594486], [-74.802833, 7.59438], [-74.802681, 7.594252], [-74.802526, 7.594131], [-74.802195, 7.593813], [-74.80205, 7.593642], [-74.801918, 7.593344], [-74.802039, 7.59304]], [[-74.799155, 7.586771], [-74.798861, 7.586905], [-74.798573, 7.587156], [-74.798251, 7.587428], [-74.798396, 7.588104], [-74.798347, 7.588397], [-74.79828, 7.588699], [-74.798205, 7.589018], [-74.798165, 7.589381], [-74.798328, 7.589538], [-74.798617, 7.590013], [-74.798787, 7.590441], [-74.798778, 7.590889], [-74.798753, 7.591207], [-74.798812, 7.591569], [-74.798875, 7.591849], [-74.798973, 7.592128], [-74.799074, 7.592411], [-74.798739, 7.592532], [-74.798441, 7.592641], [-74.798262, 7.592707], [-74.79804, 7.592784], [-74.797712, 7.592889], [-74.797412, 7.592901], [-74.797223, 7.592971], [-74.796989, 7.593096], [-74.796813, 7.59321], [-74.796691, 7.593445], [-74.796581, 7.593702], [-74.796528, 7.593845], [-74.796559, 7.594249], [-74.796484, 7.594587], [-74.796337, 7.594761], [-74.796211, 7.59491], [-74.796172, 7.595065], [-74.796468, 7.595315], [-74.79664, 7.595647], [-74.797091, 7.595983], [-74.797239, 7.596061], [-74.797262, 7.596261], [-74.797487, 7.596255], [-74.797749, 7.596394], [-74.797822, 7.596579], [-74.79799, 7.596185]], [[-74.812446, 7.599316], [-74.812532, 7.598914], [-74.812233, 7.599176]], [[-74.812447, 7.599317], [-74.812441, 7.599329], [-74.812285, 7.599609], [-74.812276, 7.599622], [-74.812263, 7.59964], [-74.812226, 7.599714], [-74.812147, 7.599976], [-74.812102, 7.600122], [-74.812025, 7.600305], [-74.811967, 7.600507], [-74.811958, 7.600569], [-74.811957, 7.600578], [-74.811832, 7.600892], [-74.811785, 7.601158], [-74.811784, 7.601167], [-74.81178, 7.601181], [-74.811728, 7.601373], [-74.811726, 7.601387], [-74.811726, 7.60139], [-74.81169, 7.601504]], [[-74.811691, 7.601507], [-74.811673, 7.601488], [-74.811621, 7.601756], [-74.81162, 7.601761], [-74.811522, 7.602118], [-74.811515, 7.602123], [-74.811399, 7.602197], [-74.811218, 7.602449], [-74.811118, 7.602581], [-74.810947, 7.602843], [-74.810933, 7.602864], [-74.810876, 7.602971], [-74.810882, 7.602968], [-74.810726, 7.603182], [-74.81061, 7.603331], [-74.810606, 7.603336], [-74.810599, 7.603347], [-74.810557, 7.603453], [-74.810501, 7.603691], [-74.810493, 7.603702], [-74.810438, 7.603853], [-74.810437, 7.603859], [-74.810417, 7.604132], [-74.810371, 7.604366], [-74.810365, 7.604371], [-74.810282, 7.604383], [-74.810094, 7.604505], [-74.810057, 7.604515], [-74.809858, 7.604613], [-74.80968, 7.604687], [-74.809497, 7.60472], [-74.809372, 7.604827], [-74.80924, 7.604861], [-74.809118, 7.604981], [-74.809128, 7.60505], [-74.809044, 7.605112], [-74.809037, 7.605126]], [[-74.809038, 7.605128], [-74.808996, 7.605082], [-74.808995, 7.605086], [-74.808899, 7.605116], [-74.808792, 7.605258], [-74.808789, 7.605263], [-74.808789, 7.60526], [-74.808682, 7.605313], [-74.808693, 7.605335], [-74.808726, 7.605405], [-74.808728, 7.605398], [-74.808604, 7.605566], [-74.808576, 7.605604], [-74.808577, 7.605607], [-74.808572, 7.605623], [-74.808599, 7.605703], [-74.808512, 7.605962], [-74.808513, 7.605975], [-74.808532, 7.606063], [-74.808529, 7.606068], [-74.808452, 7.606203], [-74.808453, 7.606209], [-74.808449, 7.606282], [-74.808246, 7.606469], [-74.80824, 7.606477], [-74.8082, 7.60655], [-74.808005, 7.606773], [-74.807621, 7.607224], [-74.807496, 7.607376], [-74.807384, 7.607517], [-74.807327, 7.607482], [-74.80711, 7.607752]], [[-74.79916, 7.586767], [-74.799492, 7.58677], [-74.799836, 7.586997], [-74.800084, 7.587249], [-74.800281, 7.587848], [-74.800281, 7.587851], [-74.800472, 7.588304], [-74.800623, 7.588709], [-74.800625, 7.58872], [-74.800627, 7.588725], [-74.800728, 7.588969], [-74.800732, 7.588974], [-74.800734, 7.588986], [-74.800741, 7.588998], [-74.800882, 7.589316], [-74.801284, 7.589837], [-74.801307, 7.589864], [-74.801537, 7.590243], [-74.801542, 7.590249], [-74.801544, 7.590261], [-74.801551, 7.590281], [-74.801558, 7.590295], [-74.801692, 7.590727], [-74.801694, 7.590732], [-74.801699, 7.590739], [-74.801718, 7.59075], [-74.801905, 7.590836], [-74.8022, 7.591196], [-74.802205, 7.591209], [-74.80231, 7.591488], [-74.80231, 7.591493], [-74.802314, 7.591502], [-74.802315, 7.591533], [-74.802318, 7.591552], [-74.80234, 7.591878], [-74.802283, 7.592187], [-74.802277, 7.5922], [-74.802272, 7.592203], [-74.802207, 7.592456], [-74.802167, 7.592692], [-74.802158, 7.592712], [-74.802156, 7.59272], [-74.802092, 7.592931], [-74.802056, 7.59302], [-74.801943, 7.593183], [-74.801954, 7.593383], [-74.801949, 7.593383], [-74.801938, 7.593393], [-74.801755, 7.593511], [-74.80175, 7.593513], [-74.801735, 7.593524], [-74.801522, 7.593719], [-74.801287, 7.593852], [-74.800839, 7.594165], [-74.800575, 7.594332], [-74.80057, 7.594334], [-74.800321, 7.594455], [-74.800079, 7.594593], [-74.799902, 7.594705], [-74.799616, 7.594914], [-74.799536, 7.594969], [-74.799271, 7.595064], [-74.799001, 7.595223], [-74.798996, 7.595224], [-74.798917, 7.595274], [-74.798707, 7.595416], [-74.798705, 7.595416], [-74.79868, 7.59543], [-74.798466, 7.595539], [-74.798209, 7.595684], [-74.798202, 7.595691], [-74.798104, 7.595855], [-74.798097, 7.595863], [-74.798088, 7.595873], [-74.797974, 7.596127], [-74.797973, 7.596143], [-74.797973, 7.596161], [-74.797881, 7.596468], [-74.797881, 7.596472], [-74.797885, 7.596498], [-74.797916, 7.596561], [-74.798268, 7.59667], [-74.79866, 7.596813], [-74.798669, 7.596815], [-74.798746, 7.596851], [-74.798764, 7.596854], [-74.799023, 7.596929], [-74.799034, 7.596929], [-74.7992, 7.597], [-74.799383, 7.59706], [-74.799656, 7.597165], [-74.799777, 7.597212], [-74.799781, 7.597224], [-74.799783, 7.597224], [-74.79985, 7.59724], [-74.800066, 7.597327], [-74.800071, 7.597335], [-74.800083, 7.597337], [-74.800256, 7.59742], [-74.800265, 7.597428], [-74.800272, 7.597431], [-74.800292, 7.597449], [-74.800392, 7.597542], [-74.800396, 7.597544], [-74.800403, 7.597552], [-74.800418, 7.59756], [-74.800527, 7.59763], [-74.800724, 7.597965], [-74.800729, 7.59797], [-74.800731, 7.597974], [-74.800836, 7.598121], [-74.801052, 7.598121], [-74.801314, 7.598038], [-74.801646, 7.597923], [-74.801649, 7.597926], [-74.801785, 7.597881], [-74.802012, 7.597702], [-74.802063, 7.597802], [-74.802381, 7.597587], [-74.802542, 7.597511], [-74.802547, 7.597509], [-74.80257, 7.597501], [-74.8028, 7.597445], [-74.802791, 7.597453], [-74.80279, 7.597757], [-74.802775, 7.598026], [-74.802776, 7.59803], [-74.802777, 7.59804], [-74.802772, 7.598047], [-74.802764, 7.598209], [-74.802764, 7.598213], [-74.802767, 7.598223], [-74.802769, 7.598246], [-74.802766, 7.598446], [-74.802717, 7.598764], [-74.802908, 7.59874], [-74.803245, 7.598678], [-74.80326, 7.598669], [-74.803468, 7.598586], [-74.803479, 7.598584], [-74.80349, 7.598577], [-74.803687, 7.598494], [-74.803699, 7.598488], [-74.803849, 7.598485], [-74.803849, 7.598492], [-74.803917, 7.59891], [-74.803894, 7.599137], [-74.804103, 7.599164], [-74.804116, 7.599164], [-74.804283, 7.599184], [-74.804289, 7.599184], [-74.8043, 7.599187], [-74.804472, 7.599204], [-74.804479, 7.599204], [-74.804717, 7.599204], [-74.80498, 7.599223], [-74.805024, 7.599229], [-74.805036, 7.599236], [-74.805045, 7.599246], [-74.805049, 7.599255], [-74.805272, 7.599184], [-74.805264, 7.59918], [-74.805354, 7.598883], [-74.805458, 7.598505], [-74.80546, 7.598247], [-74.805459, 7.598244], [-74.805638, 7.597989], [-74.805737, 7.597953], [-74.805982, 7.598074], [-74.806429, 7.598274], [-74.806429, 7.598282], [-74.806487, 7.598356], [-74.806638, 7.598555], [-74.806638, 7.598551], [-74.806652, 7.598555], [-74.806872, 7.598748], [-74.80688, 7.598748], [-74.807156, 7.598932], [-74.807147, 7.598952], [-74.80701, 7.599178], [-74.806908, 7.599397], [-74.806692, 7.599654], [-74.806674, 7.599668], [-74.806557, 7.59982], [-74.806399, 7.600003], [-74.806259, 7.600191], [-74.806359, 7.600317], [-74.806552, 7.600473], [-74.806858, 7.600757], [-74.806876, 7.600767], [-74.807052, 7.600901], [-74.807191, 7.600974], [-74.807366, 7.60123], [-74.807466, 7.601534], [-74.807363, 7.601615], [-74.807487, 7.601817], [-74.80766, 7.602224], [-74.80766, 7.60223], [-74.807796, 7.602609], [-74.807802, 7.602609], [-74.807931, 7.602913], [-74.80798, 7.602973], [-74.807956, 7.60329], [-74.808016, 7.603474], [-74.807986, 7.603691], [-74.808002, 7.603822], [-74.808028, 7.603978], [-74.808154, 7.604263], [-74.808302, 7.604504], [-74.808411, 7.604531], [-74.808593, 7.60473], [-74.808648, 7.604826], [-74.808731, 7.604859], [-74.808731, 7.604861], [-74.808726, 7.604871], [-74.808693, 7.60497], [-74.808654, 7.605157], [-74.808685, 7.60531]]]}}, {"type": "Feature", "properties": {"cod": "05120", "archivo": "KMZ CACERES VF.kmz", "metros": 3782, "tramos": 5}, "geometry": {"type": "MultiLineString", "coordinates": [[[-75.347996, 7.582105], [-75.347981, 7.582053], [-75.348075, 7.581974], [-75.348078, 7.581974], [-75.348204, 7.581893], [-75.348305, 7.581799], [-75.3485, 7.581641], [-75.348525, 7.581643], [-75.348735, 7.581475], [-75.348576, 7.581217], [-75.348452, 7.581041], [-75.348432, 7.581074]], [[-75.348731, 7.581473], [-75.349035, 7.581261], [-75.349039, 7.581256], [-75.349277, 7.581082], [-75.349536, 7.580918], [-75.349543, 7.580921], [-75.349601, 7.580881], [-75.349423, 7.580675], [-75.34929, 7.580456], [-75.349267, 7.580367], [-75.349171, 7.580299], [-75.349132, 7.580126], [-75.348981, 7.579896], [-75.348952, 7.579947], [-75.348924, 7.57981], [-75.348976, 7.579473], [-75.34898, 7.579466], [-75.34896, 7.579387], [-75.348964, 7.579276], [-75.348963, 7.579109], [-75.348549, 7.579021], [-75.348228, 7.579005], [-75.347928, 7.578996], [-75.347767, 7.578994], [-75.347541, 7.579028], [-75.347381, 7.57919], [-75.34738, 7.579203], [-75.347378, 7.579216], [-75.34731, 7.579415], [-75.347311, 7.579419], [-75.34731, 7.579431], [-75.347248, 7.579645], [-75.347277, 7.579723], [-75.347276, 7.579736], [-75.347274, 7.579748], [-75.347091, 7.5799], [-75.347067, 7.579918], [-75.347069, 7.579916]], [[-75.348973, 7.579483], [-75.349064, 7.579083], [-75.349129, 7.579008], [-75.349333, 7.578704], [-75.349505, 7.578382], [-75.349507, 7.578374], [-75.349576, 7.578278], [-75.34958, 7.578274], [-75.349589, 7.578268], [-75.349702, 7.578204], [-75.349825, 7.57794], [-75.35003, 7.577648], [-75.350032, 7.577645], [-75.350203, 7.577288], [-75.350212, 7.577277], [-75.350384, 7.577056], [-75.35039, 7.57705], [-75.350392, 7.577035], [-75.350461, 7.576852], [-75.350601, 7.576506], [-75.350603, 7.576497], [-75.350631, 7.576299], [-75.350605, 7.576169], [-75.350607, 7.576164], [-75.350607, 7.576143], [-75.350641, 7.575927], [-75.350725, 7.575496], [-75.350717, 7.575294], [-75.350713, 7.57529], [-75.35077, 7.574956], [-75.350774, 7.574678], [-75.350857, 7.574633], [-75.350857, 7.574627], [-75.35086, 7.574497], [-75.35089, 7.574201], [-75.35092, 7.574006], [-75.350959, 7.573766], [-75.350959, 7.573761], [-75.350986, 7.5736], [-75.35099, 7.5736], [-75.351042, 7.573476], [-75.351042, 7.573467], [-75.35106, 7.573285], [-75.35106, 7.573272], [-75.35106, 7.573261], [-75.351061, 7.573246], [-75.351061, 7.573226], [-75.351065, 7.5731], [-75.351069, 7.573094], [-75.351133, 7.572841], [-75.35117, 7.572488], [-75.351123, 7.572254], [-75.35113, 7.572241], [-75.351193, 7.572073], [-75.351161, 7.57193], [-75.351202, 7.571634], [-75.351258, 7.571393], [-75.351291, 7.571093], [-75.351291, 7.571091], [-75.351337, 7.570993], [-75.351385, 7.570682], [-75.351386, 7.570675]], [[-75.348002, 7.581933], [-75.347974, 7.582054], [-75.347994, 7.582101], [-75.348142, 7.582301], [-75.348164, 7.582363], [-75.348173, 7.582405], [-75.34837, 7.582252], [-75.348586, 7.58212], [-75.348703, 7.582063], [-75.348998, 7.581907], [-75.349296, 7.581747], [-75.349612, 7.581571], [-75.349866, 7.58137], [-75.35024, 7.581173], [-75.350508, 7.581013], [-75.350805, 7.580831], [-75.350633, 7.580555], [-75.350425, 7.580224], [-75.350266, 7.580416], [-75.350164, 7.580159], [-75.350242, 7.579946], [-75.350269, 7.579671], [-75.350412, 7.579297], [-75.350471, 7.579206], [-75.350834, 7.579181], [-75.350761, 7.579101], [-75.350795, 7.578809], [-75.35084, 7.578441], [-75.350995, 7.578426], [-75.351127, 7.57837], [-75.351536, 7.578494], [-75.351889, 7.578712], [-75.351956, 7.578407], [-75.351768, 7.578176], [-75.351818, 7.578082], [-75.351754, 7.577948], [-75.351525, 7.577816], [-75.351736, 7.577519], [-75.351701, 7.5774], [-75.351886, 7.577154], [-75.352058, 7.576928], [-75.352198, 7.576957], [-75.352528, 7.576978], [-75.352851, 7.577054], [-75.353017, 7.576958], [-75.352969, 7.576551], [-75.352729, 7.576247], [-75.352898, 7.576181], [-75.352862, 7.576101], [-75.352779, 7.575931], [-75.352505, 7.575758], [-75.35233, 7.575522], [-75.352174, 7.575472], [-75.352038, 7.575174], [-75.351901, 7.575193], [-75.351784, 7.575281], [-75.35156, 7.575342], [-75.35127, 7.575064], [-75.350865, 7.574643], [-75.350768, 7.57469]], [[-75.348394, 7.581067], [-75.348387, 7.580909], [-75.348306, 7.580885], [-75.348317, 7.580684], [-75.348346, 7.58033], [-75.348173, 7.580276], [-75.347837, 7.58012], [-75.347647, 7.580049], [-75.347465, 7.580004], [-75.347205, 7.579958], [-75.347075, 7.579919]]]}}, {"type": "Feature", "properties": {"cod": "05495", "archivo": "KMZ NECHI VF.kmz", "metros": 6363, "tramos": 8}, "geometry": {"type": "MultiLineString", "coordinates": [[[-74.77293, 8.092443], [-74.77305, 8.092421], [-74.772901, 8.092141], [-74.772771, 8.091869], [-74.772773, 8.091854], [-74.772771, 8.091819], [-74.77276, 8.091601], [-74.772715, 8.091389], [-74.772705, 8.091365], [-74.772684, 8.091343], [-74.772613, 8.091126], [-74.772508, 8.09078], [-74.772511, 8.09077], [-74.772586, 8.090472], [-74.772586, 8.090452], [-74.772596, 8.090425], [-74.772605, 8.090398], [-74.772633, 8.090034], [-74.77265, 8.09004], [-74.772895, 8.090026], [-74.772918, 8.090041], [-74.772928, 8.090039], [-74.773194, 8.090069], [-74.773283, 8.090101], [-74.773312, 8.090095], [-74.773532, 8.090116], [-74.773681, 8.090141], [-74.773811, 8.090194], [-74.774155, 8.090215], [-74.774159, 8.090235], [-74.774167, 8.090248], [-74.774451, 8.090277], [-74.77446, 8.090275], [-74.77448, 8.090271], [-74.774764, 8.090299], [-74.774793, 8.089851], [-74.774837, 8.089519], [-74.774872, 8.089307], [-74.774874, 8.089291], [-74.774883, 8.089264], [-74.774939, 8.089029], [-74.774964, 8.088731], [-74.775084, 8.088338], [-74.775069, 8.08806], [-74.77507, 8.088039], [-74.775117, 8.087903], [-74.775136, 8.087626], [-74.775134, 8.08736], [-74.775162, 8.086997], [-74.775168, 8.086729], [-74.775165, 8.086694], [-74.775168, 8.086455], [-74.775155, 8.086392], [-74.775143, 8.086334], [-74.775231, 8.086172], [-74.775314, 8.085816], [-74.77557, 8.085449], [-74.775901, 8.084959], [-74.77659, 8.084099], [-74.776676, 8.083946]], [[-74.774786, 8.090323], [-74.77484, 8.090439], [-74.774867, 8.090528], [-74.774912, 8.090655], [-74.775116, 8.09089], [-74.775203, 8.090968], [-74.775315, 8.091036], [-74.775407, 8.091117], [-74.775643, 8.09129], [-74.775649, 8.091296], [-74.775701, 8.091412], [-74.775694, 8.091423], [-74.775686, 8.091431], [-74.775657, 8.091511], [-74.775617, 8.091864], [-74.775602, 8.092079], [-74.775552, 8.092314], [-74.775556, 8.092325], [-74.775427, 8.092615], [-74.775418, 8.09263], [-74.775333, 8.092794], [-74.77521, 8.093249], [-74.775198, 8.093263], [-74.775163, 8.093308], [-74.775148, 8.09332], [-74.775095, 8.093381], [-74.77509, 8.093388], [-74.774996, 8.093553], [-74.774991, 8.093557], [-74.774807, 8.09395], [-74.774944, 8.094351], [-74.774949, 8.09437], [-74.774954, 8.094392], [-74.775009, 8.094559], [-74.775016, 8.094561], [-74.775198, 8.094784], [-74.775273, 8.094777], [-74.775282, 8.094775], [-74.775589, 8.094857], [-74.775595, 8.094871], [-74.775592, 8.094949], [-74.775471, 8.095153], [-74.775306, 8.095513], [-74.775299, 8.095524], [-74.775242, 8.095646], [-74.775231, 8.095662], [-74.775146, 8.095836], [-74.775083, 8.09603], [-74.774991, 8.095941], [-74.774882, 8.095789], [-74.774783, 8.095663], [-74.774699, 8.09559], [-74.774524, 8.095328], [-74.774524, 8.095328], [-74.774432, 8.095458], [-74.77444, 8.095559], [-74.77423, 8.095643], [-74.774228, 8.09565], [-74.774067, 8.095836], [-74.773876, 8.095981], [-74.773798, 8.096026], [-74.77373, 8.09596], [-74.773636, 8.095812], [-74.773623, 8.095597], [-74.773713, 8.09561]], [[-74.773804, 8.096023], [-74.773796, 8.096031], [-74.773678, 8.096172], [-74.773749, 8.0963], [-74.77376, 8.096303], [-74.77377, 8.096304], [-74.773931, 8.096379], [-74.773944, 8.096379], [-74.774113, 8.096437], [-74.774119, 8.096442], [-74.774195, 8.096522]], [[-74.774195, 8.096525], [-74.774521, 8.096656], [-74.7747, 8.096783], [-74.774737, 8.096712], [-74.774935, 8.096892], [-74.775176, 8.097019], [-74.775219, 8.097019], [-74.775246, 8.097043], [-74.775337, 8.097086], [-74.775479, 8.097156], [-74.775538, 8.097124], [-74.775734, 8.097173], [-74.775984, 8.097288], [-74.776342, 8.097396], [-74.77643, 8.097368], [-74.776409, 8.097421], [-74.777147, 8.097821], [-74.77737, 8.097904], [-74.777383, 8.097907], [-74.777595, 8.097999], [-74.777765, 8.098087], [-74.777999, 8.098179], [-74.778426, 8.098426], [-74.778433, 8.098427], [-74.778915, 8.098612], [-74.778948, 8.09866], [-74.77903, 8.098625]], [[-74.773717, 8.095611], [-74.773623, 8.095597], [-74.773469, 8.095316], [-74.773334, 8.095155], [-74.773444, 8.095083], [-74.773594, 8.094999], [-74.773719, 8.094949], [-74.774148, 8.094747], [-74.774032, 8.094533], [-74.773918, 8.094268], [-74.773796, 8.09398], [-74.773717, 8.093827], [-74.773667, 8.093727], [-74.77364, 8.093519], [-74.773442, 8.093258], [-74.773248, 8.092839], [-74.773134, 8.092599], [-74.772931, 8.092446], [-74.77305, 8.092424]], [[-74.775682, 8.091494], [-74.775818, 8.091264], [-74.776185, 8.09132], [-74.776339, 8.091407], [-74.776882, 8.09139], [-74.77725, 8.091418], [-74.777331, 8.091439], [-74.777539, 8.091394], [-74.777759, 8.09146], [-74.77775, 8.091838], [-74.777763, 8.092318], [-74.777773, 8.092519], [-74.777794, 8.092826], [-74.777759, 8.093166], [-74.77777, 8.093347], [-74.777774, 8.093524], [-74.777638, 8.094005], [-74.77757, 8.094364], [-74.777882, 8.094385], [-74.778289, 8.094434], [-74.778407, 8.094466], [-74.778361, 8.09471], [-74.778359, 8.094932], [-74.778248, 8.095165], [-74.778136, 8.095438], [-74.777925, 8.095946], [-74.777796, 8.096194], [-74.777698, 8.096392], [-74.777586, 8.09663], [-74.777839, 8.096742], [-74.7782, 8.096922], [-74.778429, 8.097024], [-74.778769, 8.097165], [-74.778906, 8.097238], [-74.779152, 8.097324], [-74.779367, 8.097432], [-74.779522, 8.097509], [-74.779366, 8.097804], [-74.779177, 8.098171], [-74.778947, 8.098662], [-74.779037, 8.098635]], [[-74.779026, 8.098632], [-74.778945, 8.098667], [-74.779095, 8.09881], [-74.77897, 8.09898], [-74.778837, 8.099151], [-74.778615, 8.099423], [-74.778479, 8.09962], [-74.778459, 8.099645], [-74.778565, 8.099711], [-74.778565, 8.099781], [-74.778796, 8.099969], [-74.77897, 8.100095], [-74.779102, 8.100201], [-74.779185, 8.100272], [-74.779463, 8.100494], [-74.779598, 8.100532], [-74.779793, 8.100768], [-74.779944, 8.100874], [-74.780088, 8.100949], [-74.780086, 8.101121], [-74.779921, 8.101274], [-74.77978, 8.101331], [-74.779911, 8.101458], [-74.780213, 8.101707], [-74.780032, 8.101666], [-74.779672, 8.10201], [-74.779447, 8.102133], [-74.77929, 8.101965], [-74.779067, 8.10168], [-74.778945, 8.101537], [-74.778862, 8.10146], [-74.778622, 8.101539], [-74.778296, 8.101245], [-74.778161, 8.101075], [-74.777954, 8.100895], [-74.777837, 8.10078], [-74.777616, 8.100531], [-74.777505, 8.100425], [-74.777312, 8.100221], [-74.77721, 8.10013], [-74.776973, 8.099899], [-74.776714, 8.099674], [-74.776479, 8.099461], [-74.776236, 8.099245], [-74.776021, 8.0991], [-74.775988, 8.099031], [-74.775703, 8.098802], [-74.775703, 8.098683], [-74.775839, 8.098463], [-74.775942, 8.098261], [-74.775987, 8.098178], [-74.776132, 8.097881], [-74.776231, 8.097664], [-74.77632, 8.097475], [-74.776346, 8.097397], [-74.776427, 8.097373]], [[-74.777565, 8.094355], [-74.777041, 8.09427], [-74.776734, 8.094258], [-74.776385, 8.094211], [-74.776396, 8.093912]]]}}, {"type": "Feature", "properties": {"cod": "05895", "archivo": "KMZ ZARAGOZA FINAL.kmz", "metros": 7907, "tramos": 7}, "geometry": {"type": "MultiLineString", "coordinates": [[[-74.868547, 7.492622], [-74.868557, 7.492624], [-74.86865, 7.492656], [-74.868719, 7.49263], [-74.868916, 7.492545], [-74.869087, 7.492455], [-74.869101, 7.492454], [-74.869108, 7.492452], [-74.869228, 7.492327], [-74.869329, 7.492235], [-74.869332, 7.492224], [-74.869337, 7.492218], [-74.869496, 7.492095], [-74.869496, 7.49209], [-74.869502, 7.492035], [-74.869508, 7.492024], [-74.869654, 7.491891], [-74.869847, 7.491655], [-74.86985, 7.49165], [-74.869859, 7.491634], [-74.869984, 7.49149], [-74.86999, 7.491483], [-74.870054, 7.491369], [-74.870059, 7.491363], [-74.87008, 7.491333], [-74.870258, 7.49117], [-74.870629, 7.49091], [-74.870725, 7.490798], [-74.870892, 7.490616], [-74.8709, 7.490611], [-74.871096, 7.490425], [-74.871101, 7.490413], [-74.871261, 7.490209], [-74.871265, 7.490204], [-74.871278, 7.490187], [-74.871367, 7.490046], [-74.871235, 7.490008], [-74.871124, 7.489864], [-74.871116, 7.489848], [-74.871012, 7.489641], [-74.871003, 7.48963], [-74.870967, 7.489496], [-74.871299, 7.489359]], [[-74.8713, 7.489364], [-74.871236, 7.489265], [-74.871359, 7.489027], [-74.871351, 7.488855], [-74.871442, 7.488695], [-74.871471, 7.488506], [-74.87149, 7.488257], [-74.871503, 7.487993], [-74.87153, 7.487817], [-74.871604, 7.487532], [-74.871704, 7.487396], [-74.871878, 7.487219], [-74.87199, 7.487037], [-74.872223, 7.486905], [-74.872194, 7.486565], [-74.872006, 7.486341], [-74.871883, 7.486073], [-74.871804, 7.485772], [-74.871731, 7.485481], [-74.871733, 7.485339], [-74.871863, 7.485083], [-74.872054, 7.484785], [-74.872178, 7.484609], [-74.872371, 7.484091], [-74.872492, 7.483804], [-74.87258, 7.48353], [-74.872595, 7.483439], [-74.872675, 7.483311], [-74.872623, 7.483239], [-74.87262, 7.483234], [-74.872565, 7.483099], [-74.872519, 7.482966], [-74.872517, 7.482684], [-74.872542, 7.48237], [-74.872449, 7.482081], [-74.872416, 7.481863], [-74.872417, 7.48186], [-74.872476, 7.481657], [-74.872559, 7.481515], [-74.872585, 7.481208], [-74.872382, 7.480915], [-74.87224, 7.480821], [-74.872043, 7.480773], [-74.871863, 7.480692], [-74.871702, 7.480584], [-74.871433, 7.480406], [-74.871259, 7.480294], [-74.871047, 7.480052], [-74.871008, 7.479935], [-74.870995, 7.479935]], [[-74.870056, 7.491367], [-74.869896, 7.491289], [-74.869699, 7.491084], [-74.869551, 7.49087], [-74.869481, 7.490598], [-74.869172, 7.490315], [-74.869223, 7.490269], [-74.869168, 7.490308], [-74.868968, 7.490202], [-74.868836, 7.48997], [-74.868763, 7.489914], [-74.86865, 7.490028], [-74.868443, 7.490128], [-74.868354, 7.490034], [-74.868359, 7.489895], [-74.868357, 7.489885], [-74.868307, 7.489412], [-74.868256, 7.489139], [-74.868142, 7.488909], [-74.868008, 7.488828], [-74.867853, 7.488777], [-74.867497, 7.488741], [-74.867478, 7.488741], [-74.867271, 7.488716], [-74.86693, 7.488666], [-74.866551, 7.488611], [-74.866307, 7.48859], [-74.866135, 7.48855], [-74.865894, 7.488532], [-74.865573, 7.48849], [-74.865404, 7.488484], [-74.865144, 7.488463], [-74.864989, 7.488416], [-74.864713, 7.488382], [-74.864491, 7.488338], [-74.864329, 7.488303], [-74.864035, 7.488238], [-74.864028, 7.488234], [-74.863852, 7.488201], [-74.863444, 7.488091], [-74.863438, 7.488091], [-74.86321, 7.488037], [-74.863032, 7.487943], [-74.862835, 7.487869], [-74.862682, 7.487699], [-74.862369, 7.487413], [-74.862208, 7.487284], [-74.861927, 7.48708], [-74.86164, 7.486955], [-74.861352, 7.486846], [-74.86135, 7.486841], [-74.861089, 7.486722], [-74.861081, 7.486722], [-74.860855, 7.486627], [-74.860851, 7.486623], [-74.860636, 7.486511], [-74.860485, 7.486389], [-74.860378, 7.486241], [-74.860181, 7.485936], [-74.85991, 7.485554], [-74.859666, 7.485265], [-74.859463, 7.485107], [-74.859205, 7.485025], [-74.859004, 7.484994], [-74.858742, 7.484961], [-74.858375, 7.484687], [-74.858214, 7.484564]], [[-74.868647, 7.492653], [-74.868715, 7.492614], [-74.868701, 7.492705], [-74.868293, 7.493155], [-74.868255, 7.493191], [-74.868131, 7.493016], [-74.868063, 7.492867], [-74.868196, 7.492762]], [[-74.870499, 7.483229], [-74.870482, 7.483223], [-74.870749, 7.483337], [-74.870803, 7.483638], [-74.870802, 7.483924], [-74.870787, 7.484183], [-74.87062, 7.484445], [-74.870492, 7.484602], [-74.870404, 7.484546], [-74.870435, 7.484906], [-74.870446, 7.484968], [-74.870446, 7.485248], [-74.870453, 7.485625], [-74.870384, 7.485842], [-74.870281, 7.486133], [-74.87021, 7.486441], [-74.870179, 7.486651], [-74.870222, 7.487074], [-74.870253, 7.48765], [-74.870325, 7.488007], [-74.870425, 7.488466], [-74.870608, 7.488864], [-74.87089, 7.489053], [-74.871227, 7.489221], [-74.87132, 7.489422], [-74.870966, 7.489453], [-74.870797, 7.489637], [-74.870574, 7.489767], [-74.870315, 7.489929], [-74.870017, 7.490092], [-74.869805, 7.489947], [-74.869711, 7.489881], [-74.869649, 7.489841], [-74.869454, 7.489955], [-74.869175, 7.490112], [-74.869167, 7.490312], [-74.869226, 7.49027]], [[-74.859125, 7.484978], [-74.859385, 7.485097], [-74.85963, 7.485212], [-74.860281, 7.486037], [-74.860315, 7.486156], [-74.860417, 7.486117], [-74.860693, 7.485772], [-74.860919, 7.485626], [-74.861179, 7.485516], [-74.861506, 7.485247], [-74.861879, 7.484934], [-74.861926, 7.484725], [-74.862121, 7.484526], [-74.862293, 7.484375], [-74.862457, 7.48421], [-74.862582, 7.484101], [-74.862992, 7.483641], [-74.863125, 7.483484], [-74.86327, 7.48335], [-74.863399, 7.483221], [-74.863534, 7.483086], [-74.863766, 7.482939], [-74.864239, 7.482933], [-74.864636, 7.482977], [-74.865169, 7.48302], [-74.865712, 7.48307], [-74.86599, 7.483083], [-74.86641, 7.483114], [-74.866904, 7.483106], [-74.86709, 7.483127], [-74.867441, 7.483191], [-74.867645, 7.483209], [-74.867812, 7.483208], [-74.868043, 7.483328], [-74.868337, 7.483353], [-74.868529, 7.48324], [-74.868762, 7.48317], [-74.869062, 7.483105], [-74.869341, 7.482954], [-74.869584, 7.482879], [-74.869951, 7.483103], [-74.870239, 7.483151], [-74.870481, 7.483225], [-74.870581, 7.483047], [-74.870641, 7.48273], [-74.870695, 7.482529], [-74.870738, 7.482243], [-74.870743, 7.482062], [-74.870752, 7.481863], [-74.870677, 7.481596], [-74.870314, 7.481101], [-74.870582, 7.480858], [-74.870709, 7.48078], [-74.87068, 7.480628], [-74.87097, 7.480609], [-74.871026, 7.480544], [-74.871227, 7.480248], [-74.870987, 7.479946]], [[-74.868652, 7.492653], [-74.868712, 7.49262], [-74.868714, 7.492616], [-74.868583, 7.492659], [-74.868374, 7.492294], [-74.868458, 7.492246], [-74.868339, 7.492204], [-74.868353, 7.491931], [-74.868219, 7.491747], [-74.868195, 7.491441], [-74.868067, 7.491453], [-74.867707, 7.491466], [-74.86753, 7.491464], [-74.867469, 7.491478], [-74.867492, 7.491707], [-74.867645, 7.491861], [-74.867719, 7.492013], [-74.867789, 7.492155], [-74.867548, 7.49209], [-74.867188, 7.491998], [-74.86695, 7.491928], [-74.866763, 7.491893], [-74.866693, 7.491874], [-74.86637, 7.491787], [-74.866124, 7.491727], [-74.865938, 7.491676], [-74.865693, 7.491617], [-74.865573, 7.491598], [-74.865558, 7.491423], [-74.865518, 7.491136], [-74.865484, 7.490922], [-74.865512, 7.490684], [-74.86539, 7.490041], [-74.865259, 7.489475], [-74.865229, 7.489088], [-74.865355, 7.488508], [-74.865526, 7.488526], [-74.865701, 7.488538], [-74.866065, 7.488574], [-74.866308, 7.488608], [-74.866401, 7.488623], [-74.866903, 7.48869], [-74.867212, 7.488736], [-74.867569, 7.488768], [-74.8679, 7.488731], [-74.868097, 7.488845]]]}}, {"type": "Feature", "properties": {"cod": "05790", "archivo": "TARAZA V1 OK.kmz", "metros": 22929, "tramos": 17}, "geometry": {"type": "MultiLineString", "coordinates": [[[-75.399175, 7.580683], [-75.399177, 7.580728], [-75.399516, 7.580427], [-75.40032, 7.581238], [-75.400988, 7.580669], [-75.400183, 7.580029], [-75.400584, 7.579562], [-75.401038, 7.578898], [-75.401348, 7.578535], [-75.40173, 7.577982], [-75.402092, 7.577497], [-75.40147, 7.577212], [-75.401296, 7.577003], [-75.400644, 7.575992], [-75.401436, 7.57555], [-75.401548, 7.575556], [-75.401697, 7.57532], [-75.401885, 7.575102], [-75.401889, 7.575039], [-75.401733, 7.574909], [-75.401632, 7.57465], [-75.401502, 7.574681], [-75.401434, 7.574471], [-75.401387, 7.574167], [-75.401342, 7.573734], [-75.401319, 7.573557], [-75.401197, 7.573416], [-75.401092, 7.573293], [-75.400976, 7.573077], [-75.400992, 7.573043], [-75.401177, 7.573024], [-75.401346, 7.572958], [-75.401486, 7.572908], [-75.401664, 7.572876], [-75.401797, 7.57283], [-75.401852, 7.572782], [-75.401863, 7.572662], [-75.401784, 7.572407], [-75.401961, 7.572356], [-75.402082, 7.57231], [-75.402303, 7.572238], [-75.402576, 7.572164], [-75.402848, 7.572094], [-75.403153, 7.572011], [-75.403098, 7.571743], [-75.402967, 7.570962], [-75.403031, 7.570903], [-75.403153, 7.570853], [-75.403308, 7.570743], [-75.403411, 7.570668], [-75.403523, 7.570523], [-75.403601, 7.570358], [-75.403627, 7.570203], [-75.403645, 7.570046], [-75.403615, 7.569939], [-75.403458, 7.569976], [-75.403232, 7.570034], [-75.403094, 7.570074], [-75.402956, 7.570112], [-75.402817, 7.570172], [-75.402695, 7.570321], [-75.402568, 7.570413], [-75.402349, 7.570452], [-75.402099, 7.570434], [-75.402096, 7.57052], [-75.402015, 7.570885], [-75.402067, 7.571111], [-75.401917, 7.571159], [-75.401688, 7.571223], [-75.40142, 7.571292], [-75.401227, 7.571336], [-75.401202, 7.571384], [-75.401282, 7.571621], [-75.401333, 7.571928], [-75.401337, 7.572029], [-75.401307, 7.572078], [-75.401193, 7.572172], [-75.401148, 7.572284], [-75.401117, 7.572305], [-75.400987, 7.572306], [-75.40083, 7.572306], [-75.400655, 7.572309], [-75.400577, 7.572305], [-75.400543, 7.572302], [-75.400485, 7.572394], [-75.400455, 7.572544], [-75.400452, 7.572647], [-75.400482, 7.572915], [-75.40054, 7.573298], [-75.400643, 7.57388], [-75.400668, 7.574019], [-75.400608, 7.57421], [-75.400558, 7.574314], [-75.400451, 7.574396], [-75.400247, 7.57439], [-75.400068, 7.574403], [-75.399999, 7.574467], [-75.399949, 7.574738], [-75.399942, 7.574884], [-75.399987, 7.575027], [-75.399966, 7.575099], [-75.399932, 7.575281], [-75.399875, 7.57543], [-75.39982, 7.575663], [-75.399788, 7.575863], [-75.399767, 7.576093], [-75.399791, 7.576263], [-75.399842, 7.576554], [-75.399859, 7.576794], [-75.399806, 7.576921], [-75.399729, 7.577119], [-75.399623, 7.577356], [-75.399531, 7.577586], [-75.399475, 7.577738], [-75.399403, 7.577826], [-75.399097, 7.577963], [-75.398991, 7.577928], [-75.398647, 7.577795], [-75.398397, 7.577718], [-75.398239, 7.57764], [-75.398091, 7.577612], [-75.397957, 7.577602], [-75.39786, 7.577747], [-75.397744, 7.577927], [-75.397624, 7.578084], [-75.39753, 7.578236], [-75.397429, 7.578367], [-75.397414, 7.578406], [-75.397492, 7.578474], [-75.397422, 7.578586], [-75.397333, 7.578715], [-75.397303, 7.578827], [-75.397281, 7.578962], [-75.39731, 7.579308], [-75.397292, 7.579389], [-75.39804, 7.57992], [-75.398109, 7.580059], [-75.396926, 7.581265], [-75.396435, 7.580975], [-75.395985, 7.580535], [-75.395943, 7.580481], [-75.395483, 7.58082], [-75.396267, 7.581653], [-75.396619, 7.58197], [-75.397202, 7.581975], [-75.397479, 7.581633], [-75.397722, 7.581184], [-75.397675, 7.580887], [-75.397568, 7.580749], [-75.3982, 7.580143], [-75.398962, 7.580809], [-75.399072, 7.580716], [-75.399175, 7.580683]], [[-75.39941, 7.585289], [-75.399502, 7.585329], [-75.399544, 7.585339], [-75.399853, 7.585385], [-75.400197, 7.585443], [-75.400472, 7.585492], [-75.400797, 7.585544], [-75.401073, 7.585585], [-75.40128, 7.585624], [-75.401361, 7.585646], [-75.401386, 7.585713], [-75.401392, 7.58602], [-75.40141, 7.586237], [-75.401421, 7.586505], [-75.401467, 7.58672], [-75.401538, 7.586892], [-75.40172, 7.587214], [-75.401883, 7.587464], [-75.40202, 7.587638], [-75.402169, 7.587796], [-75.402276, 7.587877], [-75.40238, 7.587952], [-75.402525, 7.588104], [-75.402702, 7.588302], [-75.402952, 7.588616], [-75.403257, 7.589008], [-75.403562, 7.589433], [-75.403908, 7.589931], [-75.403871, 7.589969], [-75.40374, 7.590046], [-75.403671, 7.590081], [-75.403557, 7.590142], [-75.403489, 7.590174], [-75.403368, 7.590032], [-75.403319, 7.590061], [-75.403258, 7.590123], [-75.403219, 7.59019], [-75.403234, 7.590279], [-75.403261, 7.59035], [-75.403302, 7.590422], [-75.403314, 7.590437], [-75.403166, 7.590563], [-75.403092, 7.590496], [-75.402929, 7.590299], [-75.402709, 7.590055], [-75.40254, 7.58988], [-75.402314, 7.589595], [-75.402134, 7.589394], [-75.401934, 7.589191], [-75.401737, 7.58896], [-75.401503, 7.588692], [-75.401371, 7.588541], [-75.401158, 7.588321], [-75.400964, 7.588103], [-75.40085, 7.587978], [-75.400698, 7.587825], [-75.400588, 7.587941], [-75.400442, 7.5881], [-75.400374, 7.58816], [-75.400058, 7.587818], [-75.399886, 7.58763], [-75.399661, 7.587365], [-75.399429, 7.587108], [-75.399255, 7.586904], [-75.399061, 7.58668], [-75.398773, 7.586351], [-75.398537, 7.586123], [-75.398351, 7.585941], [-75.398298, 7.585865], [-75.398101, 7.585973], [-75.399122, 7.585259], [-75.399251, 7.585298], [-75.399374, 7.585321], [-75.399398, 7.585278]], [[-75.399499, 7.580389], [-75.399352, 7.580516], [-75.399243, 7.580633], [-75.39905, 7.58084], [-75.399302, 7.581295], [-75.399499, 7.581849], [-75.399675, 7.582276], [-75.399915, 7.5829], [-75.400143, 7.583524], [-75.400253, 7.583814], [-75.400267, 7.583974], [-75.40064, 7.584194], [-75.401054, 7.584424], [-75.400863, 7.584763], [-75.40065, 7.585104], [-75.400561, 7.585516], [-75.401145, 7.585588], [-75.401367, 7.585669], [-75.401399, 7.585846], [-75.401462, 7.586607], [-75.401781, 7.587303], [-75.402163, 7.587773], [-75.40271, 7.58836], [-75.403332, 7.589074], [-75.403746, 7.589683], [-75.403926, 7.589957], [-75.403499, 7.59016], [-75.403364, 7.590054], [-75.403225, 7.590131], [-75.403223, 7.590233], [-75.403291, 7.590387], [-75.403317, 7.590438], [-75.403169, 7.590555], [-75.402815, 7.590178], [-75.402213, 7.589484], [-75.401688, 7.58891], [-75.401162, 7.588325], [-75.400694, 7.587809], [-75.400389, 7.588155], [-75.399748, 7.58746], [-75.398849, 7.58646], [-75.398285, 7.58593], [-75.398122, 7.585953], [-75.398362, 7.585774], [-75.398713, 7.585513], [-75.399162, 7.585176], [-75.399608, 7.584823], [-75.39992, 7.584561], [-75.400063, 7.584385], [-75.400195, 7.583994], [-75.400143, 7.583644], [-75.399905, 7.583046], [-75.399824, 7.582863], [-75.399646, 7.582357], [-75.399339, 7.581602], [-75.399132, 7.581159], [-75.398968, 7.580789], [-75.398506, 7.580351], [-75.398155, 7.580114], [-75.397811, 7.58046], [-75.39753, 7.580807], [-75.397676, 7.580984], [-75.397753, 7.58115], [-75.397668, 7.581303], [-75.397532, 7.581446], [-75.397416, 7.58177], [-75.397169, 7.581996], [-75.396924, 7.582032], [-75.396596, 7.581999], [-75.396303, 7.581677], [-75.395868, 7.58122], [-75.395664, 7.581337]], [[-75.395663, 7.581323], [-75.39583, 7.581194], [-75.395491, 7.58082], [-75.395615, 7.580701], [-75.395726, 7.580573], [-75.3959, 7.580446], [-75.39595, 7.580478], [-75.396063, 7.580606], [-75.396131, 7.580701], [-75.396172, 7.580738], [-75.39637, 7.580904], [-75.396471, 7.580959], [-75.396728, 7.581136], [-75.396924, 7.581282], [-75.396962, 7.581289], [-75.397392, 7.580866], [-75.397739, 7.58048], [-75.397907, 7.58029], [-75.398105, 7.580066], [-75.398117, 7.580032], [-75.397932, 7.579849], [-75.397623, 7.579626], [-75.397291, 7.579377], [-75.396691, 7.578945], [-75.396187, 7.578577], [-75.395456, 7.578005], [-75.395197, 7.577824], [-75.395128, 7.577618], [-75.395114, 7.577501], [-75.395329, 7.577454], [-75.395608, 7.577433], [-75.395753, 7.577296], [-75.396187, 7.576969], [-75.396365, 7.576782], [-75.396567, 7.576997], [-75.396784, 7.577279], [-75.397109, 7.577403], [-75.39747, 7.577558], [-75.39785, 7.577618], [-75.397948, 7.57762], [-75.398179, 7.577623], [-75.398461, 7.577704], [-75.399074, 7.57793], [-75.399411, 7.577824], [-75.399518, 7.577608], [-75.399744, 7.577036], [-75.399868, 7.576716], [-75.399798, 7.576407], [-75.399781, 7.576026], [-75.399815, 7.575624], [-75.399848, 7.575406], [-75.399988, 7.575017], [-75.399955, 7.574829], [-75.399971, 7.574645], [-75.400005, 7.574467], [-75.400061, 7.574403], [-75.400298, 7.574416], [-75.400441, 7.574402], [-75.400562, 7.574312], [-75.400652, 7.574102], [-75.400625, 7.57381], [-75.40052, 7.573173], [-75.400467, 7.572782], [-75.400469, 7.572443], [-75.400566, 7.572305], [-75.400953, 7.572291], [-75.401124, 7.572279], [-75.401192, 7.572182], [-75.401325, 7.572009], [-75.401305, 7.57173], [-75.4012, 7.57137], [-75.401437, 7.571263], [-75.401884, 7.571145], [-75.402067, 7.571115], [-75.402017, 7.570892], [-75.402044, 7.570761], [-75.402076, 7.570576], [-75.402089, 7.570428], [-75.402304, 7.570429], [-75.402577, 7.570408], [-75.402701, 7.57029], [-75.402874, 7.57015], [-75.403154, 7.570065], [-75.403535, 7.569969], [-75.403625, 7.570009], [-75.403624, 7.570316], [-75.403553, 7.570491], [-75.403428, 7.57064], [-75.403318, 7.570738], [-75.403034, 7.570892], [-75.402958, 7.570984], [-75.403058, 7.571592], [-75.403141, 7.572009], [-75.402698, 7.572136], [-75.402079, 7.572316], [-75.401805, 7.572409], [-75.401849, 7.572679], [-75.40185, 7.572788], [-75.401577, 7.572928], [-75.401151, 7.573003], [-75.400978, 7.573069], [-75.401195, 7.573433], [-75.401314, 7.573574], [-75.401391, 7.574109], [-75.401469, 7.574577], [-75.401502, 7.574687], [-75.401643, 7.574685], [-75.40179, 7.574938], [-75.401902, 7.575095], [-75.401706, 7.575343], [-75.40154, 7.575598], [-75.401213, 7.575713], [-75.400776, 7.575969], [-75.400651, 7.576034], [-75.401134, 7.576748], [-75.401484, 7.577222], [-75.40211, 7.577517], [-75.401582, 7.578216], [-75.400939, 7.579039], [-75.400209, 7.580027], [-75.400003, 7.579949], [-75.399737, 7.580243], [-75.399461, 7.580417]], [[-75.403279, 7.590687], [-75.403149, 7.590539], [-75.402981, 7.590349], [-75.402556, 7.589912], [-75.402194, 7.590167], [-75.401558, 7.589485], [-75.400989, 7.588837], [-75.400469, 7.588256], [-75.399338, 7.586975], [-75.398341, 7.585836], [-75.398069, 7.585975], [-75.399225, 7.585214], [-75.400068, 7.585365], [-75.400485, 7.585437], [-75.401093, 7.584459], [-75.4008, 7.584293], [-75.400254, 7.583951], [-75.400214, 7.583685], [-75.399885, 7.582897], [-75.399667, 7.582292], [-75.399611, 7.582126], [-75.399301, 7.581415], [-75.399046, 7.580973], [-75.39869, 7.580439], [-75.398365, 7.580173], [-75.398206, 7.580047], [-75.397972, 7.580269], [-75.397525, 7.580786], [-75.397719, 7.581078], [-75.397731, 7.581217], [-75.397573, 7.581429], [-75.397552, 7.581522], [-75.397496, 7.581648], [-75.397489, 7.581658], [-75.397361, 7.581821], [-75.397236, 7.581986], [-75.39697, 7.581998], [-75.39655, 7.581998], [-75.396345, 7.581752], [-75.39605, 7.581384], [-75.395868, 7.581213], [-75.395678, 7.581322]], [[-75.395656, 7.581332], [-75.395844, 7.581189], [-75.395704, 7.581015], [-75.395562, 7.580808], [-75.395914, 7.580444], [-75.396167, 7.580716], [-75.396695, 7.581107], [-75.39696, 7.581273], [-75.397589, 7.580603], [-75.398115, 7.580037], [-75.397339, 7.579377], [-75.397323, 7.578933], [-75.397356, 7.57861], [-75.397476, 7.578396], [-75.397815, 7.577823], [-75.397951, 7.577652], [-75.39835, 7.57767], [-75.398909, 7.577849], [-75.399077, 7.577918], [-75.399368, 7.577824], [-75.399824, 7.576805], [-75.399844, 7.576513], [-75.399781, 7.57608], [-75.399857, 7.575668], [-75.399821, 7.575575], [-75.399919, 7.575411], [-75.400117, 7.575383], [-75.400239, 7.575429], [-75.400602, 7.575241], [-75.401132, 7.57498], [-75.401509, 7.574764], [-75.4015, 7.574685], [-75.401367, 7.574039], [-75.401296, 7.573578], [-75.401081, 7.573316], [-75.400994, 7.573101], [-75.401021, 7.573051], [-75.401788, 7.572828], [-75.401851, 7.572702], [-75.401811, 7.572457], [-75.402172, 7.572286], [-75.402814, 7.572102], [-75.403181, 7.571991], [-75.403076, 7.57162], [-75.402971, 7.571098], [-75.402954, 7.571013], [-75.40304, 7.570861], [-75.403272, 7.570765], [-75.403355, 7.57067], [-75.403357, 7.570651], [-75.403259, 7.570388], [-75.403129, 7.570108]], [[-75.397373, 7.57932], [-75.395871, 7.581331]], [[-75.400305, 7.583919], [-75.395867, 7.581375], [-75.39956, 7.580358]], [[-75.39942, 7.585286], [-75.399456, 7.585203], [-75.399353, 7.585142], [-75.399968, 7.584596], [-75.40006, 7.584498], [-75.400125, 7.584373], [-75.400188, 7.584266], [-75.400228, 7.584162], [-75.400263, 7.584051], [-75.400268, 7.583983]], [[-75.400576, 7.585477], [-75.399424, 7.585287]], [[-75.395478, 7.58073], [-75.395552, 7.580816], [-75.395502, 7.580859]], [[-75.395502, 7.580857], [-75.395647, 7.581061], [-75.395674, 7.581079], [-75.395638, 7.581105]], [[-75.395415, 7.581314], [-75.395541, 7.581237], [-75.395491, 7.581165], [-75.395481, 7.581148], [-75.39555, 7.581094], [-75.395565, 7.581106], [-75.395622, 7.581068], [-75.395647, 7.581092], [-75.395659, 7.581106], [-75.395629, 7.581128]], [[-75.399543, 7.580344], [-75.399455, 7.580428], [-75.400274, 7.581282], [-75.400632, 7.580916]], [[-75.397357, 7.579302], [-75.397318, 7.579046], [-75.397365, 7.578739], [-75.397519, 7.578478], [-75.397439, 7.578389], [-75.39778, 7.577933], [-75.397962, 7.577643], [-75.397946, 7.577569], [-75.397883, 7.57758]], [[-75.398096, 7.585974], [-75.399047, 7.585299], [-75.400057, 7.584446], [-75.400146, 7.584337], [-75.400197, 7.584229], [-75.400223, 7.584145], [-75.400238, 7.584085], [-75.400256, 7.583987], [-75.40025, 7.583891], [-75.400234, 7.583745], [-75.40021, 7.583652], [-75.400155, 7.583565], [-75.399211, 7.581189], [-75.399149, 7.581026], [-75.399078, 7.580906], [-75.398994, 7.580758], [-75.398886, 7.580616], [-75.398822, 7.58055], [-75.39873, 7.580476], [-75.398222, 7.58005], [-75.396975, 7.581367], [-75.39665, 7.581113], [-75.396438, 7.581002], [-75.39633, 7.580917], [-75.396216, 7.580812], [-75.396125, 7.580729], [-75.395763, 7.581055], [-75.395691, 7.581096], [-75.395795, 7.581212], [-75.395772, 7.581275], [-75.395663, 7.581354]], [[-75.398117, 7.585946], [-75.39903, 7.585318], [-75.399178, 7.585314], [-75.399362, 7.585234], [-75.399349, 7.585116], [-75.399822, 7.584711], [-75.40008, 7.584457], [-75.400182, 7.584273], [-75.400254, 7.584087], [-75.400267, 7.583984]]]}}, {"type": "Feature", "properties": {"cod": "05142", "archivo": "Caracoli F.O.kmz", "metros": 3638, "tramos": 10}, "geometry": {"type": "MultiLineString", "coordinates": [[[-74.755174, 6.41178], [-74.755167, 6.411624], [-74.755441, 6.411426], [-74.755647, 6.4113], [-74.755943, 6.41111], [-74.756099, 6.411032], [-74.756262, 6.410991], [-74.756487, 6.410888], [-74.756662, 6.41081], [-74.756936, 6.410696], [-74.757204, 6.410653], [-74.757279, 6.410534], [-74.757417, 6.410374], [-74.757289, 6.410189], [-74.757204, 6.41], [-74.757156, 6.409839], [-74.757088, 6.409715], [-74.756983, 6.409684], [-74.756962, 6.409715], [-74.756909, 6.409614], [-74.756811, 6.409615], [-74.75687, 6.409507], [-74.756976, 6.409366], [-74.75692, 6.409117], [-74.75686, 6.408991], [-74.756856, 6.408804], [-74.756963, 6.408686], [-74.756812, 6.408573], [-74.756686, 6.408445], [-74.756722, 6.408375]], [[-74.756962, 6.408686], [-74.757383, 6.408661], [-74.757486, 6.408659], [-74.757644, 6.408667], [-74.757957, 6.408607], [-74.758276, 6.408572], [-74.758246, 6.408707], [-74.758497, 6.408788], [-74.758332, 6.408774]], [[-74.757414, 6.410372], [-74.757717, 6.410198], [-74.757882, 6.410295], [-74.758031, 6.410434], [-74.758261, 6.410683], [-74.75816, 6.410655]], [[-74.758159, 6.410654], [-74.758249, 6.410661], [-74.75812, 6.410728], [-74.758055, 6.410787], [-74.757922, 6.410957], [-74.757625, 6.411269], [-74.75716, 6.410813], [-74.757136, 6.410601], [-74.756433, 6.410875], [-74.756596, 6.411339], [-74.756745, 6.41168], [-74.756376, 6.411501], [-74.7562, 6.411403], [-74.755862, 6.411575], [-74.755692, 6.411278], [-74.755227, 6.411559], [-74.755235, 6.411644], [-74.755171, 6.411787]], [[-74.758484, 6.408794], [-74.758247, 6.408696], [-74.758247, 6.408865], [-74.75822, 6.409158], [-74.758208, 6.409487], [-74.758235, 6.409741], [-74.758256, 6.409842], [-74.758294, 6.409886], [-74.758355, 6.409934], [-74.758471, 6.410016], [-74.758568, 6.410057], [-74.758657, 6.410195], [-74.758763, 6.410346], [-74.758769, 6.410372], [-74.758644, 6.410447], [-74.758472, 6.410541], [-74.758322, 6.410597], [-74.758251, 6.410651], [-74.758163, 6.410659]], [[-74.758334, 6.40878], [-74.758488, 6.408801], [-74.758239, 6.408713], [-74.758298, 6.408521], [-74.757936, 6.408551], [-74.757564, 6.4086], [-74.757369, 6.40865], [-74.757338, 6.408099], [-74.757331, 6.408019], [-74.756867, 6.408076], [-74.756832, 6.408119], [-74.756817, 6.408111], [-74.756752, 6.408063], [-74.756681, 6.408043], [-74.75663, 6.40805], [-74.756607, 6.408245], [-74.75671, 6.408391]], [[-74.756719, 6.408377], [-74.756628, 6.408247], [-74.756606, 6.408677], [-74.756675, 6.408755], [-74.75686, 6.408756], [-74.756918, 6.408998], [-74.75694, 6.409099], [-74.756944, 6.409166], [-74.756913, 6.409412], [-74.756768, 6.40957], [-74.756876, 6.409589], [-74.757032, 6.409706], [-74.757075, 6.40973], [-74.757099, 6.409755], [-74.75696, 6.409732]], [[-74.75671, 6.40839], [-74.756616, 6.408247], [-74.756596, 6.408671], [-74.75669, 6.408765], [-74.756556, 6.408979], [-74.756492, 6.409123], [-74.75635, 6.409289], [-74.756256, 6.409472], [-74.756102, 6.409688], [-74.755703, 6.410317], [-74.755568, 6.410461], [-74.755528, 6.410494], [-74.755445, 6.410529], [-74.755369, 6.410593], [-74.755448, 6.410813], [-74.755489, 6.410938], [-74.755877, 6.410855], [-74.755996, 6.410768], [-74.756178, 6.410573], [-74.756401, 6.410331], [-74.756558, 6.410139], [-74.756651, 6.410027], [-74.75669, 6.409938], [-74.756742, 6.409765], [-74.756773, 6.409577], [-74.756867, 6.409557], [-74.757052, 6.409688], [-74.757086, 6.409745], [-74.756951, 6.409724]], [[-74.758484, 6.408791], [-74.758502, 6.408783], [-74.758555, 6.408754], [-74.758581, 6.408722], [-74.758592, 6.4087], [-74.75861, 6.408655], [-74.758615, 6.408603], [-74.758622, 6.408547], [-74.75861, 6.4085], [-74.758604, 6.408438]], [[-74.758162, 6.410666], [-74.758286, 6.410698], [-74.758369, 6.41101], [-74.758404, 6.411139], [-74.758458, 6.411283], [-74.758509, 6.411395], [-74.758551, 6.411543], [-74.758583, 6.41162], [-74.758631, 6.411734], [-74.758834, 6.411867], [-74.758909, 6.412037], [-74.758943, 6.412246], [-74.759007, 6.412397], [-74.759007, 6.412567], [-74.759019, 6.412745], [-74.759088, 6.412778], [-74.759567, 6.41302], [-74.759589, 6.41302], [-74.759916, 6.412972], [-74.75997, 6.413276], [-74.760052, 6.413412], [-74.760084, 6.413626]]]}}, {"type": "Feature", "properties": {"cod": "05591", "archivo": "Doradal F.O.kml", "metros": 3763, "tramos": 4}, "geometry": {"type": "MultiLineString", "coordinates": [[[-74.736727, 5.898431], [-74.736604, 5.89837], [-74.734007, 5.898758], [-74.734046, 5.898587]], [[-74.731602, 5.901796], [-74.732129, 5.901809], [-74.732443, 5.901819], [-74.732475, 5.901972], [-74.73289, 5.901855], [-74.733442, 5.901723], [-74.733905, 5.901679], [-74.733998, 5.901369], [-74.733852, 5.900515], [-74.73378, 5.900114], [-74.733753, 5.899734], [-74.733596, 5.899781], [-74.733723, 5.899419], [-74.733765, 5.899354], [-74.734111, 5.89925], [-74.734547, 5.899176], [-74.735155, 5.89905], [-74.735649, 5.899032], [-74.73637, 5.898999], [-74.736742, 5.898418]], [[-74.732081, 5.899128], [-74.733875, 5.898796], [-74.734015, 5.898553], [-74.734021, 5.898548]], [[-74.732204, 5.898948], [-74.732124, 5.899107], [-74.732061, 5.899103], [-74.732132, 5.89911], [-74.731954, 5.899248], [-74.731895, 5.899619], [-74.73184, 5.900089], [-74.73176, 5.900646], [-74.731757, 5.900807], [-74.731677, 5.900963], [-74.7319, 5.900921], [-74.732086, 5.900994], [-74.732093, 5.901354], [-74.732168, 5.901473], [-74.73209, 5.901754], [-74.732213, 5.901783], [-74.732407, 5.901776], [-74.732456, 5.901836], [-74.73282, 5.9018], [-74.732921, 5.901775], [-74.733037, 5.901765], [-74.733169, 5.901729], [-74.733398, 5.901749], [-74.733593, 5.901721], [-74.733702, 5.901703], [-74.733901, 5.901621], [-74.734107, 5.901627], [-74.734191, 5.901624], [-74.734258, 5.901623], [-74.734327, 5.901624], [-74.73435, 5.901616], [-74.73446, 5.901605], [-74.734625, 5.901596], [-74.734751, 5.901503], [-74.73478, 5.90136], [-74.734762, 5.901085], [-74.734757, 5.900903], [-74.734777, 5.900947], [-74.73482, 5.900964], [-74.734942, 5.90096], [-74.735195, 5.900934], [-74.735445, 5.900966], [-74.735532, 5.900631], [-74.735502, 5.900633], [-74.735465, 5.900391], [-74.73543, 5.899958], [-74.735716, 5.899981], [-74.735931, 5.899968], [-74.736154, 5.899881], [-74.736272, 5.899926], [-74.736364, 5.899875], [-74.736359, 5.899663], [-74.736365, 5.899466], [-74.736296, 5.899224], [-74.736367, 5.899048], [-74.73648, 5.89886], [-74.736601, 5.898616], [-74.736839, 5.898633], [-74.73724, 5.898638], [-74.737626, 5.898559], [-74.737829, 5.898815], [-74.737999, 5.899121], [-74.738392, 5.89955], [-74.738557, 5.899717], [-74.738787, 5.899783], [-74.738919, 5.89999], [-74.739014, 5.899807], [-74.739137, 5.899589], [-74.739422, 5.899576], [-74.739684, 5.899573], [-74.739902, 5.899452], [-74.740074, 5.899204], [-74.740069, 5.898898], [-74.739898, 5.898655], [-74.739716, 5.898329], [-74.73993, 5.898246], [-74.739947, 5.898115], [-74.739476, 5.898087], [-74.739235, 5.898016], [-74.738861, 5.898007], [-74.738687, 5.898027], [-74.73822, 5.898059], [-74.737655, 5.898133], [-74.737275, 5.89814], [-74.737089, 5.898182], [-74.736899, 5.8982], [-74.736781, 5.89824], [-74.736665, 5.898248], [-74.73658, 5.898242], [-74.73652, 5.898246], [-74.736646, 5.898387]]]}}, {"type": "Feature", "properties": {"cod": "05425", "archivo": "Maceo F.O (1).kml", "metros": 11608, "tramos": 9}, "geometry": {"type": "MultiLineString", "coordinates": [[[-74.786563, 6.548713], [-74.786621, 6.548734], [-74.786736, 6.548762], [-74.786855, 6.548793], [-74.78693, 6.54882], [-74.786995, 6.548874], [-74.787019, 6.54902], [-74.787036, 6.549145], [-74.787084, 6.549312], [-74.787161, 6.549571], [-74.7873, 6.549919], [-74.787349, 6.550082], [-74.787363, 6.550269], [-74.787377, 6.550496], [-74.787393, 6.550701], [-74.787411, 6.550811], [-74.787612, 6.550784], [-74.78764, 6.551131], [-74.787658, 6.551128]], [[-74.787389, 6.558995], [-74.787358, 6.558906], [-74.787448, 6.558884], [-74.787537, 6.558813], [-74.787648, 6.55857], [-74.787715, 6.55831], [-74.787805, 6.557988], [-74.787857, 6.557782], [-74.787955, 6.557452], [-74.78805, 6.557168], [-74.788142, 6.556906], [-74.788186, 6.556786], [-74.788272, 6.55657], [-74.788251, 6.55639], [-74.788145, 6.556319]], [[-74.7879, 6.55223], [-74.787795, 6.552391], [-74.7877, 6.552403], [-74.78748, 6.552411], [-74.787253, 6.552434], [-74.786997, 6.552443], [-74.786736, 6.552438], [-74.786722, 6.552132], [-74.786722, 6.552072], [-74.786706, 6.551957], [-74.786693, 6.551865], [-74.786334, 6.5521], [-74.786251, 6.552301], [-74.786217, 6.552392], [-74.786202, 6.552574], [-74.786105, 6.552717], [-74.786094, 6.552779], [-74.786787, 6.553057], [-74.787294, 6.553269], [-74.78753, 6.553341], [-74.787779, 6.553331], [-74.787771, 6.552555], [-74.787795, 6.552392], [-74.787903, 6.552229]], [[-74.786093, 6.552778], [-74.785701, 6.552752], [-74.785325, 6.552641], [-74.784939, 6.552542]], [[-74.787787, 6.553325], [-74.787609, 6.553514], [-74.787582, 6.553758], [-74.787579, 6.554019], [-74.787505, 6.55431], [-74.787411, 6.554623], [-74.787414, 6.554831], [-74.787549, 6.555089], [-74.787837, 6.555582], [-74.788, 6.555765], [-74.788069, 6.555913], [-74.788204, 6.556198], [-74.788241, 6.556363], [-74.788149, 6.556318]], [[-74.787898, 6.552238], [-74.787847, 6.552316], [-74.787795, 6.552392], [-74.787778, 6.552313], [-74.787705, 6.551167], [-74.787654, 6.551179], [-74.787625, 6.550703], [-74.788391, 6.550653], [-74.788664, 6.550646], [-74.788911, 6.550664], [-74.789067, 6.550595], [-74.789246, 6.550598], [-74.79017, 6.551624], [-74.790352, 6.551654], [-74.790192, 6.551797], [-74.790062, 6.551766], [-74.789882, 6.551784], [-74.789704, 6.551764], [-74.789736, 6.551918], [-74.789723, 6.552073], [-74.789665, 6.552311], [-74.789117, 6.552368], [-74.788635, 6.552384], [-74.788177, 6.552388], [-74.787795, 6.552393], [-74.787898, 6.552238], [-74.787982, 6.552232]], [[-74.711281, 6.534481], [-74.787903, 6.552272]], [[-74.785203, 6.552135], [-74.785184, 6.552255], [-74.785173, 6.552597], [-74.784945, 6.552541]], [[-74.790186, 6.551752], [-74.790232, 6.551743], [-74.79027, 6.551736], [-74.790303, 6.551732], [-74.790352, 6.551728], [-74.790401, 6.551719], [-74.790461, 6.551709], [-74.790573, 6.551699], [-74.790658, 6.551691]]]}}, {"type": "Feature", "properties": {"cod": "05579", "archivo": "Puerto Berrio F.O.kml", "metros": 11017, "tramos": 16}, "geometry": {"type": "MultiLineString", "coordinates": [[[-74.403103, 6.489586], [-74.40328, 6.489342], [-74.403406, 6.489089], [-74.403494, 6.488923], [-74.403567, 6.488655], [-74.403625, 6.488471], [-74.403702, 6.488235], [-74.40376, 6.488102], [-74.403808, 6.487932], [-74.403899, 6.487684], [-74.403952, 6.487537], [-74.404015, 6.487384], [-74.404039, 6.487255], [-74.404069, 6.487186], [-74.404106, 6.487023], [-74.404135, 6.486859], [-74.404214, 6.486752], [-74.404316, 6.486491], [-74.404393, 6.486281], [-74.404453, 6.486141], [-74.404518, 6.485952], [-74.404612, 6.485633], [-74.404737, 6.485587], [-74.404525, 6.485373], [-74.404277, 6.485162], [-74.404076, 6.485007], [-74.403853, 6.484849], [-74.403657, 6.484677], [-74.403376, 6.484467], [-74.402953, 6.484195], [-74.402797, 6.484055], [-74.402656, 6.483942], [-74.402559, 6.4839], [-74.40251, 6.483885], [-74.402477, 6.483855]], [[-74.406028, 6.483602], [-74.406011, 6.483627], [-74.406085, 6.483609], [-74.406169, 6.483563], [-74.406286, 6.4834], [-74.406316, 6.483441], [-74.406499, 6.483449], [-74.40666, 6.483504], [-74.406428, 6.483913], [-74.406311, 6.484139], [-74.40621, 6.484412], [-74.406102, 6.484549], [-74.405926, 6.485041], [-74.405834, 6.485224], [-74.40568, 6.485515], [-74.405674, 6.485522], [-74.405638, 6.485594], [-74.405504, 6.485785], [-74.405502, 6.48579], [-74.405479, 6.485829], [-74.405473, 6.485829], [-74.405412, 6.485819], [-74.405409, 6.485818], [-74.405158, 6.485694], [-74.404843, 6.485505], [-74.404734, 6.485578]], [[-74.400658, 6.48875], [-74.400694, 6.488762], [-74.400716, 6.488719], [-74.400787, 6.488674], [-74.400869, 6.488574], [-74.400561, 6.48839], [-74.400374, 6.488552], [-74.400246, 6.488508], [-74.400013, 6.488439], [-74.399892, 6.488375], [-74.399899, 6.488226], [-74.399678, 6.488543], [-74.399678, 6.488552], [-74.399645, 6.488753], [-74.399587, 6.488974], [-74.399503, 6.489247], [-74.399385, 6.489546], [-74.39946, 6.489573], [-74.399409, 6.489636], [-74.399283, 6.489872], [-74.39926, 6.49], [-74.399169, 6.49021], [-74.399155, 6.490252], [-74.399162, 6.490298], [-74.39916, 6.490303], [-74.399089, 6.490438], [-74.399117, 6.490462], [-74.398961, 6.490718], [-74.398959, 6.490722], [-74.399003, 6.490927], [-74.398909, 6.491011], [-74.398876, 6.491123], [-74.398775, 6.491499], [-74.398706, 6.491816], [-74.398728, 6.491979], [-74.398723, 6.491993], [-74.398723, 6.491999], [-74.398716, 6.492179], [-74.398694, 6.492448], [-74.398696, 6.492464], [-74.398675, 6.492628], [-74.398651, 6.492751], [-74.398718, 6.492757], [-74.398947, 6.492773], [-74.399205, 6.492836], [-74.399249, 6.492883], [-74.399186, 6.493087], [-74.399223, 6.493157], [-74.399222, 6.493407], [-74.39922, 6.493406], [-74.39919, 6.493638], [-74.399094, 6.493655], [-74.399038, 6.49378], [-74.398927, 6.493873], [-74.398873, 6.493994], [-74.398792, 6.494015], [-74.3988, 6.494097]], [[-74.403111, 6.489554], [-74.403098, 6.489885], [-74.403096, 6.489887], [-74.402984, 6.490142], [-74.402933, 6.490325], [-74.402892, 6.490569], [-74.402851, 6.490666], [-74.402754, 6.490873], [-74.402647, 6.491139], [-74.402646, 6.491142], [-74.402546, 6.491406], [-74.402487, 6.491581], [-74.40252, 6.491586], [-74.402458, 6.491737], [-74.402375, 6.492], [-74.402369, 6.492012], [-74.402294, 6.492186], [-74.402165, 6.492497], [-74.402143, 6.49262], [-74.402054, 6.492768], [-74.402049, 6.492779], [-74.401962, 6.492982], [-74.401965, 6.492987], [-74.401936, 6.493181], [-74.401856, 6.49343], [-74.401848, 6.493443], [-74.401801, 6.493557], [-74.401798, 6.493564], [-74.401793, 6.493575], [-74.401682, 6.493916], [-74.401619, 6.494087], [-74.401564, 6.494256], [-74.401492, 6.494498], [-74.401437, 6.494683], [-74.401435, 6.494688], [-74.40133, 6.494892], [-74.401141, 6.49509], [-74.401496, 6.495005], [-74.401719, 6.495148], [-74.402057, 6.49523], [-74.402232, 6.495317], [-74.402452, 6.495341], [-74.402651, 6.495414], [-74.402757, 6.495153], [-74.402838, 6.494925], [-74.403106, 6.495035], [-74.403334, 6.495123], [-74.403347, 6.494994], [-74.403463, 6.494762], [-74.40354, 6.494583], [-74.403638, 6.494294], [-74.403737, 6.494107], [-74.40379, 6.493872], [-74.403978, 6.493791], [-74.404233, 6.493909], [-74.404239, 6.493909], [-74.404631, 6.494075], [-74.404758, 6.494177], [-74.405135, 6.494267], [-74.405497, 6.494453], [-74.405813, 6.494585], [-74.405816, 6.494593], [-74.406213, 6.494718], [-74.406171, 6.494639], [-74.406269, 6.49451], [-74.406399, 6.494278], [-74.406502, 6.494133], [-74.406595, 6.494009], [-74.406838, 6.494216], [-74.407012, 6.494401], [-74.40717, 6.494594], [-74.407311, 6.494586], [-74.407228, 6.494528]], [[-74.400786, 6.48868], [-74.400789, 6.488716], [-74.400642, 6.489078], [-74.400652, 6.489163], [-74.400651, 6.489173], [-74.400894, 6.489222], [-74.40117, 6.489324], [-74.401339, 6.489364], [-74.401347, 6.489364], [-74.401474, 6.489373], [-74.401837, 6.489509], [-74.401899, 6.48928], [-74.401903, 6.48928], [-74.402067, 6.489018], [-74.402073, 6.489024], [-74.402131, 6.48907], [-74.402343, 6.489241], [-74.402474, 6.489246], [-74.402641, 6.489339], [-74.403107, 6.489558], [-74.403331, 6.48963], [-74.40348, 6.489728], [-74.403483, 6.489728], [-74.403667, 6.48971], [-74.403673, 6.489713], [-74.403882, 6.489811], [-74.404199, 6.489908], [-74.404506, 6.490001], [-74.404677, 6.490084], [-74.405042, 6.490206], [-74.405043, 6.490207], [-74.405125, 6.490253], [-74.405179, 6.490257], [-74.405579, 6.490419], [-74.405644, 6.490452], [-74.40584, 6.490503], [-74.406273, 6.490622], [-74.406457, 6.490679], [-74.406464, 6.490683], [-74.406468, 6.490684], [-74.406522, 6.490723], [-74.406657, 6.490711], [-74.406662, 6.490712], [-74.406762, 6.490774], [-74.406768, 6.490776], [-74.407034, 6.490896], [-74.407469, 6.491001], [-74.407475, 6.491004], [-74.407574, 6.491038], [-74.407578, 6.491039], [-74.40759, 6.491043], [-74.40765, 6.491059], [-74.407959, 6.491153], [-74.408391, 6.491335], [-74.40865, 6.491424], [-74.408895, 6.491498], [-74.408979, 6.491511], [-74.4092, 6.491568], [-74.409289, 6.491609], [-74.409484, 6.49165], [-74.40949, 6.491653], [-74.409498, 6.49166], [-74.409626, 6.49167], [-74.409827, 6.49165], [-74.409934, 6.491612], [-74.410023, 6.491578], [-74.410088, 6.491519], [-74.410222, 6.491438], [-74.410306, 6.491374], [-74.410613, 6.491224], [-74.410554, 6.491193], [-74.410606, 6.491111], [-74.4107, 6.491076], [-74.410964, 6.490879], [-74.411181, 6.490702], [-74.411347, 6.490567], [-74.411546, 6.490422], [-74.41175, 6.490257], [-74.411931, 6.490094], [-74.412043, 6.490015], [-74.412245, 6.489866], [-74.412302, 6.489806], [-74.412307, 6.489803], [-74.412463, 6.489734], [-74.412597, 6.489718], [-74.412789, 6.489739], [-74.412794, 6.489741], [-74.412799, 6.489743], [-74.41297, 6.489833], [-74.413186, 6.489981], [-74.413434, 6.490118], [-74.413532, 6.490167], [-74.413757, 6.490311], [-74.413762, 6.490318], [-74.413933, 6.490418], [-74.413938, 6.49042], [-74.414133, 6.490531], [-74.414417, 6.490733], [-74.414427, 6.490733], [-74.414436, 6.490734], [-74.414684, 6.490868], [-74.414693, 6.490875], [-74.414821, 6.490964], [-74.414959, 6.491011], [-74.41528, 6.491224], [-74.415677, 6.491486], [-74.41584, 6.491591], [-74.415985, 6.491728], [-74.416113, 6.491807]], [[-74.398806, 6.494085], [-74.398836, 6.493992], [-74.398932, 6.494367], [-74.399151, 6.49449], [-74.399341, 6.494813], [-74.399414, 6.495119], [-74.399555, 6.495383], [-74.399713, 6.49569], [-74.39988, 6.496034], [-74.399877, 6.496251], [-74.400006, 6.496555], [-74.400033, 6.496788], [-74.399973, 6.497109], [-74.399991, 6.497412], [-74.400076, 6.497794], [-74.400154, 6.498148], [-74.40014, 6.498389], [-74.400396, 6.498394], [-74.400673, 6.498238], [-74.400778, 6.498127], [-74.401274, 6.4979], [-74.401629, 6.49786], [-74.401707, 6.49782], [-74.401771, 6.49777], [-74.401836, 6.497723], [-74.40188, 6.497664], [-74.401981, 6.497354], [-74.402524, 6.497518], [-74.402941, 6.497686], [-74.403018, 6.497471], [-74.403185, 6.497113], [-74.403225, 6.49682], [-74.403372, 6.496705], [-74.403481, 6.496388], [-74.403146, 6.496355], [-74.402993, 6.496318], [-74.402984, 6.49625], [-74.402923, 6.496219], [-74.403085, 6.495808], [-74.403168, 6.495822], [-74.403112, 6.495602], [-74.403237, 6.495443], [-74.403362, 6.495135], [-74.403321, 6.495049], [-74.40345, 6.494687], [-74.403487, 6.494594], [-74.403621, 6.494204], [-74.403674, 6.49411], [-74.403758, 6.493792], [-74.403796, 6.493706], [-74.40429, 6.493889], [-74.404664, 6.494054], [-74.404773, 6.494176], [-74.405118, 6.494299], [-74.406146, 6.494784], [-74.406339, 6.494304], [-74.406573, 6.493959], [-74.407154, 6.49459], [-74.407326, 6.49457]], [[-74.407237, 6.494524], [-74.407326, 6.494583], [-74.407175, 6.494588], [-74.406875, 6.494235], [-74.406588, 6.493949], [-74.406654, 6.493921], [-74.406783, 6.493703], [-74.406964, 6.49359], [-74.407282, 6.493343], [-74.407515, 6.493066], [-74.407467, 6.492687], [-74.40768, 6.492566], [-74.407951, 6.492495], [-74.408131, 6.49252], [-74.408505, 6.492469], [-74.408664, 6.492219], [-74.408981, 6.492189], [-74.408958, 6.491997], [-74.408834, 6.49194], [-74.408943, 6.491556], [-74.408966, 6.491515], [-74.408886, 6.491426], [-74.408715, 6.491367], [-74.40849, 6.491264], [-74.408248, 6.491195], [-74.407758, 6.491048], [-74.407491, 6.490946], [-74.407284, 6.490892], [-74.406814, 6.490749], [-74.406663, 6.490692], [-74.406632, 6.490592], [-74.406682, 6.490557], [-74.406774, 6.490512], [-74.406894, 6.490454], [-74.407049, 6.490432], [-74.407333, 6.49024], [-74.407443, 6.489985], [-74.407686, 6.489748], [-74.407599, 6.489568], [-74.407709, 6.489064], [-74.407719, 6.488849], [-74.407925, 6.488443], [-74.408063, 6.488424], [-74.408154, 6.488289], [-74.408565, 6.487808], [-74.408668, 6.487595], [-74.408866, 6.486843], [-74.408971, 6.486319], [-74.408919, 6.48611], [-74.408886, 6.485946], [-74.408644, 6.486088], [-74.408347, 6.486119], [-74.408163, 6.48612], [-74.408, 6.486128], [-74.407868, 6.486094], [-74.407714, 6.48609], [-74.407543, 6.486094], [-74.407462, 6.486154], [-74.407343, 6.486069], [-74.407072, 6.48615], [-74.406914, 6.486143], [-74.406258, 6.486153], [-74.406247, 6.486043], [-74.405503, 6.485832], [-74.405406, 6.48578], [-74.404807, 6.485447], [-74.404739, 6.485592], [-74.404702, 6.485552]], [[-74.406831, 6.490483], [-74.406716, 6.490539], [-74.406681, 6.490556], [-74.406605, 6.490611], [-74.406502, 6.490719], [-74.406438, 6.490593], [-74.406256, 6.490509], [-74.406057, 6.49045], [-74.405827, 6.490326], [-74.405599, 6.49027]], [[-74.407286, 6.492068], [-74.407104, 6.492346]], [[-74.407282, 6.492063], [-74.407112, 6.492371], [-74.406888, 6.492195], [-74.40678, 6.492084], [-74.406578, 6.492103], [-74.406412, 6.492137], [-74.406326, 6.492114], [-74.406184, 6.492077], [-74.406209, 6.491921], [-74.406287, 6.49163], [-74.406372, 6.491426], [-74.406375, 6.491418], [-74.406454, 6.491196], [-74.406532, 6.491059], [-74.406531, 6.491049], [-74.406621, 6.490869], [-74.406647, 6.490761], [-74.406662, 6.490691], [-74.406633, 6.490579], [-74.406896, 6.490451]], [[-74.402841, 6.497225], [-74.403027, 6.497306], [-74.402948, 6.497491], [-74.403005, 6.497502], [-74.402977, 6.497582], [-74.402933, 6.497692]], [[-74.407996, 6.48987], [-74.407856, 6.489763]], [[-74.407997, 6.48986], [-74.407749, 6.48967], [-74.407671, 6.489756]], [[-74.408645, 6.493544], [-74.408723, 6.493634], [-74.408763, 6.493787], [-74.409029, 6.493709]], [[-74.409033, 6.493699], [-74.408979, 6.493528], [-74.408948, 6.49343], [-74.408916, 6.493376], [-74.408897, 6.493342], [-74.408914, 6.493316], [-74.408949, 6.493272], [-74.408975, 6.493222], [-74.408983, 6.493188], [-74.408967, 6.49312], [-74.408954, 6.49306], [-74.408944, 6.493028], [-74.408866, 6.492992], [-74.408843, 6.492972], [-74.408806, 6.492909], [-74.408774, 6.492787], [-74.408768, 6.492681], [-74.408756, 6.492635], [-74.409167, 6.492593], [-74.409113, 6.492287], [-74.409024, 6.492201], [-74.408942, 6.492186], [-74.408993, 6.492175]], [[-74.403244, 6.488732], [-74.402991, 6.488644], [-74.402887, 6.488603], [-74.402815, 6.488849], [-74.402697, 6.489227], [-74.402641, 6.489345], [-74.403098, 6.489539]]]}}, {"type": "Feature", "properties": {"cod": "05585", "archivo": "Puerto NareF.O.kml", "metros": 16499, "tramos": 6}, "geometry": {"type": "MultiLineString", "coordinates": [[[-74.581878, 6.188028], [-74.5819, 6.187965], [-74.581974, 6.187506], [-74.582031, 6.187321], [-74.582, 6.187283], [-74.582472, 6.187379], [-74.582568, 6.187394], [-74.582893, 6.187448], [-74.583189, 6.187448], [-74.583233, 6.187251], [-74.583311, 6.186912], [-74.583349, 6.186659], [-74.583409, 6.186318], [-74.583446, 6.186027], [-74.583446, 6.185953], [-74.583437, 6.185911], [-74.58347, 6.185862]], [[-74.582001, 6.187284], [-74.581896, 6.187322], [-74.581721, 6.187317], [-74.581518, 6.187273], [-74.581521, 6.187384], [-74.581474, 6.187521], [-74.58146, 6.187683], [-74.581435, 6.187722], [-74.581461, 6.187765], [-74.581448, 6.187796]], [[-74.702624, 6.184922], [-74.581909, 6.18809]], [[-74.581911, 6.188086], [-74.5819, 6.187973], [-74.581811, 6.188374], [-74.581762, 6.188819], [-74.581707, 6.18935], [-74.581702, 6.189695], [-74.581737, 6.189923], [-74.581675, 6.189987], [-74.581778, 6.190194], [-74.581812, 6.190394], [-74.581818, 6.190445], [-74.582218, 6.190453], [-74.582675, 6.190551], [-74.58289, 6.189552], [-74.583045, 6.189528], [-74.583224, 6.189554], [-74.583466, 6.189628], [-74.583462, 6.189494], [-74.583494, 6.18931], [-74.58357, 6.189046], [-74.583672, 6.188551], [-74.583749, 6.18787], [-74.583712, 6.187783], [-74.583742, 6.187542], [-74.583849, 6.187555], [-74.584112, 6.187572], [-74.584393, 6.187624], [-74.58455, 6.187661], [-74.584561, 6.187586], [-74.58456, 6.187586], [-74.584689, 6.186612], [-74.584686, 6.186617], [-74.584723, 6.186495], [-74.584762, 6.186316], [-74.584786, 6.186102], [-74.58445, 6.186057], [-74.583437, 6.185891]], [[-74.583477, 6.185892], [-74.583545, 6.185456], [-74.583593, 6.185254], [-74.583449, 6.185169], [-74.58337, 6.185073], [-74.583369, 6.184876], [-74.583303, 6.184573], [-74.58333, 6.184285], [-74.583435, 6.184089], [-74.583544, 6.184021], [-74.58366, 6.183876], [-74.583883, 6.18381], [-74.584023, 6.183614], [-74.584205, 6.183409], [-74.584316, 6.183209], [-74.584448, 6.18314], [-74.584114, 6.182883], [-74.584045, 6.183064], [-74.583957, 6.183121], [-74.583558, 6.183571], [-74.583365, 6.183746], [-74.583166, 6.183818], [-74.582883, 6.183813], [-74.582779, 6.183823], [-74.582476, 6.184094], [-74.582369, 6.184138], [-74.582133, 6.184379], [-74.581953, 6.184691], [-74.581818, 6.185252], [-74.581651, 6.185694], [-74.58154, 6.186599], [-74.581542, 6.186784], [-74.581426, 6.18766], [-74.581408, 6.187827]], [[-74.584787, 6.186104], [-74.585674, 6.186269], [-74.586576, 6.186126], [-74.587054, 6.186023], [-74.587449, 6.185913]]]}}, {"type": "Feature", "properties": {"cod": "05591", "archivo": "Puerto Triunfo kmz (6) (1) (2).kmz", "metros": 1142, "tramos": 2}, "geometry": {"type": "MultiLineString", "coordinates": [[[-74.641234, 5.874034], [-74.641239, 5.873908]], [[-74.64124, 5.873995], [-74.641242, 5.873799], [-74.641067, 5.873899], [-74.640919, 5.87398], [-74.640864, 5.873898], [-74.640659, 5.873752], [-74.640327, 5.873567], [-74.64029, 5.873452], [-74.640609, 5.872971], [-74.640743, 5.872967], [-74.640783, 5.87268], [-74.640798, 5.872481], [-74.640858, 5.872275], [-74.640866, 5.871995], [-74.640879, 5.871605], [-74.640949, 5.871148], [-74.641008, 5.870734], [-74.6411, 5.870137], [-74.6412, 5.869467], [-74.641207, 5.869376], [-74.641218, 5.869167], [-74.641257, 5.868884], [-74.641289, 5.868575], [-74.641316, 5.86849], [-74.641216, 5.868494], [-74.640866, 5.868443], [-74.640657, 5.868415], [-74.640422, 5.868377], [-74.64047, 5.867926], [-74.640488, 5.867733], [-74.640514, 5.86748], [-74.640546, 5.867172], [-74.640581, 5.867014], [-74.640606, 5.866865], [-74.64065, 5.866642], [-74.640677, 5.866423], [-74.640672, 5.866367], [-74.640705, 5.866209], [-74.640782, 5.865941], [-74.640824, 5.866067]]]}}, {"type": "Feature", "properties": {"cod": "05893", "archivo": "YONDO F.O (1).kml", "metros": 4925, "tramos": 8}, "geometry": {"type": "MultiLineString", "coordinates": [[[-73.912189, 7.005796], [-73.912154, 7.005443], [-73.912038, 7.005175], [-73.911754, 7.005108], [-73.911297, 7.005256], [-73.911288, 7.005024], [-73.911292, 7.004977]], [[-73.911293, 7.004975], [-73.911192, 7.00501], [-73.911236, 7.005148], [-73.91104, 7.005192], [-73.910607, 7.005292], [-73.910402, 7.005321], [-73.910471, 7.005476], [-73.910593, 7.006053], [-73.910672, 7.006373], [-73.910856, 7.007235], [-73.910921, 7.007382], [-73.910405, 7.007521], [-73.909584, 7.00769], [-73.90956, 7.007569], [-73.909504, 7.007585]], [[-73.916925, 7.008421], [-73.915796, 7.007942], [-73.915401, 7.007684], [-73.915261, 7.007764], [-73.914443, 7.006936], [-73.913986, 7.006482], [-73.913574, 7.006351], [-73.913135, 7.006247], [-73.912852, 7.006242], [-73.912459, 7.005976], [-73.912206, 7.005821]], [[-73.909505, 7.007608], [-73.909468, 7.007811], [-73.909308, 7.007746], [-73.909019, 7.007832], [-73.908651, 7.007912], [-73.908349, 7.007823], [-73.908285, 7.007524], [-73.908273, 7.007291], [-73.908155, 7.006875], [-73.908039, 7.006475], [-73.908039, 7.006478], [-73.90804, 7.006476], [-73.908039, 7.006476], [-73.90804, 7.006476], [-73.907761, 7.006483], [-73.907625, 7.006496], [-73.907502, 7.006507], [-73.907309, 7.00652], [-73.907204, 7.006547], [-73.907217, 7.006534], [-73.907207, 7.006549], [-73.907211, 7.00654], [-73.907212, 7.006538], [-73.90706, 7.006562], [-73.906878, 7.006546], [-73.906667, 7.006537], [-73.906491, 7.006515], [-73.906204, 7.006423], [-73.906207, 7.006426], [-73.905928, 7.006457], [-73.905807, 7.006499], [-73.905674, 7.00642], [-73.905674, 7.006421], [-73.905674, 7.006419], [-73.905674, 7.006419], [-73.905674, 7.006418], [-73.905673, 7.006418], [-73.905664, 7.006429], [-73.905222, 7.006387], [-73.905249, 7.00641], [-73.904746, 7.006334], [-73.904746, 7.006355], [-73.903535, 7.005574], [-73.90463, 7.006458], [-73.904633, 7.006458], [-73.904639, 7.006466], [-73.90464, 7.006474], [-73.904856, 7.006668], [-73.905018, 7.006795], [-73.905173, 7.006896], [-73.905418, 7.007022], [-73.905645, 7.007257], [-73.905661, 7.007339], [-73.906088, 7.007676], [-73.906412, 7.007786], [-73.906626, 7.007978], [-73.906315, 7.007885], [-73.906976, 7.007986], [-73.907063, 7.007853], [-73.907341, 7.007877], [-73.907484, 7.007852], [-73.907716, 7.007989], [-73.907715, 7.008319], [-73.907733, 7.008523], [-73.907702, 7.00869], [-73.90765, 7.008843], [-73.907804, 7.008898], [-73.908031, 7.008893], [-73.908089, 7.008901], [-73.908086, 7.00914], [-73.908066, 7.009326], [-73.908049, 7.009644], [-73.908109, 7.010163], [-73.908148, 7.010782], [-73.908208, 7.011511], [-73.908187, 7.011736], [-73.908306, 7.011735], [-73.908389, 7.011573], [-73.908574, 7.011473], [-73.908838, 7.011184], [-73.909026, 7.011052], [-73.909099, 7.010854], [-73.909645, 7.010733], [-73.91021, 7.010625], [-73.910569, 7.010577], [-73.91056, 7.010507], [-73.910912, 7.010536], [-73.911324, 7.010422], [-73.911793, 7.010304], [-73.911979, 7.010158], [-73.912257, 7.010117], [-73.912478, 7.010178], [-73.912481, 7.010099], [-73.912817, 7.010067], [-73.913153, 7.009951], [-73.913113, 7.009755], [-73.913008, 7.009129], [-73.91303, 7.008956], [-73.912976, 7.008721], [-73.912937, 7.008598], [-73.912815, 7.008454], [-73.912772, 7.008284], [-73.912695, 7.00779], [-73.912786, 7.007714], [-73.912564, 7.00703], [-73.912276, 7.005955], [-73.912258, 7.006014], [-73.912186, 7.005774]], [[-73.917475, 7.008648], [-73.916967, 7.008421], [-73.917128, 7.008024], [-73.917277, 7.007619], [-73.916815, 7.007438], [-73.916658, 7.007278]], [[-73.908437, 7.006214], [-73.908454, 7.00628], [-73.908429, 7.006286], [-73.908489, 7.006558]], [[-73.908041, 7.006471], [-73.908033, 7.006384], [-73.907989, 7.006237], [-73.90798, 7.006191], [-73.908158, 7.006149], [-73.908418, 7.006089], [-73.908466, 7.006272]], [[-73.908201, 7.011674], [-73.908099, 7.011749], [-73.907957, 7.011858], [-73.907879, 7.011806], [-73.907651, 7.011721], [-73.907648, 7.011477], [-73.907487, 7.011469]]]}}, {"type": "Feature", "properties": {"cod": "05055", "archivo": "ARGELIA NUENO.kmz", "metros": 1894, "tramos": 4}, "geometry": {"type": "MultiLineString", "coordinates": [[[-75.144891, 5.731407], [-75.144755, 5.731486], [-75.144794, 5.731322], [-75.144847, 5.73116], [-75.14483, 5.731013], [-75.144561, 5.730952], [-75.144368, 5.730928], [-75.144045, 5.730883], [-75.143761, 5.730842], [-75.143497, 5.730818], [-75.14332, 5.730802], [-75.142862, 5.73075], [-75.14254, 5.730696], [-75.142479, 5.731081], [-75.142404, 5.731493], [-75.142216, 5.731422], [-75.142039, 5.7314], [-75.141908, 5.731374], [-75.141752, 5.731359], [-75.141621, 5.731338], [-75.141476, 5.731329], [-75.141127, 5.73127], [-75.140926, 5.731245], [-75.140803, 5.731199], [-75.140585, 5.731187], [-75.140355, 5.731182], [-75.14019, 5.731139], [-75.139959, 5.731121], [-75.139916, 5.731398], [-75.139893, 5.731664], [-75.139814, 5.731968], [-75.139766, 5.732127], [-75.139828, 5.732556], [-75.140068, 5.732816], [-75.140111, 5.732901], [-75.140112, 5.732864]], [[-75.144781, 5.731458], [-75.144719, 5.732593], [-75.143061, 5.732376], [-75.14227, 5.732231], [-75.141484, 5.732106], [-75.141106, 5.732088], [-75.140805, 5.732249], [-75.140479, 5.732468], [-75.140056, 5.732828], [-75.140112, 5.732911], [-75.140116, 5.732863]], [[-75.142437, 5.731465], [-75.142382, 5.731502], [-75.142386, 5.731467], [-75.142511, 5.730663], [-75.142631, 5.729847]], [[-75.139901, 5.731156], [-75.139947, 5.731166], [-75.139969, 5.731082], [-75.139201, 5.73093]]]}}, {"type": "Feature", "properties": {"cod": "05021", "archivo": "Anexo_KMZ_FO_FO_Alejandría_692-2025.kmz", "metros": 2559, "tramos": 8}, "geometry": {"type": "MultiLineString", "coordinates": [[[-75.143661, 6.375804], [-75.143698, 6.37576], [-75.143432, 6.375803], [-75.142997, 6.375827], [-75.142706, 6.375834], [-75.142568, 6.375834], [-75.142475, 6.375834], [-75.142456, 6.375852], [-75.142342, 6.375884], [-75.142122, 6.37588], [-75.142002, 6.375864], [-75.141769, 6.37587]], [[-75.141769, 6.375866], [-75.141773, 6.375903], [-75.141679, 6.375924], [-75.141682, 6.376119], [-75.141618, 6.376287], [-75.141617, 6.37629], [-75.141568, 6.37651], [-75.141567, 6.376513], [-75.141512, 6.376662], [-75.141348, 6.377032], [-75.141271, 6.377362], [-75.141226, 6.377583], [-75.141129, 6.377901], [-75.141121, 6.377935], [-75.141051, 6.37816], [-75.140888, 6.378511], [-75.14086, 6.378692], [-75.14078, 6.378786], [-75.140735, 6.378845], [-75.140831, 6.378901]], [[-75.140985, 6.378117], [-75.14099, 6.378117], [-75.141049, 6.378151], [-75.140968, 6.378105], [-75.140937, 6.378061], [-75.14058, 6.377936], [-75.140387, 6.377844], [-75.140382, 6.377843], [-75.140249, 6.37783], [-75.140386, 6.377498], [-75.140474, 6.377125], [-75.140461, 6.377064], [-75.14073, 6.37713], [-75.140726, 6.377132], [-75.140671, 6.377209]], [[-75.141766, 6.375862], [-75.141762, 6.37578], [-75.141518, 6.375725], [-75.141298, 6.375647], [-75.141107, 6.375595], [-75.140958, 6.375547], [-75.140839, 6.375552]], [[-75.140815, 6.378853], [-75.141228, 6.379026], [-75.141886, 6.379323], [-75.141893, 6.379328], [-75.142238, 6.379513], [-75.142505, 6.379694], [-75.142391, 6.379968], [-75.141886, 6.38023], [-75.141468, 6.380212], [-75.140646, 6.380103], [-75.139969, 6.380121], [-75.139924, 6.380103], [-75.139495, 6.379843], [-75.139204, 6.379911], [-75.138981, 6.380033]], [[-75.144167, 6.374877], [-75.143706, 6.375774]], [[-75.140789, 6.378871], [-75.140704, 6.379169], [-75.140642, 6.379457], [-75.14054, 6.379565], [-75.140283, 6.379487], [-75.139984, 6.379263], [-75.139641, 6.378995], [-75.139507, 6.37883], [-75.139689, 6.378806], [-75.139688, 6.378658], [-75.140103, 6.378231], [-75.140261, 6.377871], [-75.140334, 6.377709], [-75.140392, 6.377573], [-75.140431, 6.377415], [-75.14047, 6.377292], [-75.140481, 6.377222], [-75.140498, 6.377116], [-75.140466, 6.377073], [-75.140474, 6.377077], [-75.140785, 6.377191], [-75.141251, 6.377311]], [[-75.141263, 6.377309], [-75.141462, 6.376626], [-75.14097, 6.376496], [-75.140621, 6.376403], [-75.140614, 6.376048], [-75.140586, 6.375736], [-75.140583, 6.375483], [-75.140811, 6.375546]]]}}, {"type": "Feature", "properties": {"cod": "05148", "archivo": "CARMEN VIBORAL NUEVO.kmz", "metros": 9234, "tramos": 36}, "geometry": {"type": "MultiLineString", "coordinates": [[[-75.338113, 6.082389], [-75.337564, 6.08269], [-75.337807, 6.083337]], [[-75.337552, 6.091123], [-75.338847, 6.094071]], [[-75.334094, 6.088097], [-75.336489, 6.08801]], [[-75.329658, 6.070355], [-75.331138, 6.072922]], [[-75.33207, 6.075318], [-75.331768, 6.076351]], [[-75.33556, 6.081703], [-75.332314, 6.083285]], [[-75.33479, 6.083127], [-75.335518, 6.082756]], [[-75.332301, 6.08328], [-75.332481, 6.082044]], [[-75.335483, 6.086273], [-75.334911, 6.084926]], [[-75.337163, 6.086084], [-75.337484, 6.088073]], [[-75.337807, 6.083338], [-75.337793, 6.083441], [-75.336996, 6.08385], [-75.336932, 6.083887], [-75.337006, 6.084261], [-75.337068, 6.084781], [-75.337117, 6.084859], [-75.337181, 6.085403], [-75.337187, 6.085784], [-75.337265, 6.086338], [-75.337374, 6.086999], [-75.337547, 6.088066], [-75.337488, 6.088085]], [[-75.337488, 6.088075], [-75.337481, 6.089363], [-75.33746, 6.090388], [-75.337481, 6.090849], [-75.337548, 6.091118]], [[-75.336491, 6.088042], [-75.336528, 6.088022], [-75.336943, 6.088017], [-75.337157, 6.088021], [-75.337391, 6.088043], [-75.337484, 6.088073]], [[-75.33649, 6.088043], [-75.336376, 6.087968], [-75.336297, 6.087893], [-75.335835, 6.087925], [-75.335471, 6.087958], [-75.335346, 6.088091], [-75.334804, 6.088138], [-75.334725, 6.088035], [-75.334097, 6.088102]], [[-75.337538, 6.091121], [-75.337448, 6.091154], [-75.337198, 6.091312], [-75.336827, 6.091446], [-75.336395, 6.091646], [-75.335894, 6.091809], [-75.335321, 6.091985], [-75.335216, 6.092046]], [[-75.331713, 6.07636], [-75.331844, 6.076703], [-75.332014, 6.077064], [-75.332171, 6.077409], [-75.332355, 6.077833], [-75.332623, 6.078401], [-75.33285, 6.078938], [-75.33305, 6.079351], [-75.333123, 6.079677], [-75.333317, 6.080093], [-75.333684, 6.080863], [-75.333706, 6.080943], [-75.333101, 6.081206], [-75.332892, 6.08123], [-75.332299, 6.081489], [-75.332295, 6.081659], [-75.332459, 6.082057], [-75.332478, 6.082041]], [[-75.333079, 6.081214], [-75.333218, 6.081494], [-75.333454, 6.08194], [-75.33356, 6.082227], [-75.333671, 6.082455], [-75.333849, 6.082892], [-75.334011, 6.083209], [-75.33411, 6.083424], [-75.334332, 6.083318], [-75.334609, 6.083181], [-75.334751, 6.083118], [-75.334783, 6.083121]], [[-75.33478, 6.083127], [-75.334941, 6.083178], [-75.335191, 6.083693], [-75.335155, 6.083838], [-75.335505, 6.084543], [-75.335843, 6.085223], [-75.336199, 6.085972], [-75.336146, 6.086037], [-75.336024, 6.086044], [-75.335607, 6.086247], [-75.335483, 6.086268], [-75.335572, 6.086393], [-75.33584, 6.086914], [-75.3359, 6.087001], [-75.336107, 6.08738], [-75.336336, 6.087855], [-75.336452, 6.087899], [-75.336489, 6.088035]], [[-75.332389, 6.07306], [-75.332488, 6.073165], [-75.332618, 6.073338], [-75.332791, 6.073614], [-75.332876, 6.07373], [-75.332986, 6.073901], [-75.332474, 6.074138], [-75.33248, 6.074146]], [[-75.332984, 6.073898], [-75.333116, 6.073864], [-75.333354, 6.074194], [-75.333348, 6.074362], [-75.333469, 6.074531], [-75.333626, 6.074568]], [[-75.333631, 6.074565], [-75.333656, 6.074679], [-75.33375, 6.074833], [-75.333941, 6.075295], [-75.334007, 6.075279], [-75.33426, 6.075149], [-75.334254, 6.075119]], [[-75.334008, 6.075271], [-75.334144, 6.075682], [-75.33425, 6.076053], [-75.334356, 6.076501], [-75.334465, 6.076879], [-75.334372, 6.077022], [-75.33389, 6.077238]], [[-75.336937, 6.083886], [-75.336868, 6.083537], [-75.336575, 6.08222], [-75.336634, 6.08221]], [[-75.332387, 6.073056], [-75.332068, 6.073261], [-75.33223, 6.073616], [-75.332129, 6.07364], [-75.331814, 6.073634], [-75.331683, 6.073707], [-75.331552, 6.073725]], [[-75.332387, 6.073053], [-75.332233, 6.072798], [-75.332233, 6.07273]], [[-75.331712, 6.076361], [-75.331688, 6.076305], [-75.331362, 6.07564], [-75.331276, 6.075381], [-75.331068, 6.074925], [-75.331723, 6.074595], [-75.3318, 6.074552], [-75.331695, 6.074325]], [[-75.331696, 6.074324], [-75.331561, 6.074013], [-75.331539, 6.073936], [-75.33154, 6.073852], [-75.331537, 6.07377], [-75.331549, 6.073731]], [[-75.33114, 6.07294], [-75.331243, 6.072886], [-75.331319, 6.073106], [-75.331441, 6.073478], [-75.33155, 6.073727]], [[-75.336488, 6.088042], [-75.336492, 6.088727], [-75.336045, 6.088731]], [[-75.331731, 6.07639], [-75.331718, 6.076351], [-75.332045, 6.076211], [-75.332403, 6.076063], [-75.332228, 6.075648], [-75.332076, 6.075327]], [[-75.334539, 6.084566], [-75.334624, 6.084515], [-75.334857, 6.084968], [-75.335533, 6.086293], [-75.335652, 6.086232]], [[-75.336585, 6.082193], [-75.336268, 6.081392], [-75.336001, 6.08065], [-75.335726, 6.079977], [-75.335589, 6.07962], [-75.335409, 6.079221], [-75.335057, 6.078454], [-75.334704, 6.077729], [-75.334463, 6.076958], [-75.334375, 6.077024]], [[-75.335576, 6.081741], [-75.334417, 6.08228], [-75.333417, 6.082744], [-75.332322, 6.083306]], [[-75.331136, 6.072971], [-75.331153, 6.072899], [-75.33082, 6.072631], [-75.330783, 6.072604], [-75.330721, 6.072574], [-75.330439, 6.072385], [-75.330334, 6.072135], [-75.330227, 6.071743], [-75.330176, 6.071547], [-75.330093, 6.071327], [-75.329981, 6.071216], [-75.329887, 6.070932], [-75.329697, 6.070444], [-75.3297, 6.070434], [-75.329689, 6.070405]], [[-75.316124, 6.051086], [-75.316127, 6.051084], [-75.316187, 6.051028]], [[-75.316188, 6.051019], [-75.316197, 6.05101], [-75.316574, 6.050703]]]}}, {"type": "Feature", "properties": {"cod": "05197", "archivo": "COCORNA NUEVO.kmz", "metros": 10647, "tramos": 15}, "geometry": {"type": "MultiLineString", "coordinates": [[[-75.185022, 6.057399], [-75.185024, 6.057399], [-75.185069, 6.057447], [-75.184944, 6.057676]], [[-75.184934, 6.057665], [-75.184399, 6.057351], [-75.184366, 6.0574]], [[-75.184951, 6.057678], [-75.185433, 6.057996], [-75.185412, 6.05804]], [[-75.185426, 6.058038], [-75.185454, 6.057996], [-75.185736, 6.058206], [-75.185487, 6.058816], [-75.185236, 6.059338], [-75.185078, 6.059524]], [[-75.185407, 6.058019], [-75.185415, 6.058008], [-75.185683, 6.057455], [-75.185703, 6.057491], [-75.185713, 6.057453], [-75.186114, 6.057679], [-75.186381, 6.057222]], [[-75.185757, 6.0582], [-75.186968, 6.05897], [-75.186702, 6.059556], [-75.186707, 6.059564], [-75.18678, 6.05956], [-75.187324, 6.058558], [-75.187413, 6.058642], [-75.187438, 6.058599], [-75.18849, 6.059085], [-75.188446, 6.059287], [-75.188914, 6.059556], [-75.188929, 6.05981], [-75.188869, 6.059783]], [[-75.186416, 6.05725], [-75.186426, 6.057208], [-75.186024, 6.05684], [-75.185982, 6.056802], [-75.185956, 6.056782], [-75.185566, 6.056417], [-75.185558, 6.056414], [-75.185181, 6.056215], [-75.185091, 6.056148], [-75.184935, 6.055813], [-75.184773, 6.05567], [-75.184324, 6.055813], [-75.184121, 6.055626], [-75.184014, 6.055434], [-75.183888, 6.055084], [-75.183791, 6.054894], [-75.183443, 6.054911], [-75.183438, 6.054919], [-75.183427, 6.054933], [-75.183417, 6.054938], [-75.183, 6.05515], [-75.182884, 6.055217], [-75.182974, 6.055391]], [[-75.185192, 6.056169], [-75.185595, 6.056347], [-75.185528, 6.055792], [-75.185554, 6.055403], [-75.185714, 6.055059], [-75.185802, 6.054382], [-75.185902, 6.054385]], [[-75.185073, 6.059498], [-75.185121, 6.059444], [-75.185479, 6.059828], [-75.185565, 6.059938], [-75.185626, 6.060091], [-75.18526, 6.060438], [-75.1851, 6.060655], [-75.185127, 6.060685]], [[-75.185084, 6.057447], [-75.185251, 6.057152], [-75.185205, 6.057133]], [[-75.185121, 6.060705], [-75.139316, 6.011684]], [[-75.142393, 6.011296], [-75.142702, 6.011328], [-75.143107, 6.011538], [-75.143224, 6.011614], [-75.143276, 6.011833], [-75.14319, 6.011958], [-75.143003, 6.011996], [-75.142709, 6.011955], [-75.142558, 6.011941], [-75.142374, 6.012026], [-75.142283, 6.012151], [-75.142236, 6.012312], [-75.142364, 6.012458], [-75.142676, 6.012658]], [[-75.139329, 6.011686], [-75.139332, 6.011686], [-75.139482, 6.011613], [-75.139602, 6.011471], [-75.139684, 6.011422], [-75.139845, 6.011611], [-75.140035, 6.011734], [-75.140283, 6.011765], [-75.140531, 6.011764], [-75.140832, 6.011748], [-75.14114, 6.011719], [-75.141502, 6.011623], [-75.141759, 6.011565], [-75.141766, 6.01156], [-75.141986, 6.011528], [-75.142231, 6.011423], [-75.142388, 6.011299]], [[-75.142119, 6.011099], [-75.142066, 6.011053], [-75.142073, 6.011185], [-75.142393, 6.011294]], [[-75.186568, 6.054672], [-75.186591, 6.0544], [-75.185829, 6.054169], [-75.185815, 6.054338], [-75.185914, 6.054371]]]}}, {"type": "Feature", "properties": {"cod": "05206", "archivo": "CONCEPCION NUEVO.kmz", "metros": 4148, "tramos": 10}, "geometry": {"type": "MultiLineString", "coordinates": [[[-75.258383, 6.396153], [-75.25632, 6.395723], [-75.2568, 6.395516], [-75.254809, 6.395305]], [[-75.254652, 6.395242], [-75.254188, 6.394849], [-75.254443, 6.394883], [-75.253897, 6.394241]], [[-75.253911, 6.393931], [-75.256852, 6.392474], [-75.25629, 6.39234], [-75.260055, 6.391163]], [[-75.253902, 6.39422], [-75.253902, 6.394217], [-75.253824, 6.393948]], [[-75.260265, 6.390892], [-75.26012, 6.3915], [-75.259889, 6.392388], [-75.259781, 6.392706], [-75.259474, 6.392925], [-75.259365, 6.393234], [-75.258689, 6.3938], [-75.259341, 6.394535], [-75.25929, 6.39516], [-75.258824, 6.395636], [-75.258397, 6.396142], [-75.258338, 6.396113]], [[-75.258337, 6.396102], [-75.258398, 6.396132], [-75.258546, 6.395923], [-75.258309, 6.395583], [-75.258191, 6.395062], [-75.258158, 6.394856], [-75.257561, 6.394667], [-75.256998, 6.39453], [-75.256605, 6.394883], [-75.256328, 6.395173], [-75.254724, 6.395249]], [[-75.254725, 6.395211], [-75.254636, 6.394705], [-75.254471, 6.394436], [-75.254419, 6.39433], [-75.254079, 6.394446], [-75.253807, 6.393974]], [[-75.253823, 6.393964], [-75.25476, 6.392562], [-75.255094, 6.392307], [-75.256343, 6.392444], [-75.258756, 6.392114], [-75.259594, 6.391677], [-75.260268, 6.390905]], [[-75.255102, 6.392311], [-75.25511, 6.392327], [-75.255203, 6.392655]], [[-75.257635, 6.394702], [-75.257317, 6.393837], [-75.257086, 6.393465]]]}}, {"type": "Feature", "properties": {"cod": "05541", "archivo": "EL PEÑOL.kmz", "metros": 5993, "tramos": 14}, "geometry": {"type": "MultiLineString", "coordinates": [[[-75.246386, 6.221639], [-75.24653, 6.221667], [-75.246534, 6.221585], [-75.246387, 6.22155], [-75.246204, 6.220962], [-75.245989, 6.220899], [-75.245972, 6.220818], [-75.245862, 6.220482], [-75.245756, 6.220132], [-75.245648, 6.21977], [-75.245569, 6.219574], [-75.24552, 6.219365], [-75.245448, 6.219098], [-75.24535, 6.218868], [-75.245221, 6.218678], [-75.245077, 6.218509], [-75.244884, 6.218425], [-75.244671, 6.218299], [-75.244474, 6.218171], [-75.244269, 6.218068], [-75.244044, 6.217949], [-75.243802, 6.217855], [-75.243563, 6.217857], [-75.243365, 6.217853], [-75.243608, 6.217603], [-75.243497, 6.217554], [-75.243616, 6.217391], [-75.243452, 6.21725], [-75.2432, 6.217148], [-75.242991, 6.217067], [-75.242818, 6.216983], [-75.24295, 6.216841], [-75.242997, 6.216822], [-75.243087, 6.2168], [-75.243054, 6.21678], [-75.243072, 6.216758], [-75.243096, 6.216769], [-75.243113, 6.216743], [-75.24309, 6.216724]], [[-75.23674, 6.216028], [-75.236944, 6.216156], [-75.237126, 6.216222], [-75.237143, 6.216312], [-75.237142, 6.216183], [-75.237372, 6.216175], [-75.237728, 6.216246], [-75.23798, 6.216193], [-75.238131, 6.216148], [-75.238514, 6.216356], [-75.238699, 6.216487], [-75.238845, 6.216633], [-75.239384, 6.216706], [-75.239722, 6.216725], [-75.239844, 6.216694], [-75.240084, 6.216734], [-75.240304, 6.216748], [-75.240561, 6.216753], [-75.240879, 6.216784], [-75.241186, 6.216814], [-75.241653, 6.216863], [-75.24195, 6.217025], [-75.242197, 6.217066], [-75.24234, 6.217177], [-75.242466, 6.217253], [-75.242595, 6.217296], [-75.242677, 6.21734], [-75.242959, 6.21762], [-75.243238, 6.217755], [-75.243351, 6.217825]], [[-75.243348, 6.217849], [-75.243174, 6.217756], [-75.242952, 6.217645], [-75.24284, 6.217645], [-75.242774, 6.217843], [-75.242769, 6.217765]], [[-75.243647, 6.217901], [-75.243752, 6.217892], [-75.243791, 6.217871], [-75.243567, 6.21788], [-75.243368, 6.21786]], [[-75.238631, 6.215243], [-75.238617, 6.215188], [-75.238749, 6.215227], [-75.238565, 6.215331], [-75.238385, 6.215419], [-75.238258, 6.215442], [-75.238148, 6.215569], [-75.238038, 6.215724], [-75.238146, 6.215712], [-75.23847, 6.215788], [-75.238562, 6.215751], [-75.23872, 6.215792], [-75.238969, 6.21586], [-75.239118, 6.215969], [-75.239285, 6.216025], [-75.239579, 6.216056], [-75.239661, 6.216174], [-75.239625, 6.216442], [-75.239863, 6.216591], [-75.239852, 6.216678]], [[-75.243645, 6.216895], [-75.243673, 6.216845], [-75.243551, 6.216773], [-75.243428, 6.216714], [-75.24345, 6.216685]], [[-75.246529, 6.221702], [-75.246464, 6.221928], [-75.246368, 6.222239], [-75.246201, 6.222497], [-75.246059, 6.222711], [-75.245862, 6.223003], [-75.245716, 6.223232], [-75.245539, 6.223106], [-75.24539, 6.223021], [-75.245123, 6.222829], [-75.244848, 6.222634], [-75.24461, 6.222432], [-75.244439, 6.222375], [-75.244152, 6.22238], [-75.24379, 6.222343], [-75.243538, 6.222322], [-75.243334, 6.222303], [-75.243089, 6.22223], [-75.242974, 6.222145], [-75.24286, 6.221892], [-75.242741, 6.22161], [-75.242581, 6.221353], [-75.242455, 6.221128], [-75.242352, 6.220858], [-75.242204, 6.220614], [-75.242057, 6.220331], [-75.241988, 6.220151], [-75.242189, 6.219858], [-75.242269, 6.219623], [-75.242343, 6.219322], [-75.242374, 6.219058], [-75.242374, 6.218866], [-75.242237, 6.218631], [-75.242069, 6.21837], [-75.242041, 6.218326], [-75.242458, 6.21809], [-75.24282, 6.217654], [-75.242953, 6.217633], [-75.243165, 6.217733], [-75.24335, 6.217838]], [[-75.246513, 6.221695], [-75.246566, 6.221455], [-75.246636, 6.221202], [-75.246683, 6.221044], [-75.246761, 6.220718], [-75.246848, 6.220454], [-75.246895, 6.22026], [-75.246942, 6.2201], [-75.247042, 6.219752], [-75.247091, 6.21961], [-75.246949, 6.219367], [-75.246745, 6.21899], [-75.246484, 6.21855], [-75.246338, 6.218319], [-75.245927, 6.217586], [-75.245809, 6.217369], [-75.245607, 6.21703], [-75.245343, 6.216913], [-75.245183, 6.216831], [-75.244935, 6.216709], [-75.244669, 6.216578], [-75.244426, 6.216465], [-75.244216, 6.216316], [-75.243991, 6.216226], [-75.243782, 6.216119], [-75.243538, 6.215986], [-75.243413, 6.215919], [-75.243144, 6.215782], [-75.242848, 6.215607], [-75.242541, 6.215446], [-75.242355, 6.215317], [-75.241978, 6.215166], [-75.241559, 6.215039], [-75.241226, 6.214955], [-75.240787, 6.214824], [-75.240732, 6.214908], [-75.240288, 6.215185], [-75.23996, 6.215346], [-75.239663, 6.215506], [-75.239613, 6.215443], [-75.239561, 6.215356], [-75.239477, 6.215214], [-75.239318, 6.214953], [-75.239259, 6.214862], [-75.238952, 6.215024], [-75.238779, 6.215124], [-75.238734, 6.21521]], [[-75.243664, 6.216875], [-75.243683, 6.216841], [-75.243411, 6.216688], [-75.24338, 6.216779], [-75.243317, 6.216785], [-75.243245, 6.216798], [-75.243196, 6.216816], [-75.243104, 6.216836], [-75.243004, 6.216869], [-75.242934, 6.216992], [-75.242751, 6.216901], [-75.242621, 6.216815], [-75.242718, 6.216617], [-75.242885, 6.216393], [-75.242984, 6.216119], [-75.243106, 6.215947], [-75.243106, 6.215927], [-75.243158, 6.215805], [-75.242972, 6.215666], [-75.242912, 6.215645]], [[-75.242933, 6.215672], [-75.242528, 6.215448], [-75.242024, 6.215757], [-75.241497, 6.216065], [-75.241208, 6.216236], [-75.241112, 6.216014]], [[-75.243359, 6.217836], [-75.243569, 6.217844], [-75.243575, 6.217844], [-75.243797, 6.217855], [-75.24405, 6.217939], [-75.244059, 6.217947], [-75.244274, 6.218056], [-75.244486, 6.218155], [-75.244545, 6.218363], [-75.244659, 6.218723], [-75.24462, 6.218746], [-75.244226, 6.218624], [-75.244002, 6.218701]], [[-75.24367, 6.2169], [-75.243698, 6.216834], [-75.24341, 6.216677], [-75.243376, 6.216771], [-75.243198, 6.216802], [-75.242998, 6.21686], [-75.243071, 6.216797], [-75.243046, 6.216782], [-75.24307, 6.216753], [-75.243092, 6.216764], [-75.243108, 6.216744], [-75.243072, 6.216722]], [[-75.246576, 6.222361], [-75.246426, 6.222109], [-75.246544, 6.221702]], [[-75.239384, 6.216685], [-75.239386, 6.216685], [-75.239745, 6.216672], [-75.239851, 6.216686]]]}}, {"type": "Feature", "properties": {"cod": "05313", "archivo": "GRANADA.kmz", "metros": 8067, "tramos": 9}, "geometry": {"type": "MultiLineString", "coordinates": [[[-75.184796, 6.143527], [-75.184837, 6.143468], [-75.185077, 6.143603], [-75.185291, 6.143233], [-75.184909, 6.142968], [-75.184364, 6.143291], [-75.18383, 6.143565], [-75.183336, 6.143928], [-75.183711, 6.144171], [-75.184495, 6.144561], [-75.184899, 6.144807], [-75.185189, 6.144335], [-75.185737, 6.144589], [-75.186083, 6.144906], [-75.186177, 6.145003], [-75.186529, 6.145202], [-75.186836, 6.145369], [-75.187375, 6.145666], [-75.187683, 6.14577], [-75.187927, 6.1455], [-75.187896, 6.14522], [-75.187728, 6.144925], [-75.187495, 6.144737], [-75.187169, 6.144735], [-75.186791, 6.144757], [-75.18626, 6.144375], [-75.18616, 6.14409], [-75.186052, 6.143705], [-75.185508, 6.14341], [-75.185289, 6.143257], [-75.185323, 6.143182], [-75.186509, 6.143845], [-75.186944, 6.143082], [-75.187194, 6.143036], [-75.187482, 6.143056], [-75.187628, 6.14315], [-75.187914, 6.143147]], [[-75.183811, 6.143555], [-75.184303, 6.1433], [-75.184678, 6.143074], [-75.184877, 6.142943], [-75.185062, 6.142707], [-75.183627, 6.141722], [-75.183082, 6.141753], [-75.182915, 6.141577], [-75.182773, 6.141742], [-75.182272, 6.141485], [-75.182037, 6.141362]], [[-75.182896, 6.141558], [-75.182906, 6.141249], [-75.182994, 6.14101], [-75.183057, 6.1408], [-75.183077, 6.140666], [-75.183077, 6.140656], [-75.183077, 6.140621], [-75.183074, 6.140599], [-75.183072, 6.140353], [-75.182934, 6.139975], [-75.182695, 6.139651], [-75.182465, 6.1394], [-75.182771, 6.139621], [-75.183011, 6.139855]], [[-75.187678, 6.145761], [-75.1878, 6.146137], [-75.187868, 6.14638], [-75.187611, 6.146492], [-75.187352, 6.146352], [-75.187308, 6.146343]], [[-75.18379, 6.143554], [-75.183545, 6.14332], [-75.183039, 6.143494], [-75.182572, 6.143832], [-75.182439, 6.143986], [-75.182763, 6.144303], [-75.183036, 6.144154], [-75.18304, 6.144158], [-75.183596, 6.144555], [-75.184089, 6.144897], [-75.184101, 6.144902], [-75.184255, 6.144988], [-75.184484, 6.144588]], [[-75.156202, 6.156202], [-75.156191, 6.156633], [-75.156273, 6.156773], [-75.156872, 6.156789], [-75.157018, 6.156937], [-75.157033, 6.157368], [-75.157125, 6.157623], [-75.1573, 6.157846], [-75.157314, 6.15863], [-75.15745, 6.158807], [-75.157876, 6.15895], [-75.15794, 6.159071], [-75.157952, 6.15963], [-75.158115, 6.159718], [-75.158673, 6.159733], [-75.158777, 6.159832], [-75.158737, 6.160048], [-75.15847, 6.160707], [-75.158533, 6.160815], [-75.158984, 6.161702], [-75.159243, 6.162265], [-75.15966, 6.162642], [-75.159931, 6.163175], [-75.160144, 6.163346], [-75.160274, 6.163768], [-75.16063, 6.163939], [-75.160932, 6.164748], [-75.161174, 6.16531], [-75.161148, 6.165641], [-75.16093, 6.165939], [-75.161014, 6.167145], [-75.161632, 6.167438], [-75.16185, 6.168028], [-75.162217, 6.168361], [-75.16263, 6.169014], [-75.162945, 6.169346], [-75.162972, 6.170191], [-75.16314, 6.170815], [-75.162958, 6.171152], [-75.162573, 6.171505], [-75.162381, 6.172054], [-75.162283, 6.17266], [-75.162652, 6.172863], [-75.162979, 6.172568], [-75.163894, 6.172531], [-75.164295, 6.173026], [-75.164617, 6.173844], [-75.164466, 6.174541], [-75.164555, 6.174885], [-75.165073, 6.175161], [-75.165229, 6.175499], [-75.165331, 6.176057], [-75.164983, 6.176568], [-75.164846, 6.176873], [-75.165305, 6.177111], [-75.165596, 6.177632], [-75.165768, 6.17828], [-75.166005, 6.178713], [-75.166129, 6.178898], [-75.166812, 6.178677], [-75.167341, 6.178509], [-75.167624, 6.178764], [-75.167548, 6.179339], [-75.1675, 6.179741], [-75.167623, 6.180248], [-75.167285, 6.180675], [-75.166822, 6.180787], [-75.166759, 6.181085], [-75.16686, 6.181273], [-75.167187, 6.181245], [-75.167665, 6.181762], [-75.167351, 6.182374], [-75.16748, 6.182641], [-75.167754, 6.182866], [-75.168184, 6.182834]], [[-75.186147, 6.1441], [-75.18626, 6.1444], [-75.186559, 6.144612], [-75.186777, 6.144761], [-75.1871, 6.144316], [-75.187352, 6.143838], [-75.187443, 6.143606], [-75.187447, 6.143602], [-75.187613, 6.143365], [-75.187697, 6.143218], [-75.187939, 6.14319]], [[-75.187919, 6.14315], [-75.187925, 6.143152], [-75.187934, 6.143154], [-75.187943, 6.143156], [-75.188278, 6.143236], [-75.188675, 6.143317], [-75.188913, 6.143307], [-75.188928, 6.143307], [-75.189249, 6.143206], [-75.18926, 6.143199], [-75.189277, 6.143199], [-75.189533, 6.143173], [-75.189542, 6.143173], [-75.189786, 6.143159]], [[-75.183771, 6.143559], [-75.183531, 6.143346], [-75.183318, 6.143422], [-75.183038, 6.143527], [-75.18306, 6.14358]]]}}, {"type": "Feature", "properties": {"cod": "05318", "archivo": "GUARNE NUEVO.kmz", "metros": 17202, "tramos": 10}, "geometry": {"type": "MultiLineString", "coordinates": [[[-75.4285, 6.242779], [-75.428366, 6.2427], [-75.428283, 6.24292]], [[-75.428513, 6.242773], [-75.428512, 6.242771], [-75.428697, 6.242406], [-75.428713, 6.242416]], [[-75.395202, 6.317081], [-75.395308, 6.31707], [-75.395468, 6.317039], [-75.395455, 6.316953]], [[-75.440995, 6.277313], [-75.441189, 6.277207], [-75.441703, 6.278062], [-75.442467, 6.279211], [-75.443532, 6.280854], [-75.444642, 6.282581], [-75.446562, 6.285542]], [[-75.463705, 6.320833], [-75.463728, 6.320076], [-75.464203, 6.318622], [-75.464352, 6.318194], [-75.46405, 6.317117], [-75.463694, 6.316218], [-75.463149, 6.314971], [-75.462794, 6.314301], [-75.462248, 6.313666], [-75.461445, 6.312857], [-75.461072, 6.312447], [-75.460789, 6.311592], [-75.460615, 6.310672], [-75.460363, 6.309714], [-75.460162, 6.309131], [-75.459902, 6.308487], [-75.4597, 6.307953], [-75.459285, 6.306773], [-75.459022, 6.306089], [-75.458762, 6.305586], [-75.457912, 6.304379], [-75.457029, 6.303176], [-75.456488, 6.302558], [-75.456132, 6.301975], [-75.455839, 6.301637], [-75.455545, 6.301195], [-75.455464, 6.300592], [-75.455175, 6.299998], [-75.455079, 6.299517], [-75.454949, 6.299064], [-75.45483, 6.298536], [-75.454552, 6.297518], [-75.454434, 6.297121], [-75.454211, 6.296788], [-75.453883, 6.296285], [-75.453491, 6.29575], [-75.452963, 6.295424], [-75.452582, 6.295038], [-75.451964, 6.294431], [-75.451479, 6.293843], [-75.450959, 6.29302], [-75.450598, 6.292459], [-75.450217, 6.291746], [-75.449674, 6.291159], [-75.449305, 6.290674], [-75.448933, 6.290117], [-75.448853, 6.289628], [-75.44882, 6.288977], [-75.44892, 6.288248], [-75.44907, 6.287286], [-75.448403, 6.287433], [-75.447764, 6.286611], [-75.447054, 6.286398], [-75.446765, 6.286184], [-75.446643, 6.285633]], [[-75.44353, 6.280803], [-75.444783, 6.280002], [-75.445026, 6.279874], [-75.445657, 6.279923], [-75.446302, 6.279986], [-75.446423, 6.280033], [-75.446982, 6.279902], [-75.446973, 6.279465], [-75.446904, 6.279166], [-75.446852, 6.278976], [-75.446764, 6.278798], [-75.446682, 6.278563], [-75.446564, 6.278404], [-75.446452, 6.278225], [-75.446305, 6.278051], [-75.446142, 6.277855], [-75.445936, 6.277649], [-75.445727, 6.277487], [-75.445506, 6.277338], [-75.445393, 6.27724], [-75.445308, 6.27743]], [[-75.44096, 6.277269], [-75.441156, 6.277153], [-75.440946, 6.276818], [-75.440695, 6.276407], [-75.440604, 6.276329], [-75.441064, 6.275928], [-75.440995, 6.275647], [-75.440674, 6.275389], [-75.44092, 6.275174], [-75.44023, 6.274109], [-75.439877, 6.273593], [-75.439344, 6.272873], [-75.439046, 6.272422], [-75.438717, 6.271874], [-75.438364, 6.27122], [-75.437854, 6.270047], [-75.437639, 6.269604], [-75.437398, 6.268933], [-75.437349, 6.268278], [-75.437455, 6.267447], [-75.43764, 6.266767], [-75.437922, 6.265568], [-75.43823, 6.264355], [-75.438366, 6.263217], [-75.438685, 6.262314], [-75.438494, 6.261593], [-75.438282, 6.26105], [-75.437921, 6.26049], [-75.43735, 6.259956], [-75.436739, 6.259415], [-75.436303, 6.258975], [-75.435707, 6.258359], [-75.43535, 6.257949], [-75.435062, 6.257712], [-75.434727, 6.257226], [-75.434372, 6.256687], [-75.434062, 6.256221], [-75.433686, 6.255535], [-75.433311, 6.25495], [-75.432995, 6.25449], [-75.432473, 6.253999], [-75.431838, 6.253553], [-75.431078, 6.253257], [-75.430233, 6.253045], [-75.429282, 6.252745], [-75.427329, 6.252149], [-75.425856, 6.251611], [-75.425008, 6.250798], [-75.424672, 6.250144], [-75.424525, 6.249779], [-75.423931, 6.248563], [-75.423531, 6.247824], [-75.423219, 6.247189], [-75.422953, 6.246645], [-75.42269, 6.246358], [-75.422396, 6.246014], [-75.422043, 6.245755], [-75.421386, 6.245389], [-75.420873, 6.245107], [-75.420016, 6.244451], [-75.419539, 6.244137], [-75.419058, 6.243912], [-75.418394, 6.24368], [-75.417758, 6.243415], [-75.417109, 6.243001], [-75.416739, 6.242707], [-75.416505, 6.242392], [-75.41628, 6.242027], [-75.416029, 6.241634], [-75.4158, 6.241168], [-75.415343, 6.240336], [-75.414964, 6.239654], [-75.41418, 6.238255], [-75.413556, 6.237125], [-75.412763, 6.235737], [-75.411713, 6.233808], [-75.411215, 6.232936], [-75.41076, 6.232097], [-75.410143, 6.231033], [-75.409865, 6.230616], [-75.409619, 6.230255], [-75.409068, 6.229842], [-75.408316, 6.229475], [-75.406343, 6.229149], [-75.405429, 6.229045], [-75.403869, 6.228847], [-75.402047, 6.228569], [-75.400725, 6.228429], [-75.399006, 6.228211], [-75.398582, 6.228267]], [[-75.445293, 6.27742], [-75.44538, 6.277239], [-75.443991, 6.276806], [-75.442888, 6.27653], [-75.442409, 6.276343], [-75.442251, 6.276612], [-75.442151, 6.276909], [-75.442008, 6.276995], [-75.442211, 6.277172], [-75.442108, 6.277255], [-75.441902, 6.277388], [-75.441656, 6.277548], [-75.441506, 6.277637], [-75.441565, 6.277727]], [[-75.441569, 6.277744], [-75.441744, 6.278014], [-75.441639, 6.278066], [-75.441398, 6.278196], [-75.441324, 6.27822], [-75.440921, 6.27844], [-75.441109, 6.278807], [-75.441426, 6.279419], [-75.44188, 6.279172], [-75.442384, 6.278882], [-75.442854, 6.278624], [-75.442989, 6.278534], [-75.443275, 6.278989], [-75.44343, 6.279224], [-75.442756, 6.279648]], [[-75.441564, 6.277736], [-75.441496, 6.277714], [-75.441142, 6.277113], [-75.440873, 6.276657], [-75.440639, 6.276317], [-75.440557, 6.276244], [-75.44034, 6.276351], [-75.440127, 6.276551], [-75.439987, 6.276358], [-75.439854, 6.276167], [-75.439695, 6.27592], [-75.439365, 6.275432], [-75.439233, 6.275204], [-75.438911, 6.27468], [-75.438496, 6.274174], [-75.438226, 6.273824], [-75.437767, 6.273255], [-75.4372, 6.272577], [-75.437572, 6.272124], [-75.43774, 6.271978], [-75.438246, 6.271574], [-75.437782, 6.270668], [-75.437389, 6.270899], [-75.4372, 6.270883]]]}}, {"type": "Feature", "properties": {"cod": "05400", "archivo": "LA UNIÓN-ANTIOQUIA.kmz (2).kml", "metros": 9425, "tramos": 17}, "geometry": {"type": "MultiLineString", "coordinates": [[[-75.361711, 5.9732], [-75.361601, 5.973222], [-75.361814, 5.973848], [-75.361881, 5.973816], [-75.361868, 5.973885], [-75.362631, 5.973638], [-75.363091, 5.975089], [-75.363408, 5.97605], [-75.363683, 5.976906], [-75.36288, 5.977148], [-75.36288, 5.977206], [-75.36284, 5.977168], [-75.361302, 5.977614], [-75.361047, 5.976908], [-75.360992, 5.976886], [-75.36103, 5.976839], [-75.360498, 5.975261], [-75.360245, 5.974479], [-75.360255, 5.974448], [-75.360223, 5.97444], [-75.359815, 5.973155], [-75.359737, 5.972884], [-75.359601, 5.972731], [-75.359458, 5.972634], [-75.359012, 5.970907], [-75.358925, 5.970697], [-75.358863, 5.970628], [-75.358722, 5.970547], [-75.358642, 5.970488], [-75.358548, 5.970432], [-75.35849, 5.970371], [-75.358416, 5.970304], [-75.358363, 5.970238], [-75.358291, 5.970171], [-75.358241, 5.970072], [-75.358179, 5.97], [-75.35816, 5.969954], [-75.358114, 5.969891], [-75.359751, 5.969318], [-75.360191, 5.969326], [-75.360702, 5.97075], [-75.360637, 5.970802], [-75.360727, 5.970804], [-75.361283, 5.972308], [-75.362044, 5.972022], [-75.362052, 5.972051], [-75.362109, 5.972043], [-75.362065, 5.972092], [-75.362333, 5.972824], [-75.361549, 5.973109], [-75.361582, 5.973195], [-75.361695, 5.973167]], [[-75.361027, 5.976832], [-75.36008, 5.977148], [-75.360041, 5.977096], [-75.36002, 5.977164], [-75.359921, 5.97721], [-75.359852, 5.977242], [-75.359805, 5.977271], [-75.359764, 5.977321], [-75.359702, 5.977398], [-75.359634, 5.977525], [-75.359602, 5.97766], [-75.359563, 5.977807], [-75.359508, 5.977832], [-75.359459, 5.977809], [-75.359381, 5.977764], [-75.359263, 5.977688], [-75.359108, 5.977574], [-75.358967, 5.9775], [-75.358899, 5.977481], [-75.358857, 5.977483], [-75.358816, 5.977495], [-75.358783, 5.977528], [-75.358734, 5.977601], [-75.35868, 5.977719], [-75.358589, 5.977886], [-75.358375, 5.978218], [-75.358183, 5.978498], [-75.357889, 5.978987], [-75.357832, 5.978951]], [[-75.362909, 5.977132], [-75.363401, 5.978758], [-75.363393, 5.97887]], [[-75.363672, 5.97687], [-75.364207, 5.976714], [-75.364432, 5.976763], [-75.364532, 5.976771], [-75.364644, 5.976807], [-75.364826, 5.976862], [-75.364988, 5.976931], [-75.365191, 5.977038], [-75.365415, 5.977138], [-75.365582, 5.977251], [-75.365731, 5.977383], [-75.365909, 5.977598], [-75.36671, 5.978522], [-75.36687, 5.978646], [-75.367028, 5.978719], [-75.367139, 5.978779], [-75.367315, 5.978808], [-75.367457, 5.978842], [-75.368194, 5.979001], [-75.36856, 5.979108], [-75.36868, 5.979139], [-75.368865, 5.979107], [-75.368956, 5.979119], [-75.369117, 5.979117], [-75.369297, 5.979134], [-75.369444, 5.979186], [-75.369552, 5.979311], [-75.369626, 5.979441], [-75.369672, 5.979601], [-75.369711, 5.97978], [-75.369324, 5.979748], [-75.369737, 5.979931], [-75.36972, 5.980032], [-75.369691, 5.980185], [-75.369631, 5.980406], [-75.369566, 5.980541], [-75.369483, 5.980635], [-75.369397, 5.980709], [-75.369281, 5.980747], [-75.369113, 5.980785], [-75.368952, 5.980836], [-75.368855, 5.980916], [-75.368799, 5.981071], [-75.36882, 5.981233], [-75.368916, 5.98137], [-75.369253, 5.98162], [-75.369621, 5.982032], [-75.369911, 5.98235], [-75.370095, 5.982471], [-75.370237, 5.982559], [-75.370516, 5.982733], [-75.370675, 5.982812], [-75.370785, 5.982847], [-75.370887, 5.982833], [-75.371001, 5.982762], [-75.371136, 5.982677], [-75.371291, 5.982601], [-75.371408, 5.982575], [-75.371542, 5.98259], [-75.371692, 5.982664], [-75.371825, 5.982739], [-75.371904, 5.982856], [-75.371961, 5.982989], [-75.371947, 5.983275], [-75.371914, 5.983418], [-75.371904, 5.983615], [-75.371905, 5.983696], [-75.371761, 5.983736]], [[-75.360187, 5.969325], [-75.360012, 5.968818], [-75.359927, 5.968743]], [[-75.359457, 5.972629], [-75.359012, 5.972605], [-75.358909, 5.972358], [-75.358834, 5.972597], [-75.35826, 5.972589], [-75.357767, 5.97256], [-75.357335, 5.972509], [-75.357052, 5.972427], [-75.356856, 5.972285], [-75.356547, 5.971969], [-75.356195, 5.971608], [-75.355821, 5.971204], [-75.355592, 5.970929], [-75.355445, 5.97075], [-75.355288, 5.970609], [-75.355183, 5.970544], [-75.355031, 5.970534], [-75.354885, 5.970573], [-75.354575, 5.970748], [-75.354199, 5.970976], [-75.353895, 5.97113], [-75.353441, 5.971409], [-75.353074, 5.971596], [-75.352511, 5.971829], [-75.352073, 5.972007], [-75.351098, 5.971852], [-75.350408, 5.971763], [-75.350049, 5.971698], [-75.349929, 5.971545], [-75.349755, 5.971218], [-75.349593, 5.97093], [-75.349402, 5.970794], [-75.34922, 5.970722], [-75.348967, 5.970722], [-75.348468, 5.970788], [-75.347642, 5.970928], [-75.346774, 5.971067], [-75.346241, 5.971044], [-75.345784, 5.970963], [-75.345442, 5.970948], [-75.344906, 5.97116], [-75.344047, 5.971337], [-75.342975, 5.971464], [-75.34278, 5.97147], [-75.342663, 5.971458], [-75.342507, 5.97139], [-75.342427, 5.971318], [-75.342304, 5.971193], [-75.342209, 5.971051], [-75.341988, 5.970719], [-75.34182, 5.970466], [-75.341766, 5.970383], [-75.341716, 5.970352], [-75.341654, 5.970334], [-75.341588, 5.970324], [-75.34149, 5.970348], [-75.34144, 5.970377], [-75.341389, 5.970433], [-75.341302, 5.970562], [-75.341212, 5.970635], [-75.341084, 5.970705], [-75.341025, 5.970817], [-75.340997, 5.970948]], [[-75.35997, 5.973644], [-75.359574, 5.973778], [-75.359111, 5.973757], [-75.358495, 5.973749], [-75.358301, 5.973758], [-75.358331, 5.973666]], [[-75.358123, 5.969893], [-75.358066, 5.96983], [-75.358012, 5.969735], [-75.357964, 5.969672], [-75.357921, 5.969641], [-75.357847, 5.969593], [-75.357792, 5.969505], [-75.35774, 5.969413], [-75.357697, 5.969271], [-75.357651, 5.969147], [-75.357614, 5.969036], [-75.357545, 5.968865], [-75.357474, 5.968705], [-75.35741, 5.968585], [-75.357357, 5.968487], [-75.35726, 5.968339], [-75.357164, 5.968239], [-75.357119, 5.968156], [-75.357046, 5.968023], [-75.357028, 5.967949], [-75.357009, 5.967855], [-75.357005, 5.967748], [-75.356981, 5.967663], [-75.356964, 5.967565], [-75.356941, 5.967456], [-75.356924, 5.967295], [-75.356919, 5.967197], [-75.356819, 5.967042]], [[-75.359972, 5.97364], [-75.360283, 5.973545], [-75.360331, 5.973585]], [[-75.360223, 5.974437], [-75.360977, 5.974209], [-75.360985, 5.974159]], [[-75.360765, 5.976028], [-75.361148, 5.975898], [-75.361522, 5.975774]], [[-75.360493, 5.975248], [-75.359738, 5.975492], [-75.359714, 5.975642]], [[-75.35683, 5.967097], [-75.356731, 5.967049], [-75.35661, 5.967003], [-75.356526, 5.966979], [-75.356449, 5.966939], [-75.356393, 5.966903], [-75.356326, 5.966868], [-75.356282, 5.966961], [-75.35632, 5.966979], [-75.356344, 5.966992]], [[-75.362642, 5.973685], [-75.362761, 5.973642], [-75.36287, 5.973609], [-75.363399, 5.973441], [-75.363963, 5.973249], [-75.364175, 5.973186], [-75.364246, 5.97314]], [[-75.360191, 5.969349], [-75.360842, 5.969372], [-75.361372, 5.969406], [-75.362165, 5.969433], [-75.362222, 5.96864], [-75.36225, 5.968002]], [[-75.363149, 5.977916], [-75.3635, 5.977797], [-75.363813, 5.977679], [-75.363919, 5.977723]], [[-75.315744, 5.884303], [-75.316316, 5.884444], [-75.316389, 5.884464], [-75.316317, 5.884764], [-75.316253, 5.885043], [-75.31621, 5.885247], [-75.316151, 5.885531], [-75.316066, 5.885964], [-75.31604, 5.886056], [-75.3159, 5.886192]]]}}, {"type": "Feature", "properties": {"cod": "05440", "archivo": "MARINILLA NUEVO.kmz", "metros": 18135, "tramos": 12}, "geometry": {"type": "MultiLineString", "coordinates": [[[-75.332753, 6.169707], [-75.332676, 6.16973], [-75.332312, 6.169756], [-75.332005, 6.169753], [-75.331687, 6.169761], [-75.331324, 6.169768], [-75.331174, 6.169778], [-75.331284, 6.170221], [-75.33134, 6.17043], [-75.331162, 6.170527], [-75.330913, 6.170509], [-75.330667, 6.170441], [-75.330408, 6.170393], [-75.330171, 6.170348], [-75.329931, 6.170383], [-75.329683, 6.170402], [-75.329427, 6.170384], [-75.329137, 6.170298], [-75.328747, 6.170038], [-75.328498, 6.169948], [-75.328171, 6.169917], [-75.328016, 6.169916], [-75.327618, 6.170052], [-75.327299, 6.170342], [-75.327157, 6.170371], [-75.326771, 6.170531], [-75.326574, 6.170609], [-75.326305, 6.170706], [-75.325973, 6.170768], [-75.325829, 6.170813], [-75.325649, 6.170874]], [[-75.325668, 6.170856], [-75.325665, 6.170861], [-75.325502, 6.171108], [-75.325371, 6.171364], [-75.325281, 6.171562], [-75.324896, 6.17186], [-75.324758, 6.171696], [-75.325001, 6.171311], [-75.325063, 6.171161], [-75.324971, 6.170903], [-75.324961, 6.170903], [-75.324672, 6.170806], [-75.324285, 6.170774], [-75.323936, 6.170734], [-75.32358, 6.170403], [-75.32313, 6.170299], [-75.323129, 6.170303], [-75.322908, 6.170395], [-75.322757, 6.170478], [-75.322439, 6.170766], [-75.322442, 6.170774], [-75.322427, 6.171024], [-75.322427, 6.171026], [-75.322427, 6.171059], [-75.322545, 6.171294], [-75.322545, 6.171329], [-75.322668, 6.171728], [-75.322673, 6.171728], [-75.322713, 6.172147], [-75.322791, 6.172392], [-75.322674, 6.172816], [-75.322636, 6.172973], [-75.322403, 6.17334], [-75.322115, 6.173608], [-75.322037, 6.173654]], [[-75.314021, 6.159133], [-75.314066, 6.159144], [-75.314074, 6.159022], [-75.314249, 6.158771], [-75.314467, 6.158746], [-75.314774, 6.158785], [-75.315021, 6.15891], [-75.314991, 6.159186], [-75.314945, 6.159566], [-75.31512, 6.159717], [-75.315379, 6.159961], [-75.315516, 6.160143], [-75.315692, 6.160577], [-75.315826, 6.160855], [-75.315939, 6.161084], [-75.316109, 6.161279], [-75.316368, 6.161514], [-75.31659, 6.161705], [-75.316569, 6.161998], [-75.316495, 6.162357], [-75.316676, 6.162703], [-75.316814, 6.162945], [-75.317105, 6.163352], [-75.317222, 6.163685], [-75.317159, 6.164145], [-75.317223, 6.164711], [-75.317347, 6.165086], [-75.317519, 6.165359], [-75.317836, 6.165563], [-75.318146, 6.165761], [-75.318178, 6.16613], [-75.318278, 6.166479], [-75.318486, 6.16662], [-75.318399, 6.166807], [-75.318388, 6.167239], [-75.318443, 6.167468], [-75.318894, 6.167709], [-75.319145, 6.167783], [-75.319737, 6.167966], [-75.320003, 6.16802], [-75.320138, 6.168092], [-75.32018, 6.168251], [-75.320385, 6.168541], [-75.320644, 6.168794], [-75.321021, 6.16897], [-75.321296, 6.169155], [-75.321536, 6.169379], [-75.321808, 6.169545], [-75.322084, 6.169722], [-75.32234, 6.169747], [-75.322567, 6.169742], [-75.322769, 6.169774], [-75.323131, 6.169719], [-75.323444, 6.169755], [-75.323842, 6.169945], [-75.324068, 6.170128], [-75.324523, 6.170253], [-75.324848, 6.170311], [-75.325188, 6.170489], [-75.325518, 6.17069], [-75.325653, 6.170865]], [[-75.360361, 6.179059], [-75.360382, 6.179095], [-75.360385, 6.179214], [-75.360274, 6.179156], [-75.360281, 6.17902], [-75.360291, 6.178893], [-75.360292, 6.178762], [-75.360327, 6.178656], [-75.360266, 6.178545], [-75.36016, 6.178468], [-75.359988, 6.178379], [-75.359522, 6.1783], [-75.358978, 6.178056], [-75.358915, 6.177755], [-75.358738, 6.177697], [-75.358483, 6.177594], [-75.357894, 6.177377], [-75.357488, 6.177181], [-75.357019, 6.177008], [-75.35675, 6.176939], [-75.356361, 6.176837], [-75.356065, 6.176751], [-75.355664, 6.176617], [-75.355427, 6.176509], [-75.354996, 6.176397], [-75.354841, 6.176301], [-75.354463, 6.176173], [-75.354005, 6.175998], [-75.353359, 6.175737], [-75.353177, 6.17572], [-75.352754, 6.175601], [-75.352483, 6.175497], [-75.352036, 6.175347], [-75.351511, 6.175185], [-75.35132, 6.175336], [-75.351254, 6.175477], [-75.351203, 6.175751], [-75.351102, 6.175809], [-75.350705, 6.175665], [-75.35054, 6.175623], [-75.35032, 6.17558], [-75.350083, 6.175539], [-75.349881, 6.175459], [-75.349682, 6.175407], [-75.349504, 6.175251], [-75.349287, 6.175164], [-75.349133, 6.175074], [-75.348947, 6.174974], [-75.348748, 6.174877], [-75.348503, 6.174758], [-75.348288, 6.174656], [-75.348028, 6.174522], [-75.347749, 6.174396], [-75.347542, 6.174319], [-75.347216, 6.174222], [-75.346843, 6.174117], [-75.346643, 6.174173], [-75.346445, 6.174171], [-75.34627, 6.174239], [-75.346046, 6.174344], [-75.345727, 6.174792], [-75.345601, 6.174918], [-75.345399, 6.175254], [-75.345287, 6.175383], [-75.345073, 6.17541], [-75.344503, 6.175002], [-75.343972, 6.174629], [-75.343686, 6.174497], [-75.343431, 6.174381], [-75.343161, 6.174254], [-75.342844, 6.174042], [-75.342554, 6.173999], [-75.342298, 6.174002], [-75.342257, 6.174217], [-75.34216, 6.174498], [-75.342091, 6.174789], [-75.342005, 6.175087], [-75.341764, 6.175141], [-75.341959, 6.175352]], [[-75.337205, 6.170177], [-75.33724, 6.169945], [-75.337299, 6.16965], [-75.337367, 6.169409], [-75.337408, 6.169109], [-75.337459, 6.168781], [-75.337482, 6.16861], [-75.337531, 6.168395], [-75.337195, 6.168294], [-75.336913, 6.16818], [-75.336511, 6.168115], [-75.336527, 6.167909], [-75.336481, 6.167725], [-75.336353, 6.167722], [-75.336263, 6.167769]], [[-75.340026, 6.169591], [-75.340182, 6.169359], [-75.339525, 6.168923], [-75.338856, 6.168482], [-75.338486, 6.168278]], [[-75.341802, 6.175163], [-75.341804, 6.175169], [-75.34198, 6.175324], [-75.342724, 6.175557]], [[-75.337204, 6.170168], [-75.33685, 6.171364], [-75.3367, 6.171751], [-75.336609, 6.1717], [-75.336246, 6.17149], [-75.33591, 6.171209], [-75.335862, 6.17111], [-75.335248, 6.170786], [-75.33451, 6.170406], [-75.333981, 6.170065], [-75.333587, 6.169933], [-75.333126, 6.169809], [-75.332741, 6.169761], [-75.332751, 6.169627]], [[-75.336379, 6.167707], [-75.336516, 6.167742], [-75.33711, 6.167809], [-75.337576, 6.167878], [-75.338137, 6.168075], [-75.338486, 6.168294], [-75.338526, 6.16817], [-75.338615, 6.167934], [-75.338819, 6.166867], [-75.339114, 6.16697], [-75.339283, 6.167001], [-75.339128, 6.16754], [-75.339115, 6.167595], [-75.339387, 6.167675], [-75.339581, 6.167753], [-75.340019, 6.167875], [-75.340552, 6.168052], [-75.340844, 6.16811], [-75.340997, 6.167734], [-75.34111, 6.167465], [-75.341685, 6.167741], [-75.342318, 6.168001], [-75.343043, 6.168496], [-75.343486, 6.168699], [-75.343871, 6.168977], [-75.343893, 6.169135], [-75.343887, 6.169396], [-75.343844, 6.169805], [-75.343714, 6.170219], [-75.343612, 6.170369], [-75.343175, 6.170225], [-75.342592, 6.170207], [-75.341989, 6.170363], [-75.341617, 6.170476], [-75.341406, 6.17081], [-75.341073, 6.170559], [-75.340832, 6.170675], [-75.340826, 6.170678], [-75.340367, 6.17076], [-75.339822, 6.17083], [-75.339341, 6.170901], [-75.339099, 6.170911], [-75.339237, 6.171579], [-75.339325, 6.172241], [-75.339344, 6.172995], [-75.339322, 6.173152], [-75.339973, 6.173319], [-75.340697, 6.173469], [-75.340705, 6.173469], [-75.341754, 6.173737], [-75.34178, 6.17376], [-75.342316, 6.173953], [-75.342078, 6.174727], [-75.342072, 6.174745], [-75.342067, 6.174763], [-75.34195, 6.175156], [-75.341811, 6.175159], [-75.341963, 6.175337]], [[-75.334041, 6.1737], [-75.334213, 6.173823], [-75.33406, 6.174103], [-75.333991, 6.174242], [-75.334304, 6.174472], [-75.335023, 6.175027], [-75.335342, 6.174539], [-75.335886, 6.17392], [-75.336059, 6.173319], [-75.336164, 6.173358], [-75.336893, 6.173859], [-75.336929, 6.173877], [-75.337464, 6.174142], [-75.337492, 6.174153], [-75.337518, 6.174165], [-75.337557, 6.174194], [-75.338247, 6.174366], [-75.338393, 6.174416], [-75.338559, 6.174462], [-75.338626, 6.174478], [-75.3387, 6.174497], [-75.338737, 6.174517], [-75.338781, 6.174529], [-75.338845, 6.174533], [-75.338902, 6.174541], [-75.339053, 6.17458], [-75.339222, 6.1746], [-75.33939, 6.17462], [-75.339548, 6.174648], [-75.339651, 6.17465], [-75.340003, 6.174749], [-75.340541, 6.174876], [-75.341215, 6.175024], [-75.341803, 6.17515], [-75.34169, 6.175316], [-75.3415, 6.175407], [-75.34126, 6.175456], [-75.340987, 6.175493], [-75.340984, 6.175495], [-75.341088, 6.175804], [-75.340849, 6.176423], [-75.341028, 6.176519], [-75.341097, 6.176564], [-75.341181, 6.176599], [-75.341231, 6.176624], [-75.342001, 6.177128], [-75.342194, 6.177384], [-75.342255, 6.177343], [-75.342034, 6.17708], [-75.34252, 6.176719], [-75.342693, 6.176828], [-75.342851, 6.176919], [-75.343062, 6.176736], [-75.343241, 6.176559], [-75.343405, 6.176529], [-75.343586, 6.176711], [-75.343772, 6.176687], [-75.344093, 6.176634], [-75.344279, 6.176598], [-75.345578, 6.176207], [-75.346303, 6.176092], [-75.346356, 6.176287], [-75.346489, 6.176678], [-75.346549, 6.176872], [-75.346637, 6.177141], [-75.34628, 6.177223], [-75.3459, 6.177333], [-75.345868, 6.177229], [-75.345427, 6.177359], [-75.345162, 6.177501], [-75.345062, 6.177589], [-75.34565, 6.178271], [-75.345284, 6.178584], [-75.344992, 6.178812], [-75.344474, 6.179183], [-75.343653, 6.179334], [-75.343017, 6.17922], [-75.342497, 6.178888], [-75.34205, 6.178359], [-75.34189, 6.178196], [-75.341742, 6.177901], [-75.341635, 6.177595], [-75.341135, 6.177388], [-75.33978, 6.176695], [-75.339287, 6.176433], [-75.339255, 6.176419], [-75.33839, 6.175979], [-75.33818, 6.175855], [-75.337911, 6.175737], [-75.337697, 6.1757], [-75.337259, 6.175599], [-75.337105, 6.175519], [-75.33632, 6.175049], [-75.336276, 6.175183], [-75.336193, 6.175306], [-75.336101, 6.175371], [-75.336016, 6.175457], [-75.335922, 6.175533], [-75.335793, 6.175621], [-75.336201, 6.175925], [-75.336051, 6.176552], [-75.335904, 6.176844], [-75.335752, 6.177055], [-75.336042, 6.17747], [-75.336153, 6.177685], [-75.336027, 6.178007], [-75.335779, 6.178185], [-75.335513, 6.178156], [-75.335434, 6.177912], [-75.335433, 6.177899], [-75.335325, 6.177597], [-75.335198, 6.177345], [-75.335198, 6.177337], [-75.335073, 6.17708], [-75.335085, 6.176985], [-75.334844, 6.176919], [-75.33463, 6.177063], [-75.334448, 6.177285], [-75.334242, 6.177088], [-75.33417, 6.177348], [-75.334277, 6.177711], [-75.334265, 6.177792], [-75.334244, 6.177894], [-75.334211, 6.177932], [-75.333871, 6.178322], [-75.333634, 6.178485], [-75.333425, 6.17858], [-75.333213, 6.178525], [-75.332517, 6.178193], [-75.332272, 6.178021], [-75.332092, 6.177417], [-75.332421, 6.177576], [-75.332615, 6.176976], [-75.332761, 6.176673], [-75.333146, 6.175834], [-75.333209, 6.175851], [-75.333447, 6.175951], [-75.333551, 6.176006], [-75.333671, 6.175591], [-75.333857, 6.17513], [-75.333541, 6.174868], [-75.333068, 6.174503], [-75.332588, 6.174137], [-75.333011, 6.173492], [-75.332371, 6.173003], [-75.332185, 6.172856], [-75.331461, 6.173199], [-75.331288, 6.173111], [-75.331073, 6.172997], [-75.330876, 6.172993], [-75.330515, 6.173078], [-75.330253, 6.173186], [-75.329984, 6.173226], [-75.329784, 6.173226], [-75.329296, 6.173043], [-75.329, 6.172893], [-75.328833, 6.172809], [-75.328735, 6.172782], [-75.328258, 6.172851], [-75.327972, 6.172873], [-75.327737, 6.172859], [-75.327626, 6.17279], [-75.327424, 6.172557], [-75.327173, 6.172194], [-75.326404, 6.172049], [-75.326131, 6.171567], [-75.326049, 6.171251], [-75.325868, 6.170931], [-75.325793, 6.170846], [-75.325675, 6.170882]], [[-75.331245, 6.170498], [-75.331341, 6.170446], [-75.331418, 6.170753], [-75.331481, 6.171115], [-75.331324, 6.171335], [-75.331871, 6.171669], [-75.33241, 6.171977], [-75.333035, 6.17232], [-75.333326, 6.171855], [-75.333417, 6.171906], [-75.333515, 6.171971], [-75.333731, 6.172102], [-75.33388, 6.1722], [-75.334384, 6.172474], [-75.334286, 6.17265], [-75.334177, 6.172827], [-75.334112, 6.172932], [-75.334109, 6.17294], [-75.334105, 6.172948], [-75.334101, 6.172954], [-75.33369, 6.173479], [-75.333734, 6.173498], [-75.334159, 6.173813]], [[-75.330905, 6.168799], [-75.33088, 6.168925], [-75.330947, 6.169371], [-75.33095, 6.169377], [-75.331057, 6.16977], [-75.331156, 6.170154], [-75.331199, 6.170323], [-75.33125, 6.170481]]]}}, {"type": "Feature", "properties": {"cod": "05483", "archivo": "NARIÑO.kmz", "metros": 1659, "tramos": 5}, "geometry": {"type": "MultiLineString", "coordinates": [[[-75.178078, 5.608442], [-75.177976, 5.608454], [-75.177977, 5.608461], [-75.178017, 5.60867], [-75.177935, 5.608675], [-75.177907, 5.608588]], [[-75.17792, 5.608669], [-75.178054, 5.609008], [-75.178172, 5.609305], [-75.178243, 5.609504], [-75.178336, 5.609803], [-75.178367, 5.609853]], [[-75.177642, 5.608375], [-75.177552, 5.608381], [-75.177589, 5.608742], [-75.177927, 5.608672]], [[-75.177275, 5.609714], [-75.177577, 5.609743], [-75.177587, 5.60975], [-75.177603, 5.609758], [-75.178168, 5.609833], [-75.178332, 5.60984]], [[-75.178333, 5.609884], [-75.178284, 5.609897], [-75.178302, 5.610073], [-75.178302, 5.610078], [-75.178302, 5.610213], [-75.178302, 5.610217], [-75.178244, 5.610356], [-75.178242, 5.610362], [-75.178239, 5.610376], [-75.178218, 5.610507], [-75.178213, 5.61061], [-75.178329, 5.610793], [-75.178349, 5.610811], [-75.178521, 5.610871], [-75.178909, 5.610779], [-75.178933, 5.610784], [-75.179349, 5.61077], [-75.17936, 5.610772], [-75.179704, 5.610883], [-75.179725, 5.610894], [-75.179744, 5.610919], [-75.180077, 5.611198], [-75.180081, 5.611234], [-75.179824, 5.611757], [-75.179911, 5.611918], [-75.179922, 5.611928], [-75.179945, 5.611941], [-75.180323, 5.612026], [-75.180345, 5.612045], [-75.180602, 5.61234], [-75.180656, 5.612594], [-75.180654, 5.612602], [-75.180386, 5.612906], [-75.180055, 5.613244], [-75.180037, 5.613266], [-75.179972, 5.613346], [-75.1799, 5.613568], [-75.179894, 5.613593], [-75.179715, 5.613843], [-75.179701, 5.614367], [-75.17948, 5.614753], [-75.179266, 5.615428], [-75.179258, 5.615466], [-75.179098, 5.61577], [-75.179123, 5.616], [-75.179408, 5.616433], [-75.17936, 5.616501], [-75.179338, 5.61654], [-75.179098, 5.616782], [-75.178805, 5.616753], [-75.178358, 5.61618], [-75.178071, 5.615781], [-75.177981, 5.61569]]]}}, {"type": "Feature", "properties": {"cod": "05649", "archivo": "SAN CARLOS NUEVO.kmz", "metros": 6437, "tramos": 11}, "geometry": {"type": "MultiLineString", "coordinates": [[[-74.996735, 6.185695], [-74.996666, 6.185754], [-74.996575, 6.185939], [-74.996368, 6.186217], [-74.996193, 6.186343], [-74.995999, 6.186448], [-74.995914, 6.186478], [-74.995784, 6.186537], [-74.995637, 6.186614], [-74.995515, 6.186668], [-74.995353, 6.186723], [-74.995015, 6.186915], [-74.994795, 6.187012], [-74.994646, 6.187103], [-74.99443, 6.187178], [-74.994226, 6.187278], [-74.994109, 6.187321], [-74.993849, 6.187441], [-74.993715, 6.187494], [-74.9936, 6.187612], [-74.993417, 6.187697], [-74.993093, 6.187784], [-74.992958, 6.187889], [-74.992781, 6.18793], [-74.992643, 6.188004], [-74.992319, 6.188161], [-74.992211, 6.188203], [-74.992172, 6.188086], [-74.992125, 6.187971], [-74.992101, 6.187934], [-74.992078, 6.187938], [-74.992032, 6.187853], [-74.991945, 6.187589], [-74.991868, 6.18747], [-74.991901, 6.187376], [-74.991721, 6.187465], [-74.991497, 6.18755], [-74.991378, 6.187615], [-74.991334, 6.187554], [-74.991295, 6.187571], [-74.991257, 6.187518], [-74.9913, 6.187644], [-74.991155, 6.187695], [-74.990913, 6.187761], [-74.990216, 6.188036], [-74.99019, 6.187984], [-74.990144, 6.187859], [-74.990128, 6.187804], [-74.990064, 6.187673], [-74.990006, 6.187546], [-74.989953, 6.18743], [-74.989885, 6.187241], [-74.989858, 6.187146], [-74.989743, 6.186986], [-74.989708, 6.186946], [-74.989712, 6.186945], [-74.989725, 6.186943], [-74.989733, 6.186943], [-74.98976, 6.186936]], [[-74.99126, 6.187507], [-74.990984, 6.18734], [-74.99101, 6.187181]], [[-74.98974, 6.187033], [-74.989854, 6.187247], [-74.989908, 6.187342], [-74.990043, 6.18766], [-74.990204, 6.188044], [-74.987702, 6.188389], [-74.987687, 6.188403], [-74.987678, 6.188412], [-74.987349, 6.188726], [-74.987078, 6.188945], [-74.987052, 6.189259], [-74.987051, 6.189266], [-74.987278, 6.189644], [-74.987664, 6.189816], [-74.987875, 6.190113], [-74.988389, 6.189936], [-74.989055, 6.189614], [-74.989837, 6.189245], [-74.991572, 6.188496], [-74.991775, 6.188921], [-74.991893, 6.189179], [-74.991965, 6.189339], [-74.991034, 6.189768], [-74.991477, 6.190583]], [[-74.988302, 6.188266], [-74.98854, 6.188765], [-74.988543, 6.188769], [-74.988732, 6.189207], [-74.988207, 6.189424], [-74.988022, 6.189468], [-74.988149, 6.189239], [-74.98808, 6.189052], [-74.988082, 6.189054]], [[-74.988325, 6.188324], [-74.988321, 6.188324], [-74.987713, 6.18841], [-74.987381, 6.188669], [-74.987067, 6.188896], [-74.987058, 6.188902], [-74.986753, 6.18868], [-74.986745, 6.18868], [-74.986323, 6.188294], [-74.985833, 6.188157], [-74.985829, 6.188157], [-74.985451, 6.188265], [-74.985057, 6.188438], [-74.984423, 6.188777], [-74.983806, 6.188847], [-74.983221, 6.188945], [-74.982907, 6.189195], [-74.982548, 6.189525], [-74.982351, 6.189616], [-74.981766, 6.189595], [-74.981287, 6.18941], [-74.980841, 6.189273], [-74.98039, 6.18924], [-74.980074, 6.189411], [-74.97923, 6.189797], [-74.978249, 6.190233]], [[-74.989692, 6.186986], [-74.990151, 6.18801], [-74.99011, 6.188141]], [[-74.996782, 6.185731], [-74.997273, 6.186138], [-74.997032, 6.18652], [-74.996766, 6.1868], [-74.996511, 6.187264], [-74.995947, 6.187515], [-74.996099, 6.187925], [-74.996308, 6.188274], [-74.995949, 6.188448], [-74.995687, 6.188581], [-74.995381, 6.188702], [-74.995119, 6.188918], [-74.994817, 6.189013], [-74.994378, 6.18919], [-74.994077, 6.189321], [-74.99372, 6.189472], [-74.993346, 6.189712], [-74.992972, 6.189871], [-74.992611, 6.190051], [-74.992246, 6.190161], [-74.991934, 6.190347], [-74.991605, 6.190519], [-74.99148, 6.190588]], [[-74.996721, 6.185645], [-74.997122, 6.185208], [-74.99763, 6.185076], [-74.998908, 6.184294], [-74.999102, 6.184242]], [[-74.996705, 6.18568], [-74.996308, 6.185524], [-74.995946, 6.185509], [-74.995617, 6.185509], [-74.995108, 6.185514], [-74.994635, 6.18552], [-74.994136, 6.185533], [-74.993782, 6.185533], [-74.993266, 6.185652], [-74.992851, 6.185729], [-74.992203, 6.185894], [-74.991654, 6.186123], [-74.991063, 6.186384], [-74.990226, 6.18676], [-74.990016, 6.186953], [-74.989739, 6.186988]], [[-74.993997, 6.185553], [-74.994052, 6.185163], [-74.994223, 6.184879], [-74.993992, 6.184908], [-74.993805, 6.184806], [-74.993728, 6.184715]], [[-74.827092, 6.250882], [-74.827238, 6.250779], [-74.8272, 6.250714]]]}}, {"type": "Feature", "properties": {"cod": "05660", "archivo": "SAN LUIS NUEVO.kmz", "metros": 4071, "tramos": 11}, "geometry": {"type": "MultiLineString", "coordinates": [[[-74.991874, 6.046245], [-74.992096, 6.046098], [-74.992237, 6.045918], [-74.992403, 6.04573], [-74.992495, 6.045621], [-74.992564, 6.045513], [-74.992638, 6.045435], [-74.992717, 6.045379], [-74.992877, 6.045199], [-74.99289, 6.04507], [-74.993081, 6.044778], [-74.993203, 6.044677], [-74.993342, 6.044463], [-74.993455, 6.044361], [-74.993606, 6.044198], [-74.993791, 6.04403], [-74.994026, 6.04388], [-74.993822, 6.043795], [-74.993704, 6.043713], [-74.993635, 6.04367], [-74.993489, 6.04345], [-74.993141, 6.043218], [-74.993075, 6.043118], [-74.99295, 6.042992], [-74.992792, 6.042877], [-74.992734, 6.042836], [-74.992545, 6.042685], [-74.992245, 6.042411], [-74.992252, 6.042344], [-74.992464, 6.042173], [-74.992593, 6.042007], [-74.992755, 6.041822], [-74.992728, 6.041793], [-74.992487, 6.041561], [-74.992235, 6.041357], [-74.99212, 6.04124], [-74.991919, 6.041077], [-74.991709, 6.040863], [-74.9917, 6.040851], [-74.9916, 6.04074], [-74.991531, 6.040541], [-74.991413, 6.04046], [-74.991398, 6.040453], [-74.991356, 6.040439], [-74.991219, 6.04045], [-74.991244, 6.040388]], [[-74.994038, 6.043854], [-74.994274, 6.043539], [-74.994432, 6.043324], [-74.994535, 6.043208], [-74.994447, 6.043061], [-74.994323, 6.043015], [-74.994215, 6.042916], [-74.994027, 6.042943], [-74.99392, 6.042819], [-74.994099, 6.042711], [-74.994275, 6.042344]], [[-74.99454, 6.043207], [-74.994712, 6.043334], [-74.99494, 6.043585], [-74.994979, 6.04361], [-74.995271, 6.043895], [-74.995504, 6.043877], [-74.995565, 6.043615]], [[-74.995551, 6.043614], [-74.995838, 6.043336], [-74.996118, 6.043616], [-74.996401, 6.043629], [-74.996643, 6.043629], [-74.996864, 6.043691]], [[-74.991231, 6.040381], [-74.991209, 6.040443], [-74.991147, 6.040447], [-74.991056, 6.040613], [-74.990618, 6.041538], [-74.990606, 6.041569], [-74.990602, 6.041584], [-74.99047, 6.042062], [-74.990688, 6.04237], [-74.990691, 6.042372], [-74.9907, 6.042381], [-74.990928, 6.042517], [-74.991331, 6.042114], [-74.991639, 6.04187], [-74.992236, 6.042397]], [[-74.996865, 6.043702], [-74.997606, 6.043823]], [[-74.991935, 6.046232], [-74.991854, 6.046244], [-74.991584, 6.04639], [-74.991362, 6.046542], [-74.991075, 6.046384], [-74.990851, 6.046159]], [[-74.996849, 6.043701], [-74.996134, 6.043702], [-74.995911, 6.043573], [-74.995548, 6.043277], [-74.995904, 6.042849], [-74.995913, 6.042841], [-74.996099, 6.042634], [-74.995929, 6.042425], [-74.995764, 6.042334], [-74.995512, 6.042137], [-74.995434, 6.042037], [-74.995711, 6.041736], [-74.995965, 6.04146], [-74.996292, 6.041078], [-74.996461, 6.040921], [-74.996499, 6.040837], [-74.996263, 6.040636], [-74.996046, 6.040468], [-74.995823, 6.040715], [-74.995568, 6.041051], [-74.995289, 6.04084], [-74.994994, 6.040595], [-74.994919, 6.040542], [-74.994606, 6.040886], [-74.994344, 6.041195], [-74.994592, 6.0414], [-74.994955, 6.041722], [-74.994669, 6.042062], [-74.994469, 6.042314], [-74.994377, 6.042399], [-74.994305, 6.042339]], [[-74.994289, 6.042355], [-74.994294, 6.042359], [-74.994359, 6.042421], [-74.994439, 6.042324], [-74.994191, 6.042138], [-74.993984, 6.041967], [-74.993792, 6.041823], [-74.993372, 6.042288], [-74.993108, 6.042083], [-74.99283, 6.04183], [-74.992774, 6.04179], [-74.992575, 6.041995], [-74.992248, 6.042401]], [[-74.991215, 6.040381], [-74.991205, 6.040435], [-74.991134, 6.040429], [-74.99119, 6.040257], [-74.991121, 6.040108], [-74.990968, 6.039978], [-74.990745, 6.039965], [-74.9905, 6.040054], [-74.990346, 6.040076], [-74.990183, 6.040066], [-74.989978, 6.040013], [-74.989734, 6.039964], [-74.989601, 6.039994], [-74.989551, 6.040379], [-74.989481, 6.040747], [-74.989207, 6.041126]], [[-74.990588, 6.046029], [-74.990837, 6.046164]]]}}, {"type": "Feature", "properties": {"cod": "05667", "archivo": "SAN RAFAEL NUEVO.kmz", "metros": 4815, "tramos": 11}, "geometry": {"type": "MultiLineString", "coordinates": [[[-75.028336, 6.294981], [-75.028334, 6.295075], [-75.028336, 6.295119], [-75.028309, 6.295112], [-75.028309, 6.29508], [-75.028296, 6.295158], [-75.028389, 6.295165]], [[-75.028943, 6.294122], [-75.028681, 6.294119], [-75.028462, 6.294093]], [[-75.028216, 6.294978], [-75.028211, 6.295026], [-75.028252, 6.295022], [-75.028278, 6.294975], [-75.028343, 6.294983], [-75.028379, 6.294688], [-75.028365, 6.294655], [-75.028366, 6.294657], [-75.028705, 6.294679], [-75.028923, 6.294705], [-75.02884, 6.294821], [-75.028883, 6.295006], [-75.028866, 6.295145], [-75.028868, 6.295264], [-75.028842, 6.295426], [-75.028808, 6.295639], [-75.0288, 6.295636], [-75.02901, 6.295658], [-75.029288, 6.295709], [-75.029342, 6.295682], [-75.029325, 6.296058], [-75.029324, 6.29626], [-75.029319, 6.296268], [-75.0293, 6.296483], [-75.029252, 6.296742], [-75.029249, 6.296739], [-75.029183, 6.297132], [-75.029159, 6.297443], [-75.029176, 6.297493], [-75.029178, 6.297765], [-75.029112, 6.298111]], [[-75.02892, 6.294708], [-75.028921, 6.294506], [-75.028917, 6.294302], [-75.028968, 6.294109], [-75.029277, 6.294198], [-75.02948, 6.294227], [-75.029493, 6.294228], [-75.029884, 6.294335], [-75.029986, 6.294241], [-75.030187, 6.294356], [-75.030476, 6.294402], [-75.030795, 6.294451], [-75.030809, 6.294452], [-75.030928, 6.294484], [-75.030935, 6.294485], [-75.031244, 6.294547], [-75.031532, 6.294584], [-75.031752, 6.2946], [-75.032025, 6.294663], [-75.032297, 6.294993], [-75.032689, 6.295149], [-75.032971, 6.295081], [-75.033211, 6.295115], [-75.033552, 6.295189], [-75.033653, 6.294967], [-75.033975, 6.294873], [-75.034298, 6.294866], [-75.03432, 6.295209], [-75.03432, 6.295212], [-75.034348, 6.295376], [-75.03449, 6.295572], [-75.034619, 6.295646], [-75.034766, 6.295711], [-75.035, 6.295645], [-75.035186, 6.295594], [-75.035534, 6.295518], [-75.035683, 6.295441], [-75.03578, 6.295299], [-75.035862, 6.295144], [-75.035768, 6.295293], [-75.035705, 6.29539]], [[-75.028367, 6.294659], [-75.027931, 6.294606], [-75.027779, 6.294681], [-75.027504, 6.294618], [-75.027285, 6.294635], [-75.027231, 6.294565], [-75.026948, 6.294602], [-75.026706, 6.294568], [-75.026506, 6.294516], [-75.026235, 6.294568], [-75.026217, 6.294836], [-75.026199, 6.294944], [-75.026197, 6.295051], [-75.026076, 6.294995], [-75.025957, 6.294905], [-75.025777, 6.294926], [-75.025347, 6.294995], [-75.025008, 6.29521], [-75.02472, 6.295408], [-75.02453, 6.295522], [-75.024388, 6.295623], [-75.024358, 6.295654], [-75.024248, 6.295692], [-75.023924, 6.295734], [-75.023803, 6.295772], [-75.023384, 6.295869], [-75.023147, 6.295908], [-75.023138, 6.295866], [-75.023057, 6.295894], [-75.023076, 6.295959]], [[-75.026203, 6.295052], [-75.025881, 6.294906], [-75.025381, 6.294972], [-75.024765, 6.295308], [-75.024323, 6.2956], [-75.023936, 6.295711], [-75.02307, 6.295943]], [[-75.028935, 6.294706], [-75.029932, 6.294791], [-75.029898, 6.29533], [-75.029377, 6.295275], [-75.029313, 6.295701], [-75.029289, 6.296132], [-75.029174, 6.297438], [-75.029105, 6.298041]], [[-75.026195, 6.295076], [-75.026211, 6.295484], [-75.027163, 6.295533], [-75.027117, 6.296094], [-75.027813, 6.296128], [-75.027784, 6.29653], [-75.028208, 6.296591], [-75.028708, 6.296657], [-75.029253, 6.296824]], [[-75.03568, 6.295412], [-75.035675, 6.295408], [-75.035568, 6.295356], [-75.035782, 6.295045], [-75.035785, 6.29504], [-75.036009, 6.294895], [-75.036301, 6.29497], [-75.036304, 6.294972], [-75.036568, 6.29513], [-75.03685, 6.295314], [-75.037048, 6.295338], [-75.037288, 6.29519], [-75.037472, 6.294985], [-75.037696, 6.29479], [-75.03782, 6.294714], [-75.038545, 6.294742]], [[-75.021634, 6.296106], [-75.022206, 6.295922], [-75.022158, 6.295413], [-75.022108, 6.294741], [-75.022404, 6.294665], [-75.02273, 6.294682], [-75.022861, 6.295139], [-75.022954, 6.295472], [-75.022956, 6.295478], [-75.023084, 6.295937]], [[-75.023122, 6.295962], [-75.022816, 6.296159], [-75.022367, 6.296439], [-75.021876, 6.296708], [-75.021335, 6.297004]]]}}, {"type": "Feature", "properties": {"cod": "05674", "archivo": "SAN VICENTE NUEVO.kmz", "metros": 26019, "tramos": 10}, "geometry": {"type": "MultiLineString", "coordinates": [[[-75.331156, 6.282223], [-75.331058, 6.282237], [-75.33111, 6.282408], [-75.33116, 6.282482], [-75.331344, 6.282401], [-75.331478, 6.282556], [-75.331534, 6.282533], [-75.331688, 6.28249], [-75.33194, 6.282751], [-75.332584, 6.283269], [-75.33297, 6.283597], [-75.333163, 6.284212], [-75.33342, 6.28469], [-75.334003, 6.285969], [-75.334, 6.28644], [-75.33374, 6.287139], [-75.333821, 6.287983], [-75.333536, 6.288724], [-75.333621, 6.289145], [-75.333857, 6.289665], [-75.3339, 6.289982], [-75.33425, 6.290239], [-75.33444, 6.290471], [-75.334837, 6.289924], [-75.334704, 6.288872], [-75.334836, 6.288303], [-75.334754, 6.28737], [-75.335008, 6.28699], [-75.335126, 6.286221], [-75.334991, 6.285563], [-75.334218, 6.283915], [-75.334529, 6.281928], [-75.33343, 6.281463], [-75.333151, 6.281257], [-75.333123, 6.280948], [-75.332858, 6.280888], [-75.332668, 6.280554], [-75.332264, 6.280205]], [[-75.331148, 6.282203], [-75.331042, 6.282217], [-75.331082, 6.282052], [-75.330778, 6.282071], [-75.330491, 6.282245], [-75.330414, 6.282132], [-75.330229, 6.282247], [-75.330451, 6.282105], [-75.330735, 6.281671], [-75.331675, 6.280683], [-75.331793, 6.280187], [-75.332002, 6.27992], [-75.331824, 6.279556], [-75.332336, 6.278929], [-75.333144, 6.278541], [-75.333565, 6.278021], [-75.334051, 6.277397], [-75.334007, 6.276832], [-75.334283, 6.27666], [-75.334632, 6.2761], [-75.334548, 6.275743], [-75.334259, 6.275457], [-75.334228, 6.275047], [-75.334432, 6.273889], [-75.33549, 6.27375], [-75.33631, 6.273427], [-75.336976, 6.272802], [-75.336747, 6.272338], [-75.336581, 6.27167], [-75.337239, 6.270798], [-75.338202, 6.270534], [-75.338771, 6.269769], [-75.339145, 6.269368], [-75.339296, 6.268315], [-75.33922, 6.267745], [-75.339852, 6.267331], [-75.340451, 6.267325], [-75.340759, 6.267004], [-75.341276, 6.267007], [-75.34236, 6.26763], [-75.343523, 6.266559], [-75.34439, 6.266408], [-75.345075, 6.266191], [-75.344914, 6.265254], [-75.344457, 6.264953], [-75.344535, 6.264466], [-75.344427, 6.264073], [-75.343789, 6.263835], [-75.344031, 6.263468], [-75.344527, 6.263355], [-75.344801, 6.262996], [-75.344654, 6.262817], [-75.344294, 6.262862], [-75.343616, 6.262546], [-75.343694, 6.261906], [-75.344639, 6.26143], [-75.344787, 6.26165], [-75.344463, 6.262017], [-75.344536, 6.262322], [-75.344756, 6.262307], [-75.345284, 6.261541], [-75.345666, 6.261385], [-75.345617, 6.261085], [-75.34534, 6.260889], [-75.345372, 6.260059], [-75.34552, 6.259536], [-75.346795, 6.259125], [-75.347228, 6.258748], [-75.347616, 6.258559], [-75.347534, 6.257971], [-75.347892, 6.257139], [-75.34888, 6.256158], [-75.349301, 6.256183], [-75.349941, 6.256483], [-75.350192, 6.256434], [-75.350692, 6.25577], [-75.351228, 6.256092], [-75.352044, 6.25593], [-75.353035, 6.255438], [-75.354489, 6.255419], [-75.355199, 6.255118], [-75.356262, 6.254323], [-75.356599, 6.253839], [-75.357141, 6.25312], [-75.357789, 6.252889], [-75.358376, 6.25158], [-75.359306, 6.250723], [-75.360722, 6.250991], [-75.360981, 6.250958], [-75.361822, 6.250191], [-75.362301, 6.250022], [-75.363009, 6.249552], [-75.36398, 6.249756], [-75.364632, 6.249502], [-75.364785, 6.249281], [-75.365258, 6.248365], [-75.366258, 6.247421], [-75.366165, 6.246892], [-75.365774, 6.246492], [-75.365955, 6.24626], [-75.366301, 6.246117], [-75.366541, 6.245377], [-75.366558, 6.244511], [-75.366728, 6.243693], [-75.366724, 6.243277], [-75.367706, 6.242232]], [[-75.330408, 6.282132], [-75.330533, 6.282388], [-75.33058, 6.282844], [-75.330404, 6.283116], [-75.330364, 6.283419], [-75.330682, 6.283494], [-75.330822, 6.283861]], [[-75.331822, 6.279553], [-75.331193, 6.278907], [-75.330624, 6.278655], [-75.329369, 6.276788], [-75.328947, 6.276441], [-75.328563, 6.275566]], [[-75.335945, 6.277584], [-75.335705, 6.277536], [-75.335719, 6.277267], [-75.335453, 6.277033], [-75.334989, 6.276903], [-75.334623, 6.277295], [-75.334906, 6.277576], [-75.334934, 6.27779], [-75.334813, 6.278045]], [[-75.332778, 6.280192], [-75.332738, 6.280665], [-75.332608, 6.280881]], [[-75.333123, 6.280978], [-75.333385, 6.280564], [-75.333411, 6.280088], [-75.333526, 6.280031], [-75.333971, 6.280079], [-75.334194, 6.279601], [-75.334568, 6.279388], [-75.335303, 6.279209], [-75.335481, 6.278664], [-75.336061, 6.278022], [-75.336003, 6.277558]], [[-75.333525, 6.289041], [-75.33349, 6.289835], [-75.333705, 6.290566], [-75.333849, 6.29121], [-75.334172, 6.291775], [-75.334361, 6.292148], [-75.333869, 6.292672], [-75.333919, 6.293073], [-75.334369, 6.293283], [-75.334213, 6.294065], [-75.334117, 6.294791], [-75.33473, 6.296378], [-75.334486, 6.296888], [-75.333691, 6.297377], [-75.333101, 6.29735], [-75.332857, 6.297591], [-75.333172, 6.297992]], [[-75.333181, 6.297958], [-75.333413, 6.298392], [-75.333341, 6.298825], [-75.333186, 6.299446], [-75.332584, 6.299506], [-75.332305, 6.299924], [-75.332144, 6.300277], [-75.331672, 6.300527], [-75.331759, 6.301019], [-75.331632, 6.301468], [-75.331224, 6.30178], [-75.330802, 6.302026], [-75.330581, 6.302459], [-75.330173, 6.302519], [-75.329546, 6.302467], [-75.329119, 6.302776], [-75.328707, 6.302506], [-75.328371, 6.302441], [-75.32811, 6.302862], [-75.327944, 6.303148], [-75.327789, 6.303714], [-75.32743, 6.304274], [-75.327446, 6.30473], [-75.327427, 6.30511], [-75.327465, 6.305454], [-75.327783, 6.305755], [-75.327818, 6.30589], [-75.327781, 6.30637], [-75.327883, 6.307023], [-75.327631, 6.307313], [-75.327139, 6.307208], [-75.326809, 6.306926], [-75.326451, 6.306957], [-75.326226, 6.30746], [-75.32587, 6.307688], [-75.325442, 6.307708], [-75.325081, 6.308183], [-75.324657, 6.30846], [-75.32403, 6.308457], [-75.323581, 6.308473], [-75.323395, 6.308712], [-75.322973, 6.308966], [-75.322746, 6.309286], [-75.322983, 6.309665], [-75.322799, 6.310076], [-75.322469, 6.310097], [-75.322086, 6.310189], [-75.321749, 6.309963], [-75.321672, 6.309556], [-75.321339, 6.309586], [-75.320926, 6.30956], [-75.320575, 6.309368], [-75.320102, 6.309339], [-75.319709, 6.309287], [-75.319374, 6.309208], [-75.318935, 6.309259], [-75.318532, 6.309353], [-75.318155, 6.309448], [-75.317852, 6.30966], [-75.317591, 6.310012], [-75.317354, 6.310325], [-75.317097, 6.310617], [-75.31713, 6.310912], [-75.317105, 6.311542], [-75.316606, 6.311967], [-75.316126, 6.312282], [-75.315904, 6.312359], [-75.315199, 6.312147], [-75.314478, 6.31263], [-75.313782, 6.313166], [-75.313376, 6.313317], [-75.312902, 6.313191], [-75.31234, 6.312935], [-75.312113, 6.312569], [-75.31106, 6.312744], [-75.310649, 6.312779], [-75.310354, 6.312793], [-75.310139, 6.312797], [-75.309863, 6.312725], [-75.309454, 6.312633], [-75.308972, 6.312498], [-75.308625, 6.31245], [-75.308229, 6.312497], [-75.307686, 6.312586], [-75.307475, 6.312753], [-75.307244, 6.313061], [-75.306669, 6.313758], [-75.306358, 6.313991], [-75.306078, 6.314302], [-75.305896, 6.314445], [-75.305822, 6.314938], [-75.306023, 6.315299], [-75.306037, 6.31572], [-75.305742, 6.316166], [-75.306174, 6.316938], [-75.306249, 6.31743], [-75.306439, 6.317675], [-75.306505, 6.318161], [-75.30617, 6.318224], [-75.305826, 6.318507], [-75.305573, 6.318728], [-75.305158, 6.318932], [-75.304415, 6.319055], [-75.304062, 6.318704], [-75.303827, 6.318407], [-75.303656, 6.318444], [-75.303222, 6.318558], [-75.302693, 6.318741], [-75.302315, 6.318882], [-75.301976, 6.318925], [-75.301632, 6.318894], [-75.301334, 6.31887], [-75.301114, 6.318633], [-75.30087, 6.318355], [-75.300581, 6.31801], [-75.300396, 6.317842], [-75.300118, 6.317997], [-75.299838, 6.318183], [-75.298641, 6.318087], [-75.29764, 6.318104], [-75.297058, 6.317941], [-75.295705, 6.318056], [-75.295124, 6.318132], [-75.294839, 6.318521], [-75.294129, 6.318734], [-75.293267, 6.318513], [-75.292814, 6.318265], [-75.292471, 6.319158], [-75.292452, 6.319192], [-75.292343, 6.319908], [-75.292042, 6.32038], [-75.292333, 6.320866], [-75.292621, 6.321553], [-75.293122, 6.321796], [-75.293294, 6.322236], [-75.293362, 6.323378], [-75.293501, 6.32379], [-75.292936, 6.324326], [-75.292703, 6.324776], [-75.292929, 6.32539], [-75.292624, 6.326408], [-75.293304, 6.327143], [-75.292975, 6.327493], [-75.292099, 6.327657], [-75.292244, 6.328558], [-75.292043, 6.329587], [-75.29172, 6.330053], [-75.290313, 6.33086], [-75.290276, 6.33087], [-75.29023, 6.33088], [-75.289265, 6.33087], [-75.288147, 6.33138], [-75.285699, 6.331456], [-75.284624, 6.330902], [-75.28444, 6.331222], [-75.28355, 6.331764], [-75.28342, 6.332728], [-75.283007, 6.332943], [-75.282706, 6.332808], [-75.282496, 6.332898], [-75.282397, 6.333248], [-75.282212, 6.333434], [-75.282327, 6.333898], [-75.282051, 6.334352], [-75.281369, 6.334692], [-75.281346, 6.33498], [-75.281638, 6.335151], [-75.281734, 6.335316], [-75.281713, 6.335336], [-75.28177, 6.335847], [-75.281714, 6.336635], [-75.281404, 6.336813], [-75.281394, 6.336413], [-75.28127, 6.336058], [-75.280933, 6.336237], [-75.280297, 6.336095], [-75.280251, 6.336095], [-75.279718, 6.33621], [-75.279711, 6.33621], [-75.279256, 6.33585], [-75.278717, 6.337085], [-75.278135, 6.337292], [-75.277727, 6.337927], [-75.277317, 6.338408], [-75.276432, 6.338652], [-75.276192, 6.33923], [-75.275875, 6.339495], [-75.275231, 6.339656], [-75.274693, 6.340229], [-75.273992, 6.340154], [-75.273527, 6.340297], [-75.27359, 6.340802], [-75.273695, 6.341608], [-75.272996, 6.341881], [-75.272513, 6.341855], [-75.272175, 6.34207], [-75.2717, 6.341667], [-75.271245, 6.341545], [-75.270787, 6.341686], [-75.270437, 6.341212], [-75.270108, 6.341144], [-75.269729, 6.341583], [-75.269306, 6.341669], [-75.26927, 6.342511], [-75.268988, 6.343001], [-75.269001, 6.343615]], [[-75.33114, 6.277803], [-75.331035, 6.277951], [-75.331035, 6.277965], [-75.331035, 6.277969], [-75.331127, 6.278204], [-75.331327, 6.2786], [-75.331344, 6.278792], [-75.331246, 6.278868], [-75.331859, 6.279549]]]}}, {"type": "Feature", "properties": {"cod": "05697", "archivo": "SANTUARIO NUEVO.kmz", "metros": 5426, "tramos": 11}, "geometry": {"type": "MultiLineString", "coordinates": [[[-75.260788, 6.132954], [-75.260893, 6.13278], [-75.263625, 6.134747]], [[-75.263625, 6.134747], [-75.261961, 6.136774], [-75.261757, 6.136562], [-75.261261, 6.137826]], [[-75.269556, 6.136878], [-75.269093, 6.136385], [-75.268979, 6.136188], [-75.269186, 6.135723], [-75.269108, 6.135637]], [[-75.26954, 6.136857], [-75.268987, 6.136583], [-75.268133, 6.137231], [-75.266947, 6.137222]], [[-75.266934, 6.137228], [-75.266798, 6.137174], [-75.266694, 6.137606], [-75.266582, 6.137974], [-75.266343, 6.13856], [-75.266094, 6.139243], [-75.266028, 6.13926]], [[-75.266075, 6.139262], [-75.266052, 6.139316], [-75.266016, 6.139396], [-75.265886, 6.139916], [-75.26511, 6.139703], [-75.265385, 6.138942], [-75.264896, 6.138785], [-75.262338, 6.13801], [-75.262268, 6.138167], [-75.261685, 6.137939]], [[-75.261694, 6.137918], [-75.261272, 6.137854]], [[-75.269063, 6.135598], [-75.269186, 6.135651], [-75.269292, 6.135382], [-75.269296, 6.135365], [-75.26935, 6.135178], [-75.269496, 6.135141], [-75.269973, 6.135009], [-75.27029, 6.134917], [-75.270595, 6.134847], [-75.270931, 6.134763], [-75.271263, 6.134721], [-75.271599, 6.134698], [-75.272264, 6.134668], [-75.272766, 6.134615], [-75.273147, 6.134598], [-75.273671, 6.134579], [-75.274303, 6.134559], [-75.274797, 6.134593], [-75.27487, 6.135341], [-75.274993, 6.1359], [-75.27493, 6.136613]], [[-75.269496, 6.136905], [-75.2692, 6.137183], [-75.269186, 6.137719], [-75.269131, 6.137901], [-75.268902, 6.138174], [-75.268436, 6.13844], [-75.267909, 6.138528], [-75.267457, 6.138523], [-75.2674, 6.139645], [-75.267003, 6.139597], [-75.266454, 6.139497], [-75.26608, 6.139359]], [[-75.267399, 6.139662], [-75.267365, 6.139901], [-75.26732, 6.140123], [-75.266961, 6.140061], [-75.266868, 6.140164], [-75.266863, 6.140335], [-75.266406, 6.140123], [-75.266136, 6.13999], [-75.265933, 6.13993], [-75.26588, 6.139923], [-75.26572, 6.140576], [-75.265612, 6.14095], [-75.266165, 6.141333], [-75.266345, 6.141629], [-75.266407, 6.142006], [-75.266366, 6.142233], [-75.266306, 6.142307], [-75.266099, 6.142336], [-75.265923, 6.142315], [-75.265598, 6.142097], [-75.265386, 6.141955], [-75.265171, 6.141667], [-75.26495, 6.141303], [-75.26479, 6.140954], [-75.264744, 6.14075], [-75.264849, 6.140415], [-75.264927, 6.140099], [-75.265038, 6.139842], [-75.265104, 6.1397]], [[-75.263609, 6.134839], [-75.263292, 6.135225], [-75.263031, 6.135514], [-75.262913, 6.135676], [-75.263235, 6.135786], [-75.263474, 6.135918], [-75.263671, 6.136039], [-75.263946, 6.136165], [-75.264284, 6.136343], [-75.264849, 6.136538], [-75.265183, 6.136743], [-75.26552, 6.136957], [-75.265877, 6.137114], [-75.265986, 6.137208], [-75.266457, 6.137123], [-75.266763, 6.137104], [-75.266787, 6.13717]]]}}, {"type": "Feature", "properties": {"cod": "05756", "archivo": "SONSON NUEVO.kmz", "metros": 8852, "tramos": 17}, "geometry": {"type": "MultiLineString", "coordinates": [[[-75.312173, 5.705727], [-75.312115, 5.705807], [-75.312146, 5.705673], [-75.312003, 5.705613], [-75.311743, 5.705481], [-75.31154, 5.70542], [-75.311468, 5.705359], [-75.311139, 5.705276], [-75.310926, 5.705166], [-75.310662, 5.705084]], [[-75.310699, 5.705037], [-75.310675, 5.705099], [-75.310626, 5.705172], [-75.310553, 5.705402], [-75.310438, 5.705588], [-75.310304, 5.705856], [-75.310153, 5.7062], [-75.309973, 5.706564], [-75.309902, 5.70666], [-75.309819, 5.706837], [-75.309638, 5.707184], [-75.309596, 5.707361], [-75.309413, 5.707781], [-75.309318, 5.707964], [-75.309268, 5.708075]], [[-75.30814, 5.704752], [-75.308238, 5.704847], [-75.308533, 5.704975], [-75.308661, 5.705037], [-75.308819, 5.705115], [-75.309119, 5.705236], [-75.309339, 5.705351], [-75.30952, 5.705435], [-75.309657, 5.705464], [-75.309944, 5.70564], [-75.310218, 5.705751], [-75.310316, 5.705859]], [[-75.315893, 5.7126], [-75.315805, 5.712806], [-75.315827, 5.712429], [-75.315892, 5.712386], [-75.315632, 5.712048], [-75.315392, 5.711827], [-75.315166, 5.711582], [-75.31492, 5.711544], [-75.314835, 5.711528], [-75.314662, 5.711365], [-75.31434, 5.71121], [-75.314206, 5.711189], [-75.313955, 5.711034], [-75.313718, 5.71093], [-75.313479, 5.710837], [-75.313292, 5.711102], [-75.313218, 5.711269], [-75.313134, 5.711465], [-75.313069, 5.711596], [-75.312958, 5.711926], [-75.312788, 5.712238], [-75.312753, 5.712467], [-75.312547, 5.712782], [-75.312395, 5.713106]], [[-75.310712, 5.708788], [-75.310768, 5.708717], [-75.310742, 5.708621], [-75.310445, 5.708551], [-75.310068, 5.708381], [-75.309908, 5.708304], [-75.309613, 5.708214], [-75.309498, 5.708145], [-75.309263, 5.70807], [-75.309101, 5.708368], [-75.309001, 5.708643], [-75.30886, 5.708968], [-75.308757, 5.70924], [-75.308697, 5.709272], [-75.308587, 5.709569], [-75.308696, 5.709648], [-75.308968, 5.709779], [-75.309294, 5.709891], [-75.309536, 5.71002]], [[-75.309067, 5.71871], [-75.309057, 5.718616], [-75.30888, 5.71872], [-75.308528, 5.718525], [-75.308224, 5.71836], [-75.308366, 5.717951], [-75.308519, 5.717591], [-75.308594, 5.717381], [-75.308581, 5.717037], [-75.308527, 5.716746], [-75.308509, 5.716188], [-75.30839, 5.715987], [-75.308147, 5.715897], [-75.307665, 5.715709], [-75.307505, 5.715591], [-75.307191, 5.715452], [-75.307248, 5.715125], [-75.30756, 5.714698], [-75.307335, 5.714439], [-75.307494, 5.714096], [-75.307656, 5.713712], [-75.3078, 5.713345], [-75.307969, 5.713024], [-75.308003, 5.712877], [-75.308204, 5.712517], [-75.308287, 5.712261], [-75.308379, 5.712154]], [[-75.310867, 5.71056], [-75.310514, 5.710374], [-75.310476, 5.71037], [-75.310258, 5.710277], [-75.310118, 5.710215], [-75.309983, 5.710216], [-75.309528, 5.71], [-75.309652, 5.7101], [-75.309637, 5.710132], [-75.309589, 5.710081]], [[-75.308753, 5.713365], [-75.308765, 5.713313], [-75.308648, 5.713323], [-75.308466, 5.713149], [-75.308258, 5.713078], [-75.307995, 5.712899]], [[-75.3095, 5.712674], [-75.309474, 5.712754], [-75.309376, 5.712724], [-75.309454, 5.71258], [-75.309051, 5.712398], [-75.308899, 5.712367], [-75.308671, 5.712282], [-75.308372, 5.712144], [-75.308285, 5.712079], [-75.307899, 5.711892], [-75.307628, 5.711791], [-75.307685, 5.711591], [-75.307742, 5.711399], [-75.307872, 5.711198], [-75.307944, 5.711025], [-75.308094, 5.710691], [-75.308216, 5.710367], [-75.308399, 5.710025], [-75.30849, 5.709832], [-75.308582, 5.70958]], [[-75.312422, 5.713151], [-75.312502, 5.713168], [-75.312402, 5.7131], [-75.312239, 5.713494], [-75.312134, 5.713727], [-75.312125, 5.713838], [-75.31173, 5.713645], [-75.311395, 5.713555], [-75.311351, 5.713516], [-75.311288, 5.713463], [-75.311025, 5.713365], [-75.310749, 5.713238], [-75.310569, 5.713147], [-75.310446, 5.713098], [-75.310259, 5.713003], [-75.310067, 5.712908], [-75.309886, 5.712792], [-75.309733, 5.71273], [-75.309525, 5.712634], [-75.309456, 5.712589]], [[-75.305408, 5.711747], [-75.306406, 5.712134], [-75.307258, 5.712478], [-75.307996, 5.712901]], [[-75.307761, 5.721954], [-75.307726, 5.72182], [-75.30788, 5.721702], [-75.308339, 5.721642], [-75.30877, 5.721563], [-75.309086, 5.721185], [-75.30905, 5.720093], [-75.309064, 5.719534], [-75.309059, 5.718957], [-75.309058, 5.718692]], [[-75.31047, 5.717801], [-75.310478, 5.717924], [-75.309613, 5.717696], [-75.30878, 5.717526], [-75.308586, 5.71739]], [[-75.307782, 5.721896], [-75.307635, 5.722152], [-75.307674, 5.72268], [-75.307703, 5.723145], [-75.307699, 5.723153], [-75.307658, 5.723876], [-75.307506, 5.724487], [-75.307333, 5.725187], [-75.307167, 5.725956], [-75.306944, 5.726916], [-75.306942, 5.726921], [-75.306755, 5.727425], [-75.306429, 5.728067], [-75.30617, 5.728746], [-75.305863, 5.729227], [-75.305374, 5.729561], [-75.305049, 5.730108], [-75.305021, 5.730124], [-75.304673, 5.730548], [-75.30414, 5.731054]], [[-75.305513, 5.711745], [-75.305479, 5.711736], [-75.305275, 5.711677], [-75.304874, 5.71208], [-75.304863, 5.712087], [-75.304818, 5.712114], [-75.304487, 5.712422], [-75.304083, 5.712243], [-75.303119, 5.711686], [-75.302564, 5.711567], [-75.302076, 5.711717], [-75.302049, 5.711745], [-75.301613, 5.712166], [-75.301459, 5.712817], [-75.301165, 5.713481], [-75.30096, 5.713561], [-75.300949, 5.713558], [-75.300438, 5.713443], [-75.300018, 5.713415], [-75.299667, 5.713636], [-75.299479, 5.713949], [-75.299491, 5.714571], [-75.299394, 5.714721], [-75.299199, 5.714744], [-75.298667, 5.714543], [-75.29866, 5.714543], [-75.298216, 5.71443], [-75.298041, 5.714492], [-75.29782, 5.714761], [-75.297814, 5.714779], [-75.297922, 5.715275], [-75.297977, 5.715522], [-75.297825, 5.715732], [-75.297603, 5.715751], [-75.297007, 5.715503], [-75.296539, 5.715547], [-75.295961, 5.716019], [-75.295319, 5.716201], [-75.294795, 5.716042], [-75.294296, 5.715628], [-75.294281, 5.715628], [-75.294057, 5.715636], [-75.292975, 5.716735], [-75.29232, 5.717693], [-75.291321, 5.717855]], [[-75.308691, 5.713312], [-75.30869, 5.713318], [-75.308465, 5.713966], [-75.308862, 5.714163], [-75.30876, 5.71434], [-75.308692, 5.714454], [-75.308874, 5.714551]], [[-75.308714, 5.713305], [-75.309091, 5.713517], [-75.30936, 5.713676], [-75.309493, 5.713588]]]}}, {"type": "Feature", "properties": {"cod": "05034", "archivo": "Relevamiento Andes VF.kmz", "metros": 23332, "tramos": 9}, "geometry": {"type": "MultiLineString", "coordinates": [[[-75.916566, 5.613482], [-75.877705, 5.655707]], [[-75.916508, 5.613453], [-75.819143, 5.598675]], [[-75.878388, 5.659476], [-75.878307, 5.659387], [-75.878167, 5.659517], [-75.878238, 5.65961], [-75.878388, 5.659476]], [[-75.880955, 5.657434], [-75.880755, 5.657646], [-75.880544, 5.657824], [-75.880391, 5.658077], [-75.880122, 5.658353], [-75.880029, 5.658415], [-75.879898, 5.658645], [-75.879841, 5.658796], [-75.879616, 5.658771], [-75.879473, 5.658673], [-75.879189, 5.658529], [-75.879111, 5.658711], [-75.878908, 5.658796], [-75.878582, 5.65914], [-75.87834, 5.65943], [-75.878184, 5.659565], [-75.877813, 5.659822], [-75.877587, 5.659919], [-75.877338, 5.660056], [-75.8771, 5.6602], [-75.877079, 5.660509], [-75.877011, 5.66084], [-75.877052, 5.661008], [-75.87698, 5.661299]], [[-75.880687, 5.656932], [-75.88037, 5.65721], [-75.880126, 5.656999], [-75.880377, 5.656758], [-75.880428, 5.656663], [-75.880346, 5.656636], [-75.880241, 5.656525], [-75.880152, 5.656393], [-75.879903, 5.656217], [-75.879789, 5.656219], [-75.87964, 5.65595], [-75.879456, 5.655666], [-75.87917, 5.655723], [-75.878882, 5.655804], [-75.878575, 5.655793], [-75.878584, 5.655659], [-75.878568, 5.655564], [-75.878582, 5.655304], [-75.878573, 5.655083], [-75.878573, 5.654925], [-75.878521, 5.654783], [-75.878494, 5.654364], [-75.878316, 5.654412], [-75.878166, 5.654465], [-75.877972, 5.654438], [-75.877803, 5.654515], [-75.877386, 5.654501], [-75.876985, 5.654667], [-75.876648, 5.65466], [-75.876607, 5.654382], [-75.876818, 5.653984], [-75.876795, 5.653743], [-75.876855, 5.653633], [-75.876784, 5.653476], [-75.876598, 5.653224], [-75.876444, 5.653068], [-75.876275, 5.652666], [-75.876193, 5.652512], [-75.876106, 5.652411], [-75.87612, 5.651849], [-75.876026, 5.651656], [-75.875992, 5.651518], [-75.875816, 5.651317], [-75.875627, 5.651332], [-75.875331, 5.651256], [-75.875334, 5.65099], [-75.875281, 5.650595], [-75.87512, 5.650212], [-75.87504, 5.649988], [-75.874872, 5.649801], [-75.87446, 5.649666], [-75.874466, 5.650011], [-75.874566, 5.650346]], [[-75.877053, 5.661173], [-75.876997, 5.661055], [-75.87704, 5.66045], [-75.876099, 5.659755], [-75.875221, 5.658648], [-75.874905, 5.656385], [-75.87524, 5.65562], [-75.875167, 5.655362], [-75.874709, 5.65507], [-75.874226, 5.654353], [-75.874181, 5.652813], [-75.874773, 5.651444], [-75.874518, 5.650028]], [[-75.881015, 5.657175], [-75.881212, 5.656956], [-75.881413, 5.656711], [-75.881712, 5.656381], [-75.881798, 5.656284], [-75.88194, 5.656125], [-75.882159, 5.656408], [-75.882215, 5.656425], [-75.882389, 5.656635], [-75.882481, 5.656665], [-75.882577, 5.656632], [-75.882818, 5.656749], [-75.882902, 5.656847], [-75.883037, 5.656701], [-75.883392, 5.656237], [-75.883687, 5.655834], [-75.883932, 5.655501], [-75.884097, 5.655318], [-75.884111, 5.655232], [-75.884183, 5.65511], [-75.88408, 5.655026], [-75.883978, 5.65481], [-75.88357, 5.654754], [-75.883173, 5.65489], [-75.882952, 5.654845], [-75.88286, 5.654561], [-75.883, 5.654059], [-75.882562, 5.653986], [-75.882298, 5.653898], [-75.881956, 5.653896], [-75.881805, 5.653923], [-75.881438, 5.654065], [-75.881384, 5.653976], [-75.881026, 5.654096], [-75.880829, 5.654228], [-75.880478, 5.654555], [-75.880275, 5.654769], [-75.88, 5.654836], [-75.87977, 5.654887], [-75.879614, 5.655043], [-75.879493, 5.655413], [-75.879444, 5.655713], [-75.879084, 5.655783], [-75.878872, 5.655808], [-75.878603, 5.655763], [-75.878657, 5.65587], [-75.878677, 5.656064], [-75.878674, 5.65625], [-75.878745, 5.656501], [-75.878862, 5.656627], [-75.878647, 5.656632], [-75.878501, 5.656677], [-75.878225, 5.656749], [-75.878052, 5.656799], [-75.877764, 5.656789], [-75.877559, 5.656833], [-75.87748, 5.656926], [-75.877476, 5.657209], [-75.877624, 5.657876], [-75.877664, 5.658268], [-75.877687, 5.658547], [-75.877591, 5.658632], [-75.877572, 5.658748], [-75.877705, 5.658926], [-75.87803, 5.659034], [-75.878214, 5.659211], [-75.878032, 5.65942], [-75.877912, 5.659505], [-75.877516, 5.659566], [-75.877314, 5.659608], [-75.877159, 5.659655], [-75.877039, 5.659723], [-75.876817, 5.659751], [-75.87666, 5.659659], [-75.876504, 5.659625], [-75.876332, 5.659592], [-75.87621, 5.659594], [-75.876064, 5.659704]], [[-75.87757, 5.657659], [-75.877532, 5.65764], [-75.877504, 5.657475], [-75.877418, 5.657476], [-75.877423, 5.657561], [-75.87722, 5.65758]], [[-75.877579, 5.657649], [-75.877584, 5.657695], [-75.877033, 5.657767], [-75.87705, 5.657868]]]}}, {"type": "Feature", "properties": {"cod": "05091", "archivo": "Relevamiento Betania.kmz", "metros": 4562, "tramos": 6}, "geometry": {"type": "MultiLineString", "coordinates": [[[-75.979716, 5.748487], [-75.979621, 5.748309], [-75.979617, 5.748148], [-75.979392, 5.747632], [-75.979293, 5.747476], [-75.978961, 5.74718], [-75.979069, 5.747007], [-75.979209, 5.746906], [-75.979356, 5.74704], [-75.979604, 5.747225], [-75.979732, 5.74729], [-75.979714, 5.747313], [-75.979689, 5.747287], [-75.979589, 5.747193], [-75.97937, 5.747006], [-75.979203, 5.746891], [-75.979259, 5.746755], [-75.979355, 5.74663], [-75.979334, 5.746552], [-75.978665, 5.746027], [-75.978341, 5.745846], [-75.978118, 5.74574], [-75.977926, 5.745619], [-75.977688, 5.74548], [-75.977386, 5.745254], [-75.977123, 5.745009], [-75.976973, 5.744824], [-75.976652, 5.744636], [-75.976497, 5.744437], [-75.976514, 5.744666]], [[-75.977839, 5.745454], [-75.97748, 5.745838], [-75.97735, 5.746032], [-75.977187, 5.746207], [-75.976957, 5.746506], [-75.976814, 5.746365], [-75.976619, 5.746195], [-75.976371, 5.745962], [-75.975593, 5.745259], [-75.974632, 5.744683], [-75.973897, 5.744154], [-75.972498, 5.743431], [-75.971213, 5.742741], [-75.969543, 5.742858]], [[-75.979748, 5.748453], [-75.979751, 5.748387], [-75.979597, 5.748055], [-75.979481, 5.747678], [-75.97929, 5.747423], [-75.979054, 5.747148], [-75.978856, 5.747001], [-75.978715, 5.746867], [-75.978552, 5.746824], [-75.978211, 5.74676], [-75.977975, 5.746604], [-75.977777, 5.746448], [-75.977858, 5.746404], [-75.978012, 5.746204], [-75.978164, 5.746023], [-75.977935, 5.745837], [-75.977704, 5.745618], [-75.977667, 5.745586], [-75.977858, 5.745371], [-75.977713, 5.745237], [-75.97754, 5.745078], [-75.977403, 5.744944], [-75.977345, 5.744846], [-75.977243, 5.744808], [-75.977193, 5.74471], [-75.977123, 5.744663], [-75.976996, 5.744556], [-75.976925, 5.744664], [-75.976885, 5.744725], [-75.976771, 5.744828], [-75.976801, 5.744857]], [[-75.976784, 5.744829], [-75.97668, 5.744717], [-75.976564, 5.744653], [-75.976263, 5.744407], [-75.975943, 5.74477], [-75.975826, 5.74477], [-75.975652, 5.744636], [-75.975416, 5.74441], [-75.97504, 5.744049], [-75.97491, 5.743979], [-75.974581, 5.743671], [-75.974378, 5.743608], [-75.974329, 5.743527], [-75.974103, 5.743552], [-75.97389, 5.743489], [-75.973637, 5.74345], [-75.973399, 5.743406], [-75.973135, 5.743272], [-75.972926, 5.743195], [-75.972867, 5.743016], [-75.972523, 5.742891], [-75.972434, 5.742894], [-75.972303, 5.742913], [-75.972087, 5.742969], [-75.971846, 5.743068], [-75.97157, 5.742952], [-75.971382, 5.742814], [-75.9712, 5.742735], [-75.970907, 5.7427], [-75.97066, 5.742727], [-75.970205, 5.742805], [-75.969782, 5.742808], [-75.969582, 5.742804], [-75.969356, 5.742777], [-75.969271, 5.742765]], [[-75.979697, 5.747286], [-75.979906, 5.747083], [-75.979818, 5.746988], [-75.979613, 5.746821], [-75.979471, 5.746707], [-75.979316, 5.746568], [-75.97926, 5.746509], [-75.979001, 5.746288], [-75.978675, 5.746024], [-75.978366, 5.745788], [-75.978105, 5.74557], [-75.977868, 5.745386], [-75.977668, 5.74519], [-75.977464, 5.744989], [-75.977363, 5.744851], [-75.977246, 5.744821], [-75.977198, 5.74471], [-75.976999, 5.744558], [-75.976913, 5.744717], [-75.976765, 5.744824]], [[-75.97244, 5.742888], [-75.972301, 5.742905], [-75.972187, 5.742814], [-75.972142, 5.742698], [-75.972108, 5.742484], [-75.971907, 5.742306], [-75.971626, 5.742343], [-75.971573, 5.742367], [-75.971314, 5.74246], [-75.971164, 5.742514], [-75.970561, 5.742093], [-75.970169, 5.742219], [-75.96968, 5.742285], [-75.969305, 5.742238], [-75.968969, 5.742039], [-75.968736, 5.741796]]]}}, {"type": "Feature", "properties": {"cod": "05093", "archivo": "Relevamiento Betulia.xlsx.kmz", "metros": 4471, "tramos": 7}, "geometry": {"type": "MultiLineString", "coordinates": [[[-75.983777, 6.113514], [-75.983702, 6.113721], [-75.983683, 6.113917], [-75.983505, 6.114322], [-75.983407, 6.11463]], [[-75.983804, 6.113545], [-75.983817, 6.113317], [-75.983896, 6.113044], [-75.983936, 6.112836], [-75.984024, 6.112447], [-75.984089, 6.112347], [-75.984507, 6.112347], [-75.984684, 6.112415], [-75.985116, 6.112486], [-75.985104, 6.112331], [-75.985198, 6.112043], [-75.985265, 6.111744], [-75.985287, 6.111534], [-75.985396, 6.111234], [-75.985421, 6.1111], [-75.98549, 6.110932], [-75.985502, 6.111026]], [[-75.983802, 6.11354], [-75.983885, 6.113589], [-75.984208, 6.113653], [-75.984308, 6.113696], [-75.984601, 6.11377], [-75.985001, 6.113832], [-75.985331, 6.113889], [-75.985895, 6.114004], [-75.986108, 6.114028], [-75.986615, 6.114078], [-75.986811, 6.114035], [-75.986502, 6.114511], [-75.986794, 6.11496], [-75.986721, 6.115138], [-75.986392, 6.115523], [-75.985611, 6.115728], [-75.9854, 6.11593], [-75.985257, 6.116034], [-75.985324, 6.116347], [-75.98529, 6.116748], [-75.98539, 6.117038], [-75.985792, 6.117242], [-75.985889, 6.117251]], [[-75.984066, 6.118748], [-75.984107, 6.118774], [-75.984086, 6.118601], [-75.984202, 6.118424], [-75.984306, 6.118325], [-75.984504, 6.118123], [-75.984307, 6.117938], [-75.984001, 6.117738], [-75.983798, 6.117348], [-75.9837, 6.116847], [-75.983699, 6.116433], [-75.983704, 6.11614], [-75.983808, 6.115841], [-75.983907, 6.115446], [-75.983909, 6.115234], [-75.983805, 6.115152], [-75.983607, 6.115106], [-75.983413, 6.115124], [-75.983398, 6.115014], [-75.983498, 6.11464], [-75.983493, 6.114344], [-75.983613, 6.114059], [-75.98379, 6.113542]], [[-75.984136, 6.113613], [-75.983888, 6.113557], [-75.983798, 6.113536], [-75.98379, 6.113402], [-75.98386, 6.113185], [-75.983904, 6.113001], [-75.98394, 6.112779], [-75.984086, 6.112461], [-75.984073, 6.112244], [-75.984352, 6.112324], [-75.984604, 6.112362], [-75.984705, 6.111846], [-75.984832, 6.111567], [-75.985303, 6.111336], [-75.985502, 6.11039], [-75.985618, 6.110284], [-75.985696, 6.10998], [-75.985803, 6.109896], [-75.985708, 6.109394], [-75.985399, 6.108876], [-75.985003, 6.108488], [-75.984903, 6.108419], [-75.984906, 6.107882], [-75.984785, 6.107623], [-75.984966, 6.107204], [-75.984892, 6.106518], [-75.984493, 6.106092]], [[-75.984101, 6.113622], [-75.984205, 6.113615], [-75.984303, 6.113717], [-75.984205, 6.113917], [-75.984093, 6.114224], [-75.98398, 6.114173], [-75.983897, 6.114127], [-75.983598, 6.114133], [-75.983494, 6.114054], [-75.983101, 6.113929], [-75.983023, 6.114199], [-75.982896, 6.114435], [-75.982891, 6.114621], [-75.982795, 6.114834], [-75.982898, 6.114923], [-75.983198, 6.114991], [-75.983391, 6.11512], [-75.983198, 6.115632], [-75.983097, 6.11593], [-75.983095, 6.116134], [-75.983001, 6.116232], [-75.982991, 6.116338], [-75.98292, 6.116548], [-75.982901, 6.117036], [-75.982796, 6.117348], [-75.982801, 6.117655], [-75.982904, 6.117948], [-75.983002, 6.118149], [-75.98359, 6.118434], [-75.983999, 6.118842], [-75.984009, 6.118638], [-75.984098, 6.118728]], [[-75.984105, 6.113617], [-75.984246, 6.113655], [-75.984505, 6.113722], [-75.984706, 6.113721], [-75.985202, 6.113831], [-75.985327, 6.113755], [-75.985396, 6.113626], [-75.985418, 6.113451], [-75.985592, 6.113522], [-75.985702, 6.113526], [-75.985897, 6.11363], [-75.986305, 6.113665], [-75.986407, 6.113725], [-75.986395, 6.114026], [-75.986801, 6.114125]]]}}, {"type": "Feature", "properties": {"cod": "05101", "archivo": "Relevamiento Ciudad Bolivar FV.kmz", "metros": 48965, "tramos": 35}, "geometry": {"type": "MultiLineString", "coordinates": [[[-76.02157, 5.849966], [-76.017163, 5.847729]], [[-76.021568, 5.849965], [-76.009763, 5.845209]], [[-76.021572, 5.849966], [-76.010683, 5.845288]], [[-76.021568, 5.849962], [-76.018353, 5.849622]], [[-76.012738, 5.837655], [-76.005078, 5.852656], [-76.021593, 5.849894], [-76.012738, 5.837655]], [[-76.02799, 5.851005], [-76.024332, 5.83727]], [[-76.02563, 5.851359], [-76.024324, 5.837313]], [[-76.019194, 5.856973], [-76.024314, 5.837304]], [[-76.012362, 5.8581], [-76.031686, 5.861033], [-76.024321, 5.837272], [-76.012362, 5.8581]], [[-76.034993, 5.853925], [-76.024321, 5.837272]], [[-76.033258, 5.852887], [-76.024346, 5.837312]], [[-76.030814, 5.851175], [-76.024321, 5.837272]], [[-76.024321, 5.837272], [-76.03199, 5.860983], [-76.042729, 5.849937], [-76.024321, 5.837272]], [[-76.039397, 5.859349], [-76.034986, 5.853893]], [[-76.01261, 5.846849], [-76.010692, 5.845302]], [[-76.021572, 5.849965], [-76.024322, 5.83728]], [[-76.022051, 5.850093], [-76.022043, 5.850123], [-76.02202, 5.850217], [-76.022042, 5.850221]], [[-76.021565, 5.849952], [-76.019713, 5.849502], [-76.019602, 5.849924], [-76.019546, 5.849886]], [[-76.019702, 5.849497], [-76.018272, 5.849176], [-76.017549, 5.848783], [-76.016904, 5.848304]], [[-76.016879, 5.848256], [-76.00897, 5.845696]], [[-76.021569, 5.849952], [-76.022086, 5.850058], [-76.022764, 5.850224], [-76.023686, 5.850446], [-76.02475, 5.850707], [-76.025788, 5.850944], [-76.026108, 5.85104], [-76.02634, 5.850902], [-76.026552, 5.850889], [-76.026846, 5.850904], [-76.027143, 5.850894], [-76.027383, 5.850911], [-76.027873, 5.851062], [-76.028205, 5.851159], [-76.029128, 5.851884], [-76.029563, 5.852591], [-76.029803, 5.852747], [-76.03069, 5.85318], [-76.032, 5.853708]], [[-76.022051, 5.850093], [-76.022043, 5.850123], [-76.02202, 5.850217], [-76.022042, 5.850221]], [[-76.021565, 5.849952], [-76.019713, 5.849502], [-76.019602, 5.849924], [-76.019546, 5.849886]], [[-76.019702, 5.849497], [-76.018272, 5.849176], [-76.017549, 5.848783], [-76.016904, 5.848304]], [[-76.016879, 5.848256], [-76.00897, 5.845696]], [[-76.021569, 5.849952], [-76.022086, 5.850058], [-76.022764, 5.850224], [-76.023686, 5.850446], [-76.02475, 5.850707], [-76.025788, 5.850944], [-76.026108, 5.85104], [-76.02634, 5.850902], [-76.026552, 5.850889], [-76.026846, 5.850904], [-76.027143, 5.850894], [-76.027383, 5.850911], [-76.027873, 5.851062], [-76.028205, 5.851159], [-76.029128, 5.851884], [-76.029563, 5.852591], [-76.029803, 5.852747], [-76.03069, 5.85318], [-76.032, 5.853708]], [[-76.021586, 5.849954], [-76.021997, 5.850055], [-76.022104, 5.849606], [-76.022345, 5.849788], [-76.026475, 5.850723], [-76.02646, 5.850305], [-76.026483, 5.850718], [-76.026971, 5.850707], [-76.027248, 5.850743], [-76.02752, 5.85078], [-76.027814, 5.85086], [-76.027973, 5.850997]], [[-76.021546, 5.849935], [-76.02201, 5.850059], [-76.021698, 5.85119], [-76.022467, 5.851366], [-76.0233, 5.851597], [-76.024184, 5.851813], [-76.024251, 5.851429], [-76.024341, 5.851023], [-76.025167, 5.851251], [-76.025616, 5.85138]], [[-76.021698, 5.851196], [-76.021621, 5.851589], [-76.02154, 5.85193], [-76.02158, 5.851979], [-76.021706, 5.852071], [-76.021841, 5.852109], [-76.021994, 5.85207], [-76.022132, 5.85217], [-76.022378, 5.852347], [-76.022474, 5.852375], [-76.022694, 5.852455], [-76.022792, 5.852546], [-76.022934, 5.852585]], [[-76.028024, 5.851024], [-76.028356, 5.851121], [-76.0292, 5.851072], [-76.029991, 5.851065], [-76.030842, 5.851134]], [[-76.030832, 5.851119], [-76.032351, 5.851348], [-76.033334, 5.851562], [-76.033395, 5.85195], [-76.033342, 5.852423], [-76.033171, 5.852859]], [[-76.021573, 5.849979], [-76.020537, 5.849736], [-76.020712, 5.848714], [-76.020415, 5.848499], [-76.019764, 5.84827], [-76.019301, 5.848104], [-76.019423, 5.84752], [-76.019121, 5.848756], [-76.01715, 5.847715], [-76.015411, 5.84721], [-76.014641, 5.847175], [-76.014318, 5.847397], [-76.012599, 5.846891], [-76.012728, 5.846444], [-76.010665, 5.84556], [-76.010687, 5.84531], [-76.010602, 5.84553], [-76.009763, 5.845189], [-76.009513, 5.845847], [-76.008992, 5.845736]], [[-76.01909, 5.848733], [-76.018962, 5.84933], [-76.018446, 5.849201], [-76.018352, 5.84937], [-76.018366, 5.849507], [-76.018349, 5.849661]], [[-76.018374, 5.849657], [-76.018386, 5.850012], [-76.018274, 5.8504], [-76.018547, 5.851554], [-76.018794, 5.852615], [-76.01891, 5.853076], [-76.01882, 5.853434], [-76.018747, 5.854188], [-76.018787, 5.854486], [-76.018782, 5.854733], [-76.018886, 5.854987], [-76.019188, 5.855547], [-76.019214, 5.855673], [-76.019176, 5.855953], [-76.019358, 5.856208], [-76.019582, 5.856584], [-76.019751, 5.856867], [-76.019721, 5.85712], [-76.01956, 5.857343], [-76.019342, 5.857711], [-76.019332, 5.857827], [-76.01917, 5.857368]], [[-76.033175, 5.852864], [-76.032697, 5.852656], [-76.031988, 5.853733]]]}}, {"type": "Feature", "properties": {"cod": "05209", "archivo": "Relevamiento Concordia.kmz", "metros": 4931, "tramos": 6}, "geometry": {"type": "MultiLineString", "coordinates": [[[-75.9124, 6.04923], [-75.912502, 6.049232], [-75.912097, 6.049334], [-75.911489, 6.049435], [-75.911058, 6.049463], [-75.910996, 6.049025], [-75.910796, 6.048528], [-75.910794, 6.048287], [-75.910595, 6.048126], [-75.910415, 6.048076], [-75.9103, 6.048021], [-75.910196, 6.047725], [-75.910099, 6.047624], [-75.909872, 6.04769], [-75.909799, 6.04783], [-75.909697, 6.047833], [-75.909591, 6.047932], [-75.909399, 6.048033], [-75.909197, 6.04773], [-75.908993, 6.047329], [-75.908995, 6.04722], [-75.908891, 6.047028]], [[-75.908923, 6.047026], [-75.90898, 6.046993], [-75.909197, 6.046621], [-75.909358, 6.046437], [-75.909498, 6.046325], [-75.909644, 6.04607], [-75.909798, 6.045813], [-75.909698, 6.045725], [-75.909499, 6.045623], [-75.909381, 6.045455], [-75.909193, 6.04543], [-75.909146, 6.045363], [-75.908996, 6.045228], [-75.908694, 6.045022], [-75.9086, 6.044918], [-75.908394, 6.045221], [-75.908272, 6.045412], [-75.908012, 6.045668], [-75.907991, 6.045729]], [[-75.905275, 6.0449], [-75.905311, 6.044957], [-75.905517, 6.045315], [-75.905761, 6.045407], [-75.905933, 6.045671], [-75.906181, 6.045882], [-75.906568, 6.046143], [-75.906773, 6.046239], [-75.906751, 6.046367], [-75.906625, 6.04655], [-75.9064, 6.046843], [-75.906232, 6.047076], [-75.906073, 6.047288], [-75.905923, 6.047479], [-75.905867, 6.047526], [-75.906072, 6.047692], [-75.906465, 6.048092], [-75.906459, 6.047982], [-75.906856, 6.047381], [-75.906958, 6.047237], [-75.907139, 6.047], [-75.907278, 6.04677], [-75.907579, 6.04638], [-75.907863, 6.045988], [-75.908025, 6.045746], [-75.907885, 6.04572]], [[-75.908006, 6.04575], [-75.908198, 6.045481], [-75.908225, 6.045529], [-75.907955, 6.045309], [-75.907808, 6.045219], [-75.907634, 6.045097], [-75.907929, 6.044704], [-75.907997, 6.044528], [-75.907929, 6.044429], [-75.907798, 6.04433], [-75.907516, 6.044173], [-75.907477, 6.044248], [-75.907226, 6.044528], [-75.906982, 6.044869], [-75.90691, 6.045068], [-75.906596, 6.045362], [-75.906427, 6.045543], [-75.90624, 6.045747], [-75.906097, 6.045968], [-75.905811, 6.046342], [-75.905686, 6.046473], [-75.905453, 6.046685], [-75.905288, 6.046997], [-75.905185, 6.047053], [-75.905159, 6.047132], [-75.904952, 6.047409], [-75.9048, 6.047485], [-75.904627, 6.047353], [-75.904432, 6.047214], [-75.904237, 6.047067], [-75.904112, 6.046989], [-75.90393, 6.046834], [-75.903996, 6.046699], [-75.904135, 6.046432], [-75.904412, 6.046119], [-75.904608, 6.045806], [-75.904719, 6.045749], [-75.905035, 6.045971], [-75.905201, 6.045794], [-75.905259, 6.045765], [-75.905288, 6.045688], [-75.905403, 6.045411], [-75.905499, 6.045314], [-75.905348, 6.045098], [-75.905295, 6.044887]], [[-75.908016, 6.04575], [-75.908199, 6.045488], [-75.90822, 6.045526], [-75.908586, 6.045789], [-75.908823, 6.045952], [-75.908581, 6.046129], [-75.908529, 6.046287], [-75.908409, 6.046377], [-75.908283, 6.046542], [-75.908302, 6.046617], [-75.908156, 6.04683], [-75.908074, 6.046927], [-75.907952, 6.047152], [-75.907771, 6.047399], [-75.907599, 6.047631], [-75.907496, 6.047735], [-75.907447, 6.047851], [-75.907401, 6.047941], [-75.907199, 6.048141], [-75.907195, 6.048226], [-75.9071, 6.048385], [-75.9072, 6.048435], [-75.907412, 6.048623], [-75.907653, 6.048821], [-75.907757, 6.048727], [-75.907884, 6.048527], [-75.908097, 6.048237], [-75.908264, 6.048031], [-75.90839, 6.047817], [-75.908502, 6.047624], [-75.908699, 6.047726], [-75.908851, 6.048017], [-75.908909, 6.048127], [-75.909074, 6.048222], [-75.909119, 6.048593], [-75.909218, 6.048773], [-75.909586, 6.048892], [-75.909909, 6.048965], [-75.910105, 6.048947], [-75.910325, 6.048969], [-75.910515, 6.048972], [-75.910605, 6.049072], [-75.910852, 6.049347], [-75.911032, 6.049502], [-75.911506, 6.049444], [-75.912009, 6.049444], [-75.912516, 6.049251]], [[-75.908891, 6.047049], [-75.9088, 6.047222], [-75.908667, 6.047395], [-75.908583, 6.047526], [-75.908504, 6.047603], [-75.908387, 6.047796], [-75.908273, 6.047984], [-75.908113, 6.048187], [-75.908009, 6.048056], [-75.907845, 6.047994], [-75.907727, 6.047869], [-75.907545, 6.047754], [-75.907477, 6.047739], [-75.907209, 6.047602], [-75.906973, 6.047425], [-75.906912, 6.047348], [-75.907099, 6.047048], [-75.907208, 6.046854], [-75.907422, 6.046544], [-75.907595, 6.04631], [-75.907731, 6.046085], [-75.908004, 6.04574]]]}}, {"type": "Feature", "properties": {"cod": "05364", "archivo": "Relevamiento Jardín.kmz", "metros": 8495, "tramos": 9}, "geometry": {"type": "MultiLineString", "coordinates": [[[-75.826571, 5.599912], [-75.826537, 5.599849], [-75.826246, 5.599859], [-75.826149, 5.599884], [-75.826104, 5.600011], [-75.82585, 5.600592], [-75.825797, 5.600632], [-75.825544, 5.601162], [-75.825354, 5.601569], [-75.825197, 5.601947], [-75.824909, 5.601815], [-75.824701, 5.601731], [-75.82449, 5.601661], [-75.824442, 5.601685], [-75.824347, 5.601908], [-75.823929, 5.60178], [-75.823698, 5.601706], [-75.823491, 5.602259], [-75.823487, 5.602247], [-75.82335, 5.602172], [-75.823198, 5.602083], [-75.82319, 5.602083], [-75.823033, 5.601984], [-75.822917, 5.60198], [-75.822909, 5.60198], [-75.822722, 5.601829], [-75.822305, 5.60167], [-75.821871, 5.601504], [-75.821417, 5.60136], [-75.820696, 5.60105], [-75.820345, 5.600929], [-75.820153, 5.600863], [-75.819972, 5.600749], [-75.819504, 5.600565], [-75.819124, 5.600412], [-75.819056, 5.600584], [-75.818967, 5.600777], [-75.818844, 5.600748]], [[-75.821785, 5.600593], [-75.821696, 5.600618], [-75.821488, 5.601142], [-75.821423, 5.601338]], [[-75.819778, 5.598845], [-75.819895, 5.5988], [-75.820148, 5.598904], [-75.82059, 5.599076], [-75.820496, 5.599282], [-75.820438, 5.599515], [-75.820336, 5.5997], [-75.820248, 5.59997], [-75.82015, 5.600215], [-75.81995, 5.600774]], [[-75.820449, 5.597261], [-75.820383, 5.597247], [-75.820208, 5.597178], [-75.820021, 5.597099], [-75.81981, 5.597003], [-75.819608, 5.596937], [-75.81932, 5.59686], [-75.819027, 5.596738], [-75.81875, 5.596623], [-75.818414, 5.596476], [-75.818196, 5.596362], [-75.81804, 5.59629], [-75.817744, 5.596185], [-75.817296, 5.595989], [-75.817257, 5.59598], [-75.817184, 5.596161], [-75.817112, 5.596376], [-75.817112, 5.59638], [-75.817035, 5.596705], [-75.816854, 5.597137], [-75.816704, 5.597501], [-75.816616, 5.597685], [-75.816521, 5.597925], [-75.816373, 5.598216], [-75.816222, 5.598707], [-75.816118, 5.598953], [-75.816036, 5.599138], [-75.81633, 5.59921], [-75.816744, 5.599418], [-75.817169, 5.599523], [-75.817526, 5.599738], [-75.817926, 5.599829], [-75.818219, 5.599992], [-75.818361, 5.600082], [-75.81879, 5.600251], [-75.819149, 5.600381]], [[-75.812726, 5.593968], [-75.812654, 5.594005], [-75.812668, 5.594313], [-75.812668, 5.594313], [-75.812691, 5.594672], [-75.812711, 5.595139], [-75.812702, 5.595514], [-75.812736, 5.595869], [-75.812785, 5.596023], [-75.813581, 5.596422], [-75.814091, 5.596592], [-75.814135, 5.596529], [-75.814252, 5.596583], [-75.814506, 5.596682], [-75.814816, 5.596793], [-75.815139, 5.596932], [-75.815501, 5.597101], [-75.815908, 5.597269], [-75.816323, 5.597394], [-75.816575, 5.597499], [-75.816706, 5.597513]], [[-75.826557, 5.599868], [-75.82523, 5.599837], [-75.823209, 5.599224], [-75.820883, 5.598291], [-75.820085, 5.598001], [-75.819301, 5.59769], [-75.817744, 5.597066], [-75.817439, 5.597846], [-75.817136, 5.598575], [-75.818617, 5.599216], [-75.818675, 5.599244], [-75.818348, 5.599994], [-75.819124, 5.600321], [-75.818985, 5.60072]], [[-75.821772, 5.600509], [-75.822564, 5.600826], [-75.822435, 5.601215], [-75.82315, 5.6015], [-75.823484, 5.60072], [-75.822759, 5.600438], [-75.822885, 5.600031], [-75.821314, 5.599378], [-75.820701, 5.600962], [-75.820538, 5.601367], [-75.818988, 5.60073]], [[-75.820442, 5.597246], [-75.819644, 5.59695], [-75.819944, 5.596191], [-75.819084, 5.595834], [-75.817577, 5.595226], [-75.816952, 5.59673], [-75.816239, 5.596428], [-75.815616, 5.597995], [-75.814832, 5.597696], [-75.814497, 5.597557], [-75.814161, 5.597433], [-75.813918, 5.597293], [-75.8138, 5.597086], [-75.813991, 5.596561], [-75.813101, 5.596191], [-75.812716, 5.595961], [-75.812679, 5.595444], [-75.812659, 5.595091], [-75.812686, 5.594727], [-75.812712, 5.593958]], [[-75.817137, 5.598582], [-75.81681, 5.598482], [-75.816477, 5.598298], [-75.816171, 5.598298], [-75.81592, 5.598131], [-75.815618, 5.598001], [-75.815342, 5.598749], [-75.816027, 5.599069], [-75.815838, 5.599501], [-75.815622, 5.599731], [-75.815575, 5.59982], [-75.815666, 5.600021], [-75.815684, 5.600205], [-75.815555, 5.600327], [-75.815402, 5.600653], [-75.815269, 5.600857], [-75.815041, 5.601096], [-75.814874, 5.601248], [-75.814802, 5.601385], [-75.814725, 5.601533], [-75.814669, 5.601609], [-75.814606, 5.601668], [-75.814574, 5.601762], [-75.814518, 5.601881], [-75.814451, 5.602039], [-75.814312, 5.60227], [-75.814173, 5.602396], [-75.814005, 5.60253]]]}}, {"type": "Feature", "properties": {"cod": "05390", "archivo": "Relevamiento La Pintada VF.kmz", "metros": 7035, "tramos": 10}, "geometry": {"type": "MultiLineString", "coordinates": [[[-75.607146, 5.741556], [-75.607111, 5.741776], [-75.607205, 5.74219], [-75.607198, 5.742579], [-75.607227, 5.743007], [-75.607096, 5.743425], [-75.607108, 5.743466], [-75.606903, 5.744061], [-75.606899, 5.74416], [-75.607309, 5.744252], [-75.607705, 5.744351], [-75.608112, 5.744447], [-75.608106, 5.744664]], [[-75.60691, 5.744216], [-75.606712, 5.744681], [-75.606617, 5.746679], [-75.605903, 5.746464], [-75.605992, 5.746451], [-75.605798, 5.746348], [-75.605185, 5.746051], [-75.604887, 5.746036], [-75.604994, 5.745924]], [[-75.604898, 5.746058], [-75.604717, 5.746061], [-75.604502, 5.746042], [-75.604292, 5.74605], [-75.604195, 5.745834], [-75.604193, 5.745942], [-75.604295, 5.74552], [-75.604293, 5.7455]], [[-75.604889, 5.746062], [-75.605126, 5.746324], [-75.605295, 5.746752], [-75.605104, 5.746746], [-75.604796, 5.746856], [-75.604485, 5.746655], [-75.604391, 5.746653], [-75.604298, 5.746645]], [[-75.607107, 5.741762], [-75.606998, 5.741765], [-75.606898, 5.741559], [-75.60679, 5.741257], [-75.606593, 5.741058], [-75.606409, 5.74075], [-75.606205, 5.740541], [-75.606207, 5.740434], [-75.606202, 5.740343], [-75.605891, 5.740027], [-75.606094, 5.739837], [-75.606191, 5.739455], [-75.606191, 5.73908], [-75.606303, 5.738785], [-75.606395, 5.738561], [-75.606498, 5.738269], [-75.606486, 5.737967], [-75.606508, 5.73766], [-75.606404, 5.737257], [-75.606387, 5.736853], [-75.606362, 5.736713]], [[-75.607005, 5.741746], [-75.607005, 5.741645], [-75.607196, 5.741332], [-75.607298, 5.740935], [-75.607609, 5.740463], [-75.607701, 5.74034], [-75.607403, 5.740342], [-75.606996, 5.740236], [-75.606598, 5.740027], [-75.606502, 5.740026], [-75.6064, 5.740029], [-75.605901, 5.740042], [-75.606004, 5.740245], [-75.605592, 5.739843], [-75.605602, 5.73973], [-75.605392, 5.739429], [-75.60519, 5.739224], [-75.605, 5.738935], [-75.604792, 5.738635], [-75.604802, 5.738531], [-75.604297, 5.738128], [-75.604002, 5.737681], [-75.603792, 5.737379], [-75.60349, 5.737086], [-75.60331, 5.736766], [-75.603002, 5.736471], [-75.602791, 5.736065], [-75.602497, 5.735749], [-75.602195, 5.73557], [-75.602007, 5.735195], [-75.601693, 5.73488], [-75.601294, 5.734167], [-75.600892, 5.734053], [-75.601102, 5.734278]], [[-75.606897, 5.741632], [-75.606596, 5.741726], [-75.606296, 5.741735], [-75.606102, 5.741733], [-75.6057, 5.741738], [-75.605479, 5.741735], [-75.605491, 5.741833], [-75.605398, 5.742238], [-75.605184, 5.74266], [-75.605094, 5.743062], [-75.604995, 5.7436], [-75.604798, 5.743991], [-75.604585, 5.744845], [-75.604281, 5.745491]], [[-75.607696, 5.740421], [-75.607997, 5.740425], [-75.608201, 5.740529], [-75.608612, 5.740827], [-75.608895, 5.741146], [-75.609098, 5.74165], [-75.609305, 5.741953], [-75.609598, 5.742362], [-75.609809, 5.742665], [-75.610012, 5.742858], [-75.610383, 5.743039], [-75.610786, 5.742847], [-75.611314, 5.742626], [-75.611698, 5.742939], [-75.612088, 5.743133], [-75.612431, 5.74321], [-75.612817, 5.743114], [-75.613233, 5.74302], [-75.613629, 5.743039], [-75.613919, 5.743236], [-75.614337, 5.743333], [-75.614842, 5.743114], [-75.615032, 5.742914], [-75.6153, 5.742651], [-75.615624, 5.742482], [-75.615914, 5.742737], [-75.61622, 5.742799], [-75.616627, 5.742691], [-75.617012, 5.742467], [-75.617433, 5.742409]], [[-75.605001, 5.745925], [-75.605, 5.745934], [-75.605204, 5.74603], [-75.605812, 5.746343], [-75.605904, 5.746436], [-75.606009, 5.746434], [-75.6066, 5.746623], [-75.607111, 5.746843], [-75.607296, 5.746932], [-75.607704, 5.747147], [-75.607802, 5.747137], [-75.608143, 5.747232]], [[-75.608398, 5.747327], [-75.608297, 5.747325], [-75.607996, 5.747425], [-75.607792, 5.74743], [-75.607588, 5.747421], [-75.607391, 5.747542], [-75.607284, 5.748053], [-75.607286, 5.74825], [-75.607196, 5.748539], [-75.60719, 5.748431], [-75.607001, 5.748334], [-75.606904, 5.748223], [-75.606797, 5.748128], [-75.606588, 5.748429], [-75.606603, 5.748537], [-75.606792, 5.74893], [-75.606796, 5.74913], [-75.606898, 5.74964], [-75.606994, 5.750334], [-75.607201, 5.750741], [-75.607703, 5.750744], [-75.608422, 5.750951], [-75.608806, 5.751279], [-75.608791, 5.751641], [-75.609002, 5.752538], [-75.608917, 5.753049], [-75.608602, 5.75345], [-75.60829, 5.753852], [-75.608297, 5.754153], [-75.60829, 5.754364], [-75.608705, 5.754448], [-75.609214, 5.754556], [-75.609605, 5.754451], [-75.609812, 5.754338], [-75.610312, 5.754273]]]}}, {"type": "Feature", "properties": {"cod": "05467", "archivo": "Relevamiento Montebello.kmz", "metros": 1906, "tramos": 5}, "geometry": {"type": "MultiLineString", "coordinates": [[[-75.525182, 5.946193], [-75.525266, 5.945745], [-75.525213, 5.945447], [-75.525094, 5.945415], [-75.524792, 5.945385], [-75.524834, 5.94525], [-75.524845, 5.944868], [-75.524798, 5.944642], [-75.524782, 5.944327], [-75.524707, 5.944332], [-75.524536, 5.944335], [-75.524335, 5.944364], [-75.524277, 5.944382], [-75.52406, 5.944418], [-75.523892, 5.944482], [-75.523801, 5.944301], [-75.523849, 5.944049], [-75.523928, 5.943812], [-75.523952, 5.943681], [-75.523972, 5.94363], [-75.523902, 5.943547], [-75.523775, 5.943723], [-75.523701, 5.944008], [-75.523535, 5.944048], [-75.523313, 5.944156], [-75.523072, 5.944137], [-75.522727, 5.944299], [-75.522695, 5.944546], [-75.522987, 5.944742], [-75.523305, 5.944866], [-75.523546, 5.944967], [-75.523783, 5.945082], [-75.523925, 5.945111], [-75.523858, 5.945431], [-75.523809, 5.945666], [-75.523734, 5.945968], [-75.523582, 5.945926]], [[-75.523732, 5.945969], [-75.523573, 5.945926], [-75.523134, 5.945795], [-75.522895, 5.945758], [-75.522789, 5.945752], [-75.522841, 5.945479]], [[-75.525093, 5.945433], [-75.524795, 5.945388], [-75.524828, 5.945248], [-75.524851, 5.944877], [-75.524674, 5.944852], [-75.524679, 5.944898], [-75.524637, 5.945105], [-75.524588, 5.945363], [-75.524566, 5.945489]], [[-75.522024, 5.94894], [-75.522013, 5.948796], [-75.522068, 5.948594], [-75.522135, 5.948493], [-75.522224, 5.94855], [-75.522589, 5.948587], [-75.523002, 5.948405], [-75.523266, 5.948416], [-75.523194, 5.948057], [-75.522997, 5.947805], [-75.52298, 5.947733], [-75.523119, 5.947452], [-75.523376, 5.9473], [-75.52371, 5.947167], [-75.52391, 5.947015], [-75.523801, 5.946707], [-75.523605, 5.94633], [-75.523678, 5.946157], [-75.523715, 5.945972]], [[-75.52391, 5.947002], [-75.523803, 5.946714], [-75.523911, 5.947005], [-75.524113, 5.946841], [-75.524266, 5.946616]]]}}, {"type": "Feature", "properties": {"cod": "05642", "archivo": "Relevamiento Salgar.kmz", "metros": 7082, "tramos": 7}, "geometry": {"type": "MultiLineString", "coordinates": [[[-75.986108, 5.966119], [-75.986014, 5.965953], [-75.985902, 5.96592], [-75.98589, 5.96586], [-75.985686, 5.965851], [-75.985385, 5.965807], [-75.985282, 5.965767], [-75.984872, 5.965848], [-75.984565, 5.965888], [-75.984213, 5.965997], [-75.98386, 5.966005], [-75.983498, 5.965973], [-75.983009, 5.965896], [-75.982889, 5.965561], [-75.982728, 5.965376], [-75.982601, 5.965156], [-75.982611, 5.96514], [-75.982296, 5.964869], [-75.982091, 5.964793], [-75.981511, 5.964734], [-75.981116, 5.964743], [-75.980799, 5.964867], [-75.980721, 5.96483], [-75.980588, 5.964903], [-75.980288, 5.964577], [-75.980062, 5.96433], [-75.979743, 5.96406], [-75.979486, 5.963883], [-75.979322, 5.963733], [-75.979144, 5.96353], [-75.978856, 5.963392], [-75.978719, 5.963215], [-75.978554, 5.963142]], [[-75.978895, 5.963359], [-75.978544, 5.963143], [-75.978609, 5.963083], [-75.978327, 5.963077], [-75.978053, 5.962808], [-75.978114, 5.962656], [-75.9782, 5.962555], [-75.978334, 5.962516], [-75.978258, 5.962666]], [[-75.97884, 5.963344], [-75.978559, 5.963163], [-75.978354, 5.963008], [-75.978228, 5.962897], [-75.977933, 5.962669], [-75.977781, 5.962509], [-75.977468, 5.962245], [-75.977304, 5.962159], [-75.977115, 5.962029], [-75.976957, 5.96193], [-75.976912, 5.961912], [-75.976666, 5.961728], [-75.976539, 5.961692], [-75.976491, 5.961665], [-75.97617, 5.961436], [-75.975937, 5.961266], [-75.975547, 5.961038], [-75.975322, 5.96096], [-75.97539, 5.960957]], [[-75.975255, 5.960925], [-75.974705, 5.961201], [-75.974401, 5.961179], [-75.973885, 5.961483], [-75.97363, 5.961465], [-75.973353, 5.961474], [-75.972801, 5.961467], [-75.972243, 5.961796], [-75.972234, 5.961796], [-75.971932, 5.961971], [-75.97138, 5.961974], [-75.970801, 5.962305], [-75.970554, 5.962592], [-75.970273, 5.962859], [-75.96999, 5.963153], [-75.969739, 5.963397], [-75.969452, 5.963683], [-75.969371, 5.963857], [-75.969187, 5.96395], [-75.969184, 5.964215], [-75.968896, 5.964505], [-75.968617, 5.96449], [-75.968294, 5.964682], [-75.968061, 5.96477], [-75.967943, 5.96487], [-75.967782, 5.965044], [-75.967498, 5.96505], [-75.967221, 5.965338], [-75.967122, 5.965246], [-75.967208, 5.96505], [-75.967216, 5.965191]], [[-75.966942, 5.965331], [-75.966674, 5.965607], [-75.966384, 5.965613], [-75.966113, 5.965626], [-75.965833, 5.965617], [-75.965279, 5.9656], [-75.965188, 5.965553], [-75.964989, 5.965607], [-75.964722, 5.965329], [-75.964723, 5.965053], [-75.964452, 5.964765], [-75.964424, 5.964664], [-75.964361, 5.964486], [-75.96417, 5.964493], [-75.963884, 5.963922], [-75.963902, 5.963666], [-75.963611, 5.963397], [-75.963055, 5.96311], [-75.962492, 5.963106], [-75.962203, 5.963106], [-75.962218, 5.962835], [-75.961936, 5.962833], [-75.961644, 5.96256], [-75.961763, 5.962479], [-75.961937, 5.962551]], [[-75.978637, 5.963319], [-75.979092, 5.962653], [-75.979427, 5.962287], [-75.979687, 5.962503], [-75.979865, 5.962654], [-75.980047, 5.962784], [-75.979892, 5.962966], [-75.979761, 5.963207], [-75.979954, 5.963324], [-75.980081, 5.963469], [-75.980383, 5.963656], [-75.980287, 5.963802], [-75.980224, 5.963933], [-75.980546, 5.964207], [-75.980781, 5.964361], [-75.980936, 5.964449], [-75.981074, 5.964444], [-75.98124, 5.964493], [-75.981534, 5.964488], [-75.981947, 5.964425], [-75.981925, 5.964641], [-75.981938, 5.964712], [-75.982093, 5.964712], [-75.982361, 5.964784], [-75.982656, 5.965154], [-75.982829, 5.965346], [-75.982925, 5.965552], [-75.983002, 5.965839]], [[-75.978654, 5.963193], [-75.979097, 5.962645], [-75.978889, 5.962542], [-75.978716, 5.962439], [-75.978292, 5.962077], [-75.97743, 5.961457], [-75.977224, 5.961436], [-75.97727, 5.96164], [-75.977043, 5.961524], [-75.976945, 5.96144], [-75.976642, 5.961256], [-75.976377, 5.961149], [-75.976133, 5.961163], [-75.975812, 5.961172], [-75.975613, 5.961065], [-75.975284, 5.960884], [-75.97524, 5.961145], [-75.975158, 5.961321], [-75.975065, 5.961426], [-75.974961, 5.961729], [-75.974999, 5.961973], [-75.974794, 5.9619], [-75.974469, 5.961947], [-75.974161, 5.961944], [-75.973884, 5.961967], [-75.973317, 5.962011], [-75.97334, 5.962251], [-75.973062, 5.962006], [-75.972782, 5.962079], [-75.972471, 5.962271], [-75.972421, 5.962024], [-75.972235, 5.961789], [-75.972203, 5.961865], [-75.971941, 5.961971], [-75.971383, 5.961978], [-75.970814, 5.962278], [-75.970564, 5.962531], [-75.970272, 5.962817], [-75.969995, 5.963096], [-75.969727, 5.963385], [-75.969447, 5.963673], [-75.969355, 5.96388], [-75.969169, 5.964237], [-75.968875, 5.964506], [-75.96836, 5.964587], [-75.968302, 5.96467], [-75.968062, 5.96477], [-75.967782, 5.965046], [-75.967489, 5.965052], [-75.967215, 5.96517], [-75.96722, 5.965292], [-75.967509, 5.966174], [-75.967232, 5.966747], [-75.96751, 5.967019], [-75.967508, 5.967598], [-75.967494, 5.968141], [-75.967496, 5.968712], [-75.967721, 5.968827], [-75.967507, 5.969241], [-75.967511, 5.969809], [-75.967776, 5.970374], [-75.967776, 5.97092], [-75.967969, 5.971304]]]}}, {"type": "Feature", "properties": {"cod": "05789", "archivo": "Relevamiento Tamesis.kmz", "metros": 7589, "tramos": 6}, "geometry": {"type": "MultiLineString", "coordinates": [[[-75.717932, 5.664865], [-75.717757, 5.66484], [-75.717361, 5.664835], [-75.716911, 5.664885], [-75.716699, 5.664901], [-75.716628, 5.665185], [-75.716678, 5.665404], [-75.7167, 5.665709], [-75.716728, 5.666038], [-75.716709, 5.666276], [-75.716768, 5.666618], [-75.716758, 5.666765], [-75.717114, 5.666924], [-75.717358, 5.667036], [-75.71747, 5.667052], [-75.717508, 5.667401], [-75.717622, 5.66761], [-75.717278, 5.66837], [-75.717218, 5.668669], [-75.717081, 5.668727], [-75.716864, 5.668489], [-75.716513, 5.668302], [-75.716116, 5.668078], [-75.715926, 5.667808], [-75.715538, 5.667777], [-75.715339, 5.66779], [-75.715031, 5.667658], [-75.714612, 5.667726], [-75.714621, 5.668016], [-75.714626, 5.668431], [-75.714656, 5.66889], [-75.714473, 5.669402], [-75.714459, 5.669398], [-75.714354, 5.669908], [-75.713842, 5.66995], [-75.713415, 5.669996], [-75.71324, 5.669999], [-75.712614, 5.67007], [-75.712602, 5.670004], [-75.713282, 5.669916], [-75.713255, 5.669555], [-75.713258, 5.66926], [-75.713208, 5.668763], [-75.713189, 5.668474], [-75.713163, 5.668147], [-75.713162, 5.667801], [-75.713148, 5.667521], [-75.713076, 5.667206], [-75.713109, 5.667036], [-75.713135, 5.666874], [-75.713126, 5.666648], [-75.712768, 5.66667], [-75.712458, 5.666723], [-75.712398, 5.666545], [-75.712408, 5.666171], [-75.712385, 5.665857], [-75.712688, 5.665799], [-75.713047, 5.665831], [-75.71302, 5.665374], [-75.713008, 5.66502], [-75.712902, 5.664314], [-75.712946, 5.663958], [-75.712833, 5.663877], [-75.712624, 5.663901], [-75.712248, 5.663933], [-75.711874, 5.663986], [-75.711704, 5.663981], [-75.71152, 5.664008], [-75.711541, 5.663774], [-75.711491, 5.663653], [-75.711464, 5.663364], [-75.711772, 5.663383]], [[-75.713331, 5.659018], [-75.713298, 5.659145], [-75.713319, 5.659524], [-75.713415, 5.65978], [-75.713524, 5.659999], [-75.713566, 5.660224], [-75.713661, 5.660437], [-75.713548, 5.660528], [-75.713518, 5.660644], [-75.713512, 5.660984], [-75.713555, 5.661254], [-75.713521, 5.661645], [-75.71358, 5.661813], [-75.713349, 5.661928], [-75.713353, 5.661936], [-75.713036, 5.661925], [-75.712689, 5.661962], [-75.712329, 5.661967], [-75.712243, 5.661948], [-75.712055, 5.661973], [-75.711835, 5.661993], [-75.711505, 5.662011], [-75.711419, 5.661993], [-75.71143, 5.662135], [-75.71141, 5.662335], [-75.711459, 5.662535], [-75.711475, 5.662751], [-75.711485, 5.66306], [-75.711484, 5.663367], [-75.711777, 5.663394]], [[-75.717926, 5.66481], [-75.717752, 5.664773], [-75.715996, 5.66488], [-75.71601, 5.665662], [-75.715265, 5.665679], [-75.714474, 5.665728], [-75.71447, 5.664954], [-75.714254, 5.662443], [-75.713593, 5.662495], [-75.713629, 5.663176], [-75.713722, 5.663801]], [[-75.711747, 5.663302], [-75.711941, 5.663297], [-75.712258, 5.663282], [-75.712257, 5.663618], [-75.712306, 5.663909], [-75.712385, 5.664792], [-75.712345, 5.665045], [-75.712376, 5.665117], [-75.71192, 5.665431], [-75.711807, 5.665788], [-75.711875, 5.665999], [-75.711464, 5.666418], [-75.711454, 5.666667], [-75.711752, 5.666747], [-75.712102, 5.666709], [-75.712464, 5.666697], [-75.712428, 5.666987], [-75.712419, 5.667179], [-75.712524, 5.667525], [-75.712492, 5.668089], [-75.712531, 5.668527], [-75.712527, 5.668826], [-75.712591, 5.669202], [-75.712595, 5.669408], [-75.712605, 5.669594], [-75.712625, 5.670012]], [[-75.71178, 5.663322], [-75.711489, 5.663312], [-75.711463, 5.66264], [-75.711947, 5.662606], [-75.712233, 5.662553], [-75.712196, 5.661926], [-75.712128, 5.661717], [-75.712189, 5.661486], [-75.712134, 5.66117], [-75.712413, 5.661197], [-75.712797, 5.661186], [-75.712791, 5.660585], [-75.712572, 5.660216], [-75.712545, 5.659857], [-75.712399, 5.659639], [-75.712349, 5.659379], [-75.712404, 5.659245], [-75.71263, 5.659078], [-75.712871, 5.658954], [-75.71299, 5.658932], [-75.713308, 5.659015]], [[-75.711766, 5.663299], [-75.711475, 5.663317], [-75.711522, 5.663992], [-75.712276, 5.663897], [-75.712944, 5.663865], [-75.713715, 5.663824], [-75.713714, 5.664104], [-75.713738, 5.664272], [-75.713761, 5.664536], [-75.713771, 5.665032], [-75.713827, 5.665797], [-75.71383, 5.666614], [-75.714575, 5.666596], [-75.714583, 5.66744], [-75.714785, 5.667575], [-75.715012, 5.667621], [-75.715397, 5.667737], [-75.715351, 5.666549], [-75.716125, 5.666504], [-75.716098, 5.667419], [-75.716659, 5.667637], [-75.716444, 5.668149], [-75.717065, 5.668627]]]}}, {"type": "Feature", "properties": {"cod": "05847", "archivo": "Relevamiento Urrao.kmz", "metros": 10370, "tramos": 6}, "geometry": {"type": "MultiLineString", "coordinates": [[[-76.134247, 6.317488], [-76.134238, 6.317492], [-76.134101, 6.317548], [-76.133771, 6.317702], [-76.133495, 6.31782], [-76.133538, 6.317761], [-76.13337, 6.317491], [-76.133241, 6.317203], [-76.133154, 6.317008], [-76.133005, 6.316681], [-76.132957, 6.316515], [-76.13282, 6.31623], [-76.132744, 6.316013], [-76.132636, 6.315711], [-76.13251, 6.315419], [-76.132331, 6.314978], [-76.132251, 6.314811], [-76.132158, 6.314621], [-76.13206, 6.314594], [-76.131772, 6.314744], [-76.131568, 6.314828], [-76.13146, 6.314856], [-76.131269, 6.314957], [-76.131069, 6.31505], [-76.130859, 6.315173], [-76.130578, 6.315324], [-76.130297, 6.315507], [-76.130324, 6.3156]], [[-76.133638, 6.315934], [-76.133593, 6.315897], [-76.133464, 6.315943], [-76.133182, 6.316054], [-76.13318, 6.316055], [-76.133039, 6.316063], [-76.132826, 6.316222]], [[-76.136399, 6.325774], [-76.136388, 6.325778], [-76.136128, 6.325875], [-76.135891, 6.325972], [-76.135881, 6.325979], [-76.13587, 6.325987], [-76.135753, 6.326033], [-76.135498, 6.32613], [-76.13533, 6.326054], [-76.135192, 6.325905], [-76.134788, 6.325649], [-76.13444, 6.325446], [-76.134265, 6.325106], [-76.134307, 6.324914], [-76.133902, 6.324442], [-76.133509, 6.324116], [-76.133334, 6.323671], [-76.133299, 6.323382], [-76.133607, 6.323001], [-76.133901, 6.322703], [-76.133735, 6.322423], [-76.133762, 6.321952], [-76.133697, 6.321717], [-76.133839, 6.321505], [-76.133927, 6.321214], [-76.133959, 6.320914], [-76.134121, 6.320466], [-76.134228, 6.320258], [-76.134381, 6.319942], [-76.134326, 6.319716], [-76.134201, 6.319475], [-76.133858, 6.31962], [-76.133435, 6.319799], [-76.133394, 6.319635], [-76.133267, 6.319431], [-76.13318, 6.319261], [-76.133094, 6.319087], [-76.132906, 6.318535], [-76.132789, 6.318355], [-76.132785, 6.318356], [-76.132686, 6.318171], [-76.132799, 6.318108], [-76.133118, 6.317986], [-76.133507, 6.317822], [-76.133798, 6.317688], [-76.134111, 6.317547]], [[-76.133381, 6.330421], [-76.132952, 6.330521], [-76.132923, 6.330274], [-76.132964, 6.330101], [-76.133145, 6.330058], [-76.133089, 6.329796], [-76.133039, 6.329483], [-76.133197, 6.329361], [-76.1335, 6.329304], [-76.133494, 6.329249], [-76.133431, 6.328997], [-76.133374, 6.328738], [-76.133311, 6.328561], [-76.133241, 6.328266], [-76.133176, 6.327972], [-76.133705, 6.327799], [-76.133905, 6.327706], [-76.134006, 6.327612], [-76.134315, 6.327498], [-76.134416, 6.327413], [-76.134617, 6.327203], [-76.134821, 6.32682], [-76.134777, 6.326551], [-76.135306, 6.326029]], [[-76.134333, 6.317458], [-76.13435, 6.317592], [-76.13445, 6.317782], [-76.134598, 6.318073], [-76.134719, 6.318454], [-76.134778, 6.318681], [-76.1349, 6.318977], [-76.135042, 6.319183], [-76.135146, 6.319483], [-76.135339, 6.319588], [-76.135599, 6.319802], [-76.135707, 6.320186], [-76.135824, 6.320616], [-76.135857, 6.321009], [-76.135736, 6.321513], [-76.135601, 6.321954], [-76.135695, 6.322684], [-76.135699, 6.322692], [-76.135833, 6.322921], [-76.136094, 6.323296], [-76.136095, 6.323299], [-76.136314, 6.323613], [-76.136614, 6.324027], [-76.136807, 6.324314], [-76.136934, 6.324536], [-76.137209, 6.324889], [-76.137521, 6.325186], [-76.137807, 6.325614], [-76.138208, 6.325893], [-76.138495, 6.326297], [-76.138619, 6.326402], [-76.138627, 6.326409], [-76.138832, 6.3266], [-76.138821, 6.326678], [-76.138576, 6.326911], [-76.138498, 6.326885], [-76.138289, 6.326965], [-76.138093, 6.327106], [-76.138198, 6.327276], [-76.13833, 6.327541], [-76.138197, 6.327687], [-76.138308, 6.327818], [-76.137718, 6.327881], [-76.137546, 6.32801], [-76.13741, 6.327989], [-76.137134, 6.32801], [-76.136731, 6.328071], [-76.136436, 6.328208], [-76.136341, 6.328294], [-76.136005, 6.328405], [-76.135595, 6.328383], [-76.135308, 6.328482], [-76.135177, 6.328798], [-76.135306, 6.329], [-76.135319, 6.329557], [-76.135431, 6.329622], [-76.135397, 6.32987], [-76.135135, 6.32995], [-76.134973, 6.32999], [-76.134905, 6.329736], [-76.134853, 6.329512], [-76.134803, 6.329329], [-76.134756, 6.329064], [-76.134391, 6.329172], [-76.134084, 6.329213], [-76.133713, 6.329318], [-76.13377, 6.329556], [-76.133859, 6.329815], [-76.133712, 6.329935], [-76.133784, 6.330226], [-76.133598, 6.330376], [-76.133333, 6.330406]], [[-76.134247, 6.317484], [-76.134405, 6.317401], [-76.1347, 6.317305], [-76.134884, 6.317196], [-76.135296, 6.317], [-76.135002, 6.317203], [-76.1352, 6.317197], [-76.135301, 6.317502], [-76.135401, 6.317797], [-76.135408, 6.318197], [-76.135703, 6.318534], [-76.1358, 6.318799], [-76.136213, 6.31854], [-76.136522, 6.318496], [-76.136557, 6.318406], [-76.136458, 6.318153], [-76.136339, 6.317882], [-76.136186, 6.317549], [-76.136066, 6.317259], [-76.135916, 6.316893], [-76.135791, 6.316576], [-76.135636, 6.316231], [-76.13553, 6.315942], [-76.135448, 6.315717], [-76.135392, 6.315587], [-76.135322, 6.31543], [-76.135242, 6.315184], [-76.135083, 6.314831], [-76.134912, 6.314403], [-76.134788, 6.314085], [-76.134682, 6.313839], [-76.134603, 6.313638], [-76.134501, 6.313288], [-76.134394, 6.312927], [-76.134273, 6.31259], [-76.134117, 6.312347], [-76.134114, 6.312143], [-76.134214, 6.312111], [-76.134411, 6.312031], [-76.134772, 6.311913], [-76.135198, 6.311622], [-76.13545, 6.311576], [-76.135176, 6.310921], [-76.134881, 6.310225], [-76.134561, 6.309617], [-76.134246, 6.308995], [-76.134139, 6.308805], [-76.1339, 6.308404], [-76.133678, 6.307748], [-76.133352, 6.30713], [-76.133013, 6.306488], [-76.132661, 6.305897], [-76.132499, 6.305188], [-76.13256, 6.304446], [-76.132631, 6.303727], [-76.132714, 6.30301], [-76.132751, 6.30229], [-76.132777, 6.301611], [-76.13274, 6.300947], [-76.132611, 6.30032], [-76.132103, 6.3005], [-76.131799, 6.300593], [-76.131617, 6.30058], [-76.131734, 6.300854], [-76.131823, 6.301161], [-76.131856, 6.301436], [-76.131845, 6.30161], [-76.131846, 6.301801], [-76.131812, 6.302159], [-76.131793, 6.302403], [-76.13174, 6.302721], [-76.131719, 6.303148], [-76.131696, 6.303194], [-76.131697, 6.303594], [-76.13168, 6.303622], [-76.131648, 6.304367], [-76.13165, 6.304641], [-76.131631, 6.305103], [-76.131622, 6.305475], [-76.131609, 6.305829], [-76.131597, 6.306097], [-76.131598, 6.306227], [-76.131608, 6.306572], [-76.131686, 6.306888], [-76.131765, 6.307173], [-76.131862, 6.307519], [-76.131908, 6.30768], [-76.132009, 6.308049], [-76.132097, 6.308386], [-76.132177, 6.308657], [-76.132261, 6.30897], [-76.132344, 6.309247], [-76.132471, 6.309682], [-76.132623, 6.310185], [-76.132748, 6.310676], [-76.132906, 6.311197], [-76.133004, 6.311524], [-76.133099, 6.311629], [-76.133176, 6.311924], [-76.13325, 6.312167], [-76.133297, 6.312333], [-76.133324, 6.312434], [-76.133393, 6.3127], [-76.133541, 6.313237], [-76.133616, 6.313522], [-76.133711, 6.313801], [-76.133805, 6.314098], [-76.133968, 6.314426], [-76.134078, 6.314774], [-76.133797, 6.314903], [-76.133442, 6.315038], [-76.133239, 6.31512], [-76.132688, 6.315337], [-76.13214, 6.315524], [-76.131389, 6.315868], [-76.1306, 6.316302], [-76.130268, 6.315559]]]}}, {"type": "Feature", "properties": {"cod": "05856", "archivo": "Relevamiento Valparaiso.kmz", "metros": 5832, "tramos": 7}, "geometry": {"type": "MultiLineString", "coordinates": [[[-75.624969, 5.616565], [-75.624894, 5.616577], [-75.625053, 5.616664], [-75.625289, 5.616992], [-75.625408, 5.617221], [-75.624945, 5.617517], [-75.624686, 5.61767], [-75.624517, 5.617801], [-75.624341, 5.617884], [-75.624126, 5.617996], [-75.624046, 5.618006], [-75.623931, 5.617815], [-75.623833, 5.617638], [-75.623722, 5.617489], [-75.623606, 5.617294], [-75.623462, 5.617001], [-75.62329, 5.616826]], [[-75.622268, 5.611337], [-75.622234, 5.61142], [-75.622115, 5.611144], [-75.622118, 5.610711], [-75.622198, 5.610599], [-75.6223, 5.610262], [-75.622114, 5.610055], [-75.62242, 5.610001], [-75.622582, 5.610283], [-75.62308, 5.610479], [-75.623688, 5.61054], [-75.623784, 5.610484], [-75.624047, 5.610407], [-75.62396, 5.610978], [-75.624177, 5.611325], [-75.624441, 5.611483], [-75.624876, 5.611554], [-75.625144, 5.611767], [-75.625605, 5.611965], [-75.625799, 5.612004], [-75.626078, 5.612158], [-75.62588, 5.61242], [-75.626081, 5.612745], [-75.626241, 5.612902], [-75.626234, 5.613043], [-75.626011, 5.613202], [-75.62561, 5.613432], [-75.625294, 5.613646], [-75.625083, 5.61392], [-75.624911, 5.613734], [-75.624685, 5.613514], [-75.624578, 5.613469], [-75.624334, 5.613702], [-75.624142, 5.613817], [-75.623932, 5.613948], [-75.623577, 5.614186], [-75.623511, 5.614259], [-75.623675, 5.614573], [-75.623747, 5.614745], [-75.623957, 5.615035], [-75.624108, 5.61532], [-75.62402, 5.615464], [-75.623791, 5.615576], [-75.623635, 5.615667], [-75.623181, 5.615909], [-75.622832, 5.616188], [-75.62254, 5.616379], [-75.622215, 5.616604], [-75.622327, 5.616849], [-75.622636, 5.617321], [-75.622913, 5.617092], [-75.623284, 5.61678]], [[-75.625729, 5.614858], [-75.62568, 5.614839], [-75.625524, 5.614414], [-75.625442, 5.614348], [-75.625274, 5.614086], [-75.625087, 5.613844]], [[-75.621991, 5.612718], [-75.622068, 5.612719], [-75.622662, 5.612623], [-75.622864, 5.612613], [-75.623025, 5.612549], [-75.623324, 5.612358], [-75.623491, 5.612322], [-75.62385, 5.612581], [-75.624059, 5.612842], [-75.624259, 5.613033], [-75.624507, 5.613302], [-75.624624, 5.613462]], [[-75.624966, 5.616525], [-75.625236, 5.616397], [-75.625586, 5.616197], [-75.62565, 5.616085], [-75.626356, 5.615636], [-75.626089, 5.615363], [-75.626, 5.61522], [-75.625917, 5.61505], [-75.626518, 5.614636], [-75.626404, 5.614398], [-75.626256, 5.614172], [-75.626099, 5.613937], [-75.626435, 5.613636], [-75.626657, 5.613394], [-75.626877, 5.613232], [-75.62705, 5.612986], [-75.627341, 5.612844], [-75.627322, 5.612757], [-75.62714, 5.612412], [-75.626625, 5.612339], [-75.626351, 5.612248], [-75.626099, 5.612153], [-75.625835, 5.611976], [-75.625531, 5.61188], [-75.625398, 5.611863]], [[-75.623252, 5.616759], [-75.622885, 5.61703], [-75.62277, 5.617112], [-75.622867, 5.617279], [-75.622941, 5.617361], [-75.623161, 5.617722], [-75.623579, 5.61746], [-75.623806, 5.617315], [-75.624393, 5.616931], [-75.624493, 5.617136], [-75.624783, 5.617558], [-75.624652, 5.617674], [-75.624551, 5.61777], [-75.624197, 5.617874], [-75.624085, 5.617988], [-75.624252, 5.618294], [-75.624376, 5.618472], [-75.624513, 5.618711], [-75.624779, 5.619105], [-75.624934, 5.619322], [-75.625266, 5.619084], [-75.625185, 5.618971], [-75.624982, 5.618677], [-75.624879, 5.61845], [-75.625019, 5.618367], [-75.625121, 5.618137], [-75.625471, 5.618017], [-75.625795, 5.617812], [-75.62607, 5.617638], [-75.626259, 5.617561], [-75.626457, 5.617307], [-75.626017, 5.616728], [-75.625649, 5.616138], [-75.625223, 5.615441], [-75.625883, 5.615065], [-75.625773, 5.614886]], [[-75.623272, 5.616748], [-75.623588, 5.616521], [-75.623953, 5.616282], [-75.623819, 5.616135], [-75.623571, 5.61574], [-75.623337, 5.615377], [-75.623163, 5.615041], [-75.623568, 5.614779], [-75.623757, 5.614649], [-75.623448, 5.614209], [-75.623245, 5.613889], [-75.622969, 5.613439], [-75.62279, 5.613604], [-75.622386, 5.61395], [-75.622219, 5.613978], [-75.622211, 5.613744], [-75.621851, 5.613671], [-75.621823, 5.613232], [-75.621792, 5.612874], [-75.621782, 5.61272], [-75.622138, 5.612621]]]}}, {"type": "Feature", "properties": {"cod": "05045", "archivo": "APARTADO.kmz", "metros": 12382, "tramos": 10}, "geometry": {"type": "MultiLineString", "coordinates": [[[-76.629436, 7.884519], [-76.628854, 7.884111], [-76.628334, 7.883799], [-76.627548, 7.883329], [-76.626959, 7.882979], [-76.626551, 7.882734], [-76.626126, 7.88248], [-76.625596, 7.882163], [-76.625139, 7.881891], [-76.624713, 7.881638], [-76.624413, 7.881461], [-76.624196, 7.881331], [-76.623924, 7.881166], [-76.623739, 7.881055], [-76.623421, 7.880865], [-76.623093, 7.880671], [-76.622682, 7.880427], [-76.622407, 7.880239], [-76.622165, 7.880095], [-76.621934, 7.879957], [-76.621686, 7.879808], [-76.62138, 7.879626], [-76.621163, 7.879496], [-76.620844, 7.879282], [-76.620707, 7.879201], [-76.620531, 7.879097], [-76.620273, 7.878942], [-76.619965, 7.87876], [-76.619682, 7.878592], [-76.619644, 7.878569], [-76.619454, 7.878456], [-76.619342, 7.878389], [-76.619105, 7.878248], [-76.618856, 7.878142], [-76.618628, 7.878047], [-76.618472, 7.877974], [-76.618186, 7.877845], [-76.617913, 7.877722], [-76.617595, 7.877592], [-76.617281, 7.877463], [-76.617154, 7.877426], [-76.616936, 7.877352], [-76.616805, 7.877291], [-76.616549, 7.877175], [-76.616275, 7.877046], [-76.616158, 7.876992], [-76.615889, 7.876902], [-76.615651, 7.876793], [-76.615514, 7.876727], [-76.615334, 7.876654], [-76.61497, 7.876521], [-76.614733, 7.876409], [-76.614516, 7.876327], [-76.61433, 7.876264], [-76.614236, 7.876223], [-76.61403, 7.876183], [-76.613927, 7.87617], [-76.6138, 7.876143], [-76.613604, 7.876142], [-76.61336, 7.876091], [-76.613195, 7.87609], [-76.613135, 7.876069], [-76.612963, 7.87608], [-76.61279, 7.876089], [-76.612678, 7.876085], [-76.612541, 7.87608], [-76.61251, 7.876077], [-76.612416, 7.876065], [-76.612279, 7.876024], [-76.612154, 7.876008], [-76.611952, 7.875938], [-76.611854, 7.875924], [-76.611721, 7.875882], [-76.611576, 7.87585], [-76.611473, 7.875812], [-76.611383, 7.8758], [-76.611212, 7.875765], [-76.611032, 7.875723], [-76.610853, 7.875715], [-76.610694, 7.875702], [-76.610573, 7.875732], [-76.610489, 7.875721], [-76.610282, 7.875754], [-76.610209, 7.875768], [-76.610034, 7.875822], [-76.609902, 7.875858], [-76.609798, 7.875897], [-76.609677, 7.875923], [-76.609512, 7.87593], [-76.609375, 7.875941], [-76.609319, 7.875965], [-76.609232, 7.875962], [-76.609101, 7.875976], [-76.609024, 7.875965], [-76.608931, 7.875939], [-76.608828, 7.875957], [-76.608758, 7.87595], [-76.608731, 7.875979]], [[-76.629504, 7.887455], [-76.62937, 7.888051], [-76.629086, 7.889411], [-76.630499, 7.889849], [-76.630655, 7.889447], [-76.63204, 7.89115], [-76.636143, 7.895975]], [[-76.636055, 7.897929], [-76.634843, 7.896733], [-76.63615, 7.89595], [-76.63691, 7.892956], [-76.63663, 7.892669], [-76.636607, 7.892385], [-76.636721, 7.891975], [-76.637263, 7.890009], [-76.633174, 7.888785], [-76.633651, 7.886573], [-76.634907, 7.884528]], [[-76.63301, 7.880873], [-76.631369, 7.880351], [-76.631024, 7.881287], [-76.630874, 7.881783], [-76.631747, 7.882084], [-76.630896, 7.881783], [-76.630757, 7.882325], [-76.62931, 7.881794], [-76.629484, 7.881327], [-76.628676, 7.881109], [-76.628192, 7.88243], [-76.627737, 7.882288], [-76.627307, 7.883031], [-76.627745, 7.883251], [-76.627629, 7.883376], [-76.626849, 7.882957], [-76.626424, 7.883651], [-76.625504, 7.885199]], [[-76.633168, 7.888797], [-76.632135, 7.888527]], [[-76.634986, 7.884523], [-76.634398, 7.884348], [-76.634354, 7.884531], [-76.634606, 7.884575]], [[-76.606965, 7.879385], [-76.607905, 7.879674], [-76.608714, 7.879943], [-76.609489, 7.880038], [-76.61045, 7.880192], [-76.611237, 7.880263], [-76.612125, 7.880311], [-76.612739, 7.880455], [-76.613359, 7.880698], [-76.613913, 7.880894], [-76.614429, 7.881104], [-76.614993, 7.881303], [-76.615695, 7.881466], [-76.616088, 7.881454], [-76.617542, 7.881784], [-76.618508, 7.882105], [-76.619285, 7.88267], [-76.619944, 7.883032], [-76.620714, 7.883221], [-76.621294, 7.883508], [-76.622009, 7.883827], [-76.622807, 7.884178], [-76.623661, 7.884434], [-76.624544, 7.884823], [-76.625394, 7.885072], [-76.625929, 7.885307], [-76.627214, 7.885875], [-76.628586, 7.88613], [-76.62973, 7.88653], [-76.629488, 7.887431]], [[-76.650512, 7.807018], [-76.651102, 7.806935], [-76.651393, 7.805012], [-76.651782, 7.80077], [-76.651901, 7.800633], [-76.653824, 7.800839], [-76.655373, 7.800994], [-76.656017, 7.801081]], [[-76.623277, 7.884358], [-76.622129, 7.883915], [-76.623019, 7.882396]], [[-76.629486, 7.88744], [-76.630319, 7.887663], [-76.630483, 7.887018]]]}}, {"type": "Feature", "properties": {"cod": "05051", "archivo": "ARBOLETES.kmz", "metros": 4213, "tramos": 10}, "geometry": {"type": "MultiLineString", "coordinates": [[[-76.428878, 8.853448], [-76.428849, 8.853333], [-76.428728, 8.853164], [-76.428763, 8.853009], [-76.428563, 8.853046], [-76.42828, 8.853068], [-76.427898, 8.853116], [-76.427652, 8.853153], [-76.427419, 8.853222], [-76.427378, 8.853239]], [[-76.425746, 8.849638], [-76.425651, 8.849663], [-76.42564, 8.849651], [-76.424827, 8.849696], [-76.422443, 8.849814], [-76.42129, 8.849895], [-76.420788, 8.85009], [-76.420399, 8.850464], [-76.419921, 8.851694], [-76.419869, 8.851822], [-76.41997, 8.851846], [-76.419889, 8.852155], [-76.419831, 8.852236]], [[-76.427356, 8.853298], [-76.426996, 8.853299], [-76.426945, 8.852917], [-76.426898, 8.852689], [-76.426863, 8.852537], [-76.426937, 8.852515], [-76.426864, 8.852219], [-76.426799, 8.85196], [-76.426703, 8.851521], [-76.426684, 8.851202], [-76.4266, 8.850959], [-76.426458, 8.850789], [-76.426491, 8.850565], [-76.426461, 8.850282], [-76.42634, 8.849911], [-76.426112, 8.849748], [-76.425854, 8.849671], [-76.425754, 8.849659]], [[-76.427305, 8.853271], [-76.426965, 8.853302], [-76.427161, 8.854681], [-76.42617, 8.855435], [-76.426389, 8.855879]], [[-76.426444, 8.850789], [-76.426506, 8.851054]], [[-76.427337, 8.853285], [-76.426855, 8.853328], [-76.42644, 8.853323], [-76.426369, 8.853187], [-76.426143, 8.853241], [-76.426056, 8.852843], [-76.425069, 8.852998], [-76.424664, 8.852528], [-76.424513, 8.852471], [-76.42386, 8.85269], [-76.423477, 8.852817], [-76.42279, 8.853009], [-76.422434, 8.852056], [-76.421871, 8.851811], [-76.421319, 8.85156], [-76.421249, 8.851526], [-76.420974, 8.851866], [-76.420719, 8.852112], [-76.420602, 8.852142], [-76.420091, 8.851826], [-76.41996, 8.851821], [-76.419833, 8.852331]], [[-76.427527, 8.852519], [-76.427599, 8.852616], [-76.427649, 8.852787], [-76.42769, 8.853013], [-76.427725, 8.853141], [-76.427534, 8.853221], [-76.427351, 8.853275]], [[-76.419802, 8.852266], [-76.42024, 8.851054], [-76.421294, 8.851537], [-76.42153, 8.851557], [-76.421642, 8.851595], [-76.421754, 8.851401], [-76.421784, 8.851354], [-76.421669, 8.851268]], [[-76.425867, 8.849602], [-76.422993, 8.849736], [-76.422651, 8.849296], [-76.42238, 8.848994], [-76.422238, 8.848715], [-76.421943, 8.848955]], [[-76.419801, 8.852262], [-76.419223, 8.853977]]]}}, {"type": "Feature", "properties": {"cod": "05147", "archivo": "CAREPA.kml", "metros": 9075, "tramos": 27}, "geometry": {"type": "MultiLineString", "coordinates": [[[-76.660592, 7.756568], [-76.660482, 7.756939], [-76.659716, 7.756758], [-76.659647, 7.757014], [-76.65943, 7.757893], [-76.658865, 7.757773], [-76.655696, 7.757009]], [[-76.655477, 7.759705], [-76.655685, 7.757108], [-76.655926, 7.7543], [-76.656027, 7.752487]], [[-76.649553, 7.755715], [-76.651204, 7.756081], [-76.650927, 7.758637], [-76.652225, 7.758836], [-76.65319, 7.758888], [-76.653161, 7.759348], [-76.655478, 7.759643]], [[-76.655482, 7.759631], [-76.658847, 7.760389], [-76.659435, 7.757922]], [[-76.659758, 7.756553], [-76.660444, 7.753774], [-76.656039, 7.752463]], [[-76.65599, 7.752403], [-76.65322, 7.751917], [-76.650312, 7.751255], [-76.649982, 7.753048], [-76.650243, 7.753128], [-76.649501, 7.755732]], [[-76.653217, 7.758841], [-76.65223, 7.758766]], [[-76.65328, 7.758882], [-76.653281, 7.758923], [-76.653282, 7.758957], [-76.653276, 7.758999], [-76.653166, 7.759748], [-76.652236, 7.759682], [-76.652225, 7.759431], [-76.652619, 7.759446]], [[-76.653143, 7.758916], [-76.653093, 7.759371]], [[-76.649401, 7.755713], [-76.649724, 7.755787]], [[-76.655545, 7.759445], [-76.655514, 7.759859]], [[-76.658854, 7.7605], [-76.658931, 7.760267]], [[-76.657858, 7.758387], [-76.658669, 7.758632], [-76.658872, 7.757754]], [[-76.659431, 7.757823], [-76.658691, 7.75764], [-76.65883, 7.756752], [-76.658038, 7.756535]], [[-76.660675, 7.756641], [-76.660673, 7.756648], [-76.660659, 7.756671], [-76.660562, 7.75703], [-76.660266, 7.756965], [-76.659766, 7.757059], [-76.659638, 7.757636], [-76.660371, 7.757708]], [[-76.660192, 7.753831], [-76.66056, 7.753686]], [[-76.65567, 7.756981], [-76.655703, 7.755904], [-76.65567, 7.755803]], [[-76.6558, 7.757171], [-76.655687, 7.756981]], [[-76.655682, 7.755827], [-76.655691, 7.755332], [-76.655301, 7.755316], [-76.655286, 7.755585]], [[-76.655732, 7.755888], [-76.655837, 7.754198]], [[-76.65563, 7.755888], [-76.655626, 7.7559], [-76.655607, 7.756142], [-76.655279, 7.756153], [-76.655287, 7.755911]], [[-76.655718, 7.755954], [-76.655667, 7.756184], [-76.654673, 7.756153], [-76.654789, 7.754683]], [[-76.653165, 7.752059], [-76.653214, 7.751717]], [[-76.650289, 7.751413], [-76.650347, 7.751091]], [[-76.650696, 7.753957], [-76.650688, 7.75397], [-76.650526, 7.755035], [-76.650363, 7.75559], [-76.650316, 7.755762], [-76.649608, 7.75562]], [[-76.660438, 7.753862], [-76.660424, 7.75372], [-76.660797, 7.752168], [-76.661714, 7.748206], [-76.662322, 7.745347], [-76.662575, 7.744083], [-76.662701, 7.743661], [-76.662731, 7.743466]], [[-76.659797, 7.757037], [-76.659848, 7.756576], [-76.660022, 7.756027], [-76.66002, 7.756013], [-76.660031, 7.755956], [-76.659773, 7.755873]]]}}, {"type": "Feature", "properties": {"cod": "05172", "archivo": "CHIGORODÓ.kml", "metros": 10747, "tramos": 18}, "geometry": {"type": "MultiLineString", "coordinates": [[[-76.6847, 7.668725], [-76.684248, 7.668695], [-76.68418, 7.669872], [-76.683681, 7.669843]], [[-76.684775, 7.670764], [-76.684357, 7.669945], [-76.683736, 7.669862], [-76.681632, 7.670021], [-76.680388, 7.670099], [-76.680436, 7.671033], [-76.67959, 7.671125], [-76.678971, 7.670667], [-76.677759, 7.669947], [-76.676783, 7.669233], [-76.675975, 7.668656], [-76.673901, 7.668197], [-76.67431, 7.66679], [-76.674594, 7.665931], [-76.674662, 7.665541], [-76.674641, 7.665345], [-76.674733, 7.665124], [-76.675228, 7.66445], [-76.675829, 7.664503], [-76.676717, 7.664492], [-76.678609, 7.664607], [-76.681704, 7.664804], [-76.682649, 7.664854], [-76.686209, 7.665132], [-76.68614, 7.667501], [-76.688743, 7.667726], [-76.690548, 7.667804], [-76.690611, 7.668483], [-76.69049, 7.6704], [-76.686034, 7.670006], [-76.685914, 7.670724], [-76.684792, 7.670639]], [[-76.678654, 7.664602], [-76.678788, 7.662903], [-76.680253, 7.663006]], [[-76.673031, 7.658502], [-76.673058, 7.65855], [-76.673073, 7.658586], [-76.673089, 7.658619], [-76.673129, 7.658763], [-76.673609, 7.65851], [-76.673798, 7.658474], [-76.674334, 7.658519], [-76.675507, 7.658587], [-76.676302, 7.658681], [-76.677089, 7.658724], [-76.677947, 7.658739], [-76.678877, 7.658818]], [[-76.683687, 7.669832], [-76.684204, 7.669867], [-76.68424, 7.669281], [-76.684628, 7.669311], [-76.684598, 7.669668]], [[-76.684798, 7.672784], [-76.684707, 7.672536], [-76.685417, 7.672204], [-76.684745, 7.670712]], [[-76.685396, 7.672204], [-76.685566, 7.672632], [-76.685898, 7.672749], [-76.685812, 7.672928]], [[-76.678632, 7.664586], [-76.678685, 7.662784], [-76.678873, 7.658941]], [[-76.678391, 7.664668], [-76.678368, 7.665344], [-76.678735, 7.666272], [-76.679068, 7.666683], [-76.681578, 7.666825]], [[-76.67524, 7.66451], [-76.675837, 7.664531], [-76.675933, 7.663356]], [[-76.67888, 7.658836], [-76.679685, 7.658977], [-76.679595, 7.660486], [-76.679565, 7.660805], [-76.679962, 7.660824]], [[-76.681476, 7.6701], [-76.681508, 7.670073], [-76.681629, 7.670802], [-76.682378, 7.670654]], [[-76.680472, 7.670946], [-76.680325, 7.670039], [-76.680179, 7.669155], [-76.680022, 7.66877], [-76.678708, 7.667441], [-76.678213, 7.667078]], [[-76.681501, 7.669991], [-76.681496, 7.669958], [-76.68149, 7.669874], [-76.681507, 7.669191], [-76.682343, 7.669426]], [[-76.6847, 7.668725], [-76.684248, 7.668695], [-76.68418, 7.669872], [-76.683681, 7.669843]], [[-76.673031, 7.658502], [-76.673058, 7.65855], [-76.673073, 7.658586], [-76.673089, 7.658619], [-76.673129, 7.658763], [-76.673609, 7.65851], [-76.673798, 7.658474], [-76.674334, 7.658519], [-76.675507, 7.658587], [-76.676302, 7.658681], [-76.677089, 7.658724], [-76.677947, 7.658739], [-76.678877, 7.658818]], [[-76.683687, 7.669832], [-76.684204, 7.669867], [-76.68424, 7.669281], [-76.684628, 7.669311], [-76.684598, 7.669668]], [[-76.67888, 7.658836], [-76.679685, 7.658977], [-76.679595, 7.660486], [-76.679565, 7.660805], [-76.679962, 7.660824]]]}}, {"type": "Feature", "properties": {"cod": "05837", "archivo": "TURBO.kmz", "metros": 10544, "tramos": 13}, "geometry": {"type": "MultiLineString", "coordinates": [[[-76.730369, 8.100904], [-76.728427, 8.095047], [-76.719509, 8.098238], [-76.719041, 8.098275], [-76.718531, 8.098027], [-76.716523, 8.094643]], [[-76.730476, 8.101246], [-76.730295, 8.100805], [-76.728368, 8.101557], [-76.726152, 8.102495], [-76.725328, 8.10281], [-76.725006, 8.101606]], [[-76.726681, 8.087317], [-76.726652, 8.087225], [-76.724228, 8.087482], [-76.721962, 8.087632], [-76.721937, 8.088319], [-76.721861, 8.089799]], [[-76.728405, 8.095064], [-76.728596, 8.095005], [-76.728507, 8.094707], [-76.728364, 8.094392], [-76.728297, 8.094105], [-76.728251, 8.093957], [-76.728168, 8.093655], [-76.726646, 8.094112], [-76.725442, 8.094472], [-76.725214, 8.09379]], [[-76.721739, 8.089857], [-76.721854, 8.088228], [-76.721925, 8.087707], [-76.721825, 8.087227], [-76.721824, 8.086679], [-76.721785, 8.086207], [-76.721387, 8.084761]], [[-76.734434, 8.098866], [-76.737305, 8.09714], [-76.738673, 8.097174], [-76.739544, 8.09692], [-76.740331, 8.096395], [-76.740724, 8.095329]], [[-76.728406, 8.091613], [-76.728429, 8.091613], [-76.730571, 8.09097], [-76.730922, 8.091742], [-76.731093, 8.091709]], [[-76.721336, 8.093599], [-76.721837, 8.089857]], [[-76.730745, 8.101885], [-76.73065, 8.100954]], [[-76.71674, 8.09436], [-76.71736, 8.094305], [-76.718284, 8.094047]], [[-76.714393, 8.093511], [-76.713926, 8.093604]], [[-76.728441, 8.091651], [-76.724865, 8.092636], [-76.72255, 8.093621], [-76.721871, 8.093652], [-76.721703, 8.093697], [-76.720935, 8.093457], [-76.718259, 8.094093]], [[-76.726702, 8.087243], [-76.730494, 8.097177], [-76.731767, 8.100442], [-76.734519, 8.098906], [-76.73042, 8.101044]]]}}], "archivos": 76, "sin_asignar": []}